id,Word,Part of Speech,Level,Topic_raw
500000001,a.m./A.M./am/AM,020000002,021000001,Time and space
500000002,abandon,020000004,021000003,Notions
500000003,abandoned,020000001,021000004,Homes and buildings
500000004,ability,020000003,021000002,Functions
500000005,able,020000001,021000003,People
500000006,abnormal,020000001,021000003,Notions
500000007,abnormally,020000002,021000004,Notions
500000008,aboard,020000002,021000003,Travel
500000009,abolish,020000004,021000004,Notions
500000010,aboriginal,020000001,021000004,Time and space
500000011,aborigine,020000003,021000003,People
500000012,about,020000002,021000001,Time and space
500000013,above,020000001,021000003,Communication
500000014,above,020000002,021000001,Communication
500000015,abroad,020000002,021000002,Travel
500000016,abruptly,020000002,021000004,Communication
500000017,absence,020000003,021000003,Communication
500000018,absent,020000001,021000003,Health
500000019,absentee,020000003,021000004,People
500000020,absolute,020000001,021000003,Functions
500000021,absolutely,020000002,021000003,Functions
500000022,absorb,020000004,021000003,Science and technology
500000023,abstract,020000001,021000003,Culture
500000024,absurd,020000001,021000004,Notions
500000025,abundance,020000003,021000003,Notions
500000026,abundant,020000001,021000003,Notions
500000027,abuse,020000003,021000004,People; Politics and society
500000028,academic,020000001,021000003,People
500000029,academy,020000003,021000003,People
500000030,accent,020000003,021000003,Communication
500000031,accept,020000004,021000002,Functions; Politics and society
500000032,acceptable,020000001,021000002,Functions
500000033,acceptance,020000003,021000003,Functions; Politics and society
500000034,access,020000003,021000003,Health
500000035,access,020000004,021000004,Science and technology
500000036,accessibility,020000003,021000004,Health
500000037,accessible,020000001,021000003,Communication
500000038,accessory,020000003,021000003,Appearance; Leisure; Politics and society
500000039,accident,020000003,021000002,Health; Travel
500000040,accidental,020000001,021000003,Notions
500000041,accidentally,020000002,021000003,Notions
500000042,accommodation,020000003,021000004,Functions; Homes and buildings; Science and technology; Travel
500000043,accompany,020000004,021000003,Travel
500000044,accomplish,020000004,021000003,Notions
500000045,accordingly,020000002,021000004,Functions
500000046,account,020000003,021000002,Communication; Leisure
500000047,account,020000004,021000003,Functions
500000048,accountant,020000003,021000003,People; Work and business
500000049,accumulate,020000004,021000004,Notions
500000050,accuracy,020000003,021000003,Politics and society
500000051,accurate,020000001,021000003,Functions
500000052,accurately,020000002,021000003,Notions
500000053,accusation,020000003,021000004,Politics and society
500000054,accuse,020000004,021000003,Communication
500000055,accustom,020000004,021000003,Notions
500000056,ache,020000003,021000003,Health
500000057,ache,020000004,021000004,Health
500000058,achievable,020000001,021000004,Appearance
500000059,achieve,020000004,021000002,Notions
500000060,achievement,020000003,021000003,Leisure; Notions
500000061,acid,020000003,021000004,Science and technology
500000062,acknowledge,020000004,021000003,Communication
500000063,acknowledgment/acknowledgement,020000003,021000003,Notions
500000064,acquaintance,020000003,021000003,People
500000065,acquire,020000004,021000003,Time and space
500000066,acquisition,020000003,021000004,People
500000067,across,020000002,021000002,Health
500000068,act,020000003,021000002,Culture; Politics and society
500000069,act,020000004,021000003,Culture
500000070,action,020000003,021000001,Culture; Politics and society; Science and technology; Time and space
500000071,active,020000001,021000003,Communication; People
500000072,actively,020000002,021000004,Notions
500000073,activity,020000003,021000001,Leisure
500000074,actor,020000003,021000001,Culture
500000075,actress,020000003,021000003,Culture
500000076,actual,020000001,021000004,Time and space
500000077,actually,020000002,021000002,Communication
500000078,acute,020000001,021000004,Health
500000079,ad,020000003,021000003,Culture
500000080,adapt,020000004,021000003,Culture; Notions
500000081,adaptable,020000001,021000004,Notions
500000082,add,020000004,021000001,Science and technology
500000083,addict,020000003,021000004,Health; People; Politics and society
500000084,addicted,020000001,021000004,Health; People; Politics and society
500000085,addiction,020000003,021000004,Health; Politics and society
500000086,addition,020000003,021000002,Science and technology
500000087,additional,020000001,021000002,Time and space
500000088,additionally,020000002,021000004,Time and space
500000089,address,020000003,021000001,Communication
500000090,address,020000004,021000003,Communication
500000091,addressee,020000003,021000003,Communication
500000092,adequate,020000001,021000004,Functions
500000093,adequately,020000002,021000004,Functions
500000094,adjective,020000003,021000002,Communication
500000095,adjust,020000004,021000002,Work and business
500000096,adjustment,020000003,021000004,Appearance
500000097,administration,020000003,021000003,Health
500000098,administrative,020000001,021000004,Work and business
500000099,admirable,020000001,021000004,Notions
500000100,admiration,020000003,021000003,Functions
500000101,admire,020000004,021000002,Appearance
500000102,admiringly,020000002,021000004,Notions
500000103,admission,020000003,021000003,Health; People
500000104,admit,020000004,021000002,Health; People
500000105,admittedly,020000002,021000004,Notions
500000106,adopt,020000004,021000003,People; Politics and society
500000107,adopted,020000001,021000004,Notions
500000108,adoption,020000003,021000004,Functions; People; Politics and society
500000109,adorable,020000001,021000003,Notions
500000110,adore,020000004,021000004,Functions; People
500000111,adorn,020000004,021000004,Appearance
500000112,adult,020000001,021000002,People
500000113,adult,020000003,021000002,People
500000114,advance,020000003,021000004,Notions; Politics and society
500000115,advance,020000004,021000003,Functions; Notions
500000116,advanced,020000001,021000002,Communication
500000117,advancement,020000003,021000004,Notions; Science and technology
500000118,advantage,020000003,021000002,Notions; Sport
500000119,advent,020000003,021000004,Politics and society
500000120,adventure,020000003,021000002,Notions; Travel
500000121,adventurous,020000001,021000004,Notions
500000122,adverb,020000003,021000003,Communication
500000123,adverbial,020000001,021000003,Communication
500000124,adverse,020000001,021000004,Functions
500000125,adversely,020000002,021000004,Functions
500000126,adversity,020000003,021000004,Notions
500000127,advert,020000003,021000003,Culture
500000128,advertise,020000004,021000003,Culture
500000129,advertisement,020000003,021000002,Culture
500000130,advertising,020000003,021000002,Culture
500000131,advice,020000003,021000002,Functions
500000132,advise,020000004,021000002,Functions
500000133,adviser/advisor,020000003,021000003,Functions
500000134,aerobics,020000003,021000003,Health; Sport
500000135,affair,020000003,021000002,People; Politics and society
500000136,affect,020000004,021000003,Health
500000137,affection,020000003,021000003,People
500000138,affectionate,020000001,021000004,People
500000139,affectionately,020000002,021000004,Notions
500000140,afford,020000004,021000003,Leisure
500000141,affordable,020000001,021000004,Work and business
500000142,afraid,020000001,021000001,Notions; People
500000143,after,020000002,021000002,Time and space
500000144,afternoon,020000003,021000001,Time and space
500000145,afterward/afterwards,020000002,021000003,Time and space
500000146,again,020000002,021000001,Functions
500000147,age,020000003,021000001,Time and space
500000148,aged,020000001,021000002,People
500000149,ageless,020000001,021000004,People
500000150,agency,020000003,021000002,Politics and society
500000151,agenda,020000003,021000003,Work and business
500000152,agent,020000003,021000002,Culture
500000153,aggressive,020000001,021000003,Health; Notions; People
500000154,aggressively,020000002,021000004,Notions
500000155,ago,020000002,021000001,Time and space
500000156,agonize/agonise,020000004,021000004,Appearance
500000157,agony,020000003,021000004,Health
500000158,agree,020000004,021000001,Communication; Functions
500000159,agreement,020000003,021000003,Communication; Functions; Politics and society
500000160,agricultural,020000001,021000003,The natural world
500000161,agriculture,020000003,021000003,The natural world
500000162,ahead,020000002,021000002,Time and space
500000163,aid,020000003,021000003,Politics and society; The natural world
500000164,aid,020000004,021000003,Politics and society; The natural world
500000165,aim,020000003,021000003,Notions
500000166,aim,020000004,021000004,Notions
500000167,air,020000003,021000002,Culture; The natural world
500000168,air conditioning,020000003,021000003,Homes and buildings; Travel
500000169,air force,020000003,021000003,Politics and society
500000170,aircraft,020000003,021000004,Travel
500000171,aircrew,020000003,021000004,Politics and society; Travel
500000172,airline,020000003,021000003,Travel
500000173,airplane/aeroplane,020000003,021000001,Travel
500000174,airport,020000003,021000001,Travel
500000175,aisle,020000003,021000002,Culture; Homes and buildings; Leisure; Travel
500000176,alarm,020000003,021000002,Homes and buildings; Notions; People
500000177,alarm,020000004,021000003,People
500000178,alarm clock,020000003,021000002,Homes and buildings
500000179,album,020000003,021000001,Culture
500000180,alcohol,020000003,021000003,Food and drink; Politics and society; Science and technology
500000181,alcoholic,020000001,021000003,Food and drink; Health; Politics and society
500000182,alcoholic,020000003,021000004,Health; Politics and society
500000183,alcoholism,020000003,021000004,Health; Politics and society
500000184,alert,020000004,021000004,Notions; Politics and society
500000185,alike,020000001,021000003,People
500000186,alike,020000002,021000003,People
500000187,alive,020000001,021000002,Health
500000188,all,020000002,021000002,Time and space
500000189,all right,020000001,021000001,Functions
500000190,all right,020000002,021000001,Functions
500000191,allegation,020000003,021000004,Politics and society
500000192,allergic,020000001,021000003,Functions; Health
500000193,alliance,020000003,021000004,Functions; Politics and society
500000194,allow,020000004,021000002,Functions
500000195,allowance,020000003,021000003,Functions
500000196,ally,020000003,021000004,People; Politics and society
500000197,almost,020000002,021000001,Notions
500000198,alone,020000001,021000002,People
500000199,alone,020000002,021000001,People
500000200,along,020000002,021000001,Appearance
500000201,aloud,020000002,021000003,Communication
500000202,alphabet,020000003,021000003,Communication
500000203,alphabetical,020000001,021000004,Time and space
500000204,already,020000002,021000001,Communication
500000205,alright,020000001,021000002,Functions
500000206,alright,020000002,021000002,Functions
500000207,also,020000002,021000001,Notions
500000208,altar,020000003,021000004,Politics and society
500000209,alter,020000004,021000004,Notions
500000210,alternate,020000004,021000004,Time and space
500000211,alternative,020000001,021000003,Functions
500000212,alternative,020000003,021000003,Functions
500000213,alternatively,020000002,021000004,Functions
500000214,altitude,020000003,021000004,The natural world
500000215,altogether,020000002,021000003,Time and space
500000216,aluminum/aluminium,020000003,021000004,Science and technology
500000217,always,020000002,021000001,Functions
500000218,amaze,020000004,021000004,People
500000219,amazed,020000001,021000003,People
500000220,amazement,020000003,021000004,People
500000221,amazing,020000001,021000003,Notions
500000222,amazingly,020000002,021000004,Notions
500000223,ambassador,020000003,021000004,Politics and society
500000224,ambiguity,020000003,021000004,Communication
500000225,ambiguous,020000001,021000004,Functions
500000226,ambition,020000003,021000002,Notions
500000227,ambitious,020000001,021000003,Notions; People
500000228,ambulance,020000003,021000003,Health; Travel
500000229,ammonia,020000003,021000004,Science and technology
500000230,amount,020000003,021000003,Work and business
500000231,ample,020000001,021000004,Notions
500000232,amplifier,020000003,021000004,Culture; Science and technology
500000233,amplify,020000004,021000004,Culture
500000234,amuse,020000004,021000004,Time and space
500000235,amused,020000001,021000002,Notions
500000236,amusement,020000003,021000002,People
500000237,amusing,020000001,021000003,Notions
500000238,analogy,020000003,021000004,Communication
500000239,analysis,020000003,021000003,Science and technology
500000240,analyst,020000003,021000004,People
500000241,analyze/analyse,020000004,021000003,Science and technology
500000242,ancestor,020000003,021000002,People; Time and space
500000243,anchor,020000003,021000004,Culture; Travel
500000244,anchorage,020000003,021000004,Travel
500000245,anchorman,020000003,021000004,Culture
500000246,anchorperson,020000003,021000004,Leisure
500000247,ancient,020000001,021000002,Homes and buildings; Time and space
500000248,angel,020000003,021000002,People; Politics and society
500000249,anger,020000003,021000003,People
500000250,angle,020000003,021000003,Appearance; Science and technology
500000251,angrily,020000002,021000002,People
500000252,angry,020000001,021000001,People
500000253,anguish,020000003,021000004,Health
500000254,animal,020000003,021000001,Animals
500000255,animate,020000004,021000004,Culture
500000256,animated,020000001,021000003,Culture; People
500000257,animation,020000003,021000003,Culture; Science and technology
500000258,ankle,020000003,021000002,Appearance
500000259,anniversary,020000003,021000002,People; Politics and society
500000260,announce,020000004,021000003,Culture
500000261,announcement,020000003,021000003,Politics and society
500000262,annoy,020000004,021000002,People
500000263,annoyance,020000003,021000003,People
500000264,annoyed,020000001,021000003,People
500000265,annoying,020000001,021000002,People
500000266,annual,020000001,021000003,Time and space
500000267,annually,020000002,021000003,Time and space
500000268,anonymous,020000001,021000004,Communication
500000269,answer,020000003,021000001,People
500000270,answer,020000004,021000001,People
500000271,ant,020000003,021000003,Animals
500000272,anti,020000001,021000003,Notions
500000273,antiaircraft,020000001,021000004,Notions
500000274,antibacterial,020000001,021000004,Notions
500000275,anticancer,020000003,021000004,Health; Travel
500000276,anticipate,020000004,021000004,Time and space
500000277,anticipation,020000003,021000004,Functions
500000278,antipollution,020000003,021000004,Politics and society
500000279,antique,020000001,021000004,Leisure
500000280,antique,020000003,021000003,Leisure
500000281,antistatic,020000001,021000004,Notions
500000282,antivirus,020000003,021000004,Health; Travel
500000283,antonym,020000003,021000003,People
500000284,anxiety,020000003,021000003,Health; People
500000285,anxious,020000001,021000002,People
500000286,anxiously,020000002,021000003,Notions
500000287,anyhow,020000002,021000003,Time and space
500000288,anymore,020000002,021000002,Notions
500000289,anyway,020000002,021000002,Functions
500000290,anywhere,020000002,021000002,Time and space
500000291,apart,020000002,021000002,Communication
500000292,apartment,020000003,021000002,Homes and buildings; Travel
500000293,ape,020000003,021000003,Animals
500000294,apologize/apologise,020000004,021000002,Communication
500000295,apology,020000003,021000003,Work and business
500000296,apostrophe,020000003,021000004,Communication
500000297,apparent,020000001,021000003,Functions
500000298,apparently,020000002,021000002,Communication
500000299,appeal,020000003,021000003,Functions; Politics and society
500000300,appeal,020000004,021000004,Functions; Politics and society
500000301,appear,020000004,021000002,Culture
500000302,appearance,020000003,021000002,Appearance
500000303,appetite,020000003,021000003,Food and drink
500000304,applaud,020000004,021000003,Notions
500000305,applause,020000003,021000003,Politics and society
500000306,apple,020000003,021000001,Food and drink
500000307,applicant,020000003,021000004,People
500000308,application,020000003,021000003,Functions; People; Science and technology
500000309,apply,020000004,021000002,Work and business
500000310,appoint,020000004,021000003,Work and business
500000311,appointment,020000003,021000002,Health
500000312,appreciate,020000004,021000002,Notions
500000313,appreciation,020000003,021000003,Notions
500000314,appreciative,020000001,021000004,Notions
500000315,approach,020000003,021000003,Travel
500000316,approach,020000004,021000004,Travel
500000317,appropriate,020000001,021000002,Notions
500000318,appropriately,020000002,021000004,Notions
500000319,approval,020000003,021000003,Functions; People
500000320,approve,020000004,021000003,Functions
500000321,approximate,020000001,021000004,Notions
500000322,approximately,020000002,021000003,Notions
500000323,April,020000003,021000001,Time and space
500000324,apron,020000003,021000001,Appearance; Travel
500000325,arch,020000003,021000004,Appearance; Homes and buildings
500000326,archaeologist/archeologist,020000003,021000004,Time and space
500000327,architect,020000003,021000003,Science and technology
500000328,architecture,020000003,021000002,Homes and buildings; Science and technology
500000329,arctic,020000001,021000004,The natural world
500000330,area,020000003,021000002,Science and technology; Sport; The natural world
500000331,arena,020000003,021000004,Politics and society; Sport
500000332,argue,020000004,021000002,Functions; People
500000333,argument,020000003,021000002,Communication; Functions; People
500000334,arise,020000004,021000003,Notions; Politics and society
500000335,aristocracy,020000003,021000004,Politics and society; Time and space
500000336,arithmetic,020000003,021000003,People; Science and technology
500000337,arm,020000003,021000001,Appearance; Science and technology
500000338,arm,020000004,021000003,Politics and society
500000339,armchair,020000003,021000002,Homes and buildings
500000340,armed,020000001,021000002,Politics and society
500000341,armful,020000003,021000004,Communication
500000342,army,020000003,021000003,Politics and society
500000343,around,020000002,021000002,Politics and society
500000344,arouse,020000004,021000004,Notions
500000345,arrange,020000004,021000003,Communication
500000346,arrangement,020000003,021000003,Culture; Functions
500000347,arrest,020000003,021000003,Politics and society
500000348,arrest,020000004,021000003,Politics and society
500000349,arrival,020000003,021000003,Travel
500000350,arrive,020000004,021000001,Travel
500000351,arrogant,020000001,021000004,People
500000352,arrow,020000003,021000003,Politics and society; Sport; Time and space
500000353,art,020000003,021000001,Culture; Leisure; People
500000354,artery,020000003,021000004,Appearance; Travel
500000355,article,020000003,021000001,Communication; Culture; Leisure; Politics and society
500000356,articulate,020000004,021000004,Communication
500000357,artificial,020000001,021000002,Politics and society
500000358,artificially,020000002,021000004,Politics and society
500000359,artist,020000003,021000003,Culture
500000360,artistic,020000001,021000003,Culture; People
500000361,artistry,020000003,021000004,Culture; Leisure
500000362,ash,020000003,021000004,People; The natural world
500000363,ashamed,020000001,021000003,People
500000364,aside,020000002,021000003,Communication
500000365,ask,020000004,021000001,Work and business
500000366,asleep,020000001,021000002,Health
500000367,aspect,020000003,021000003,Homes and buildings
500000368,aspiration,020000003,021000004,Notions
500000369,aspire,020000004,021000004,Notions
500000370,aspirin,020000003,021000003,Health
500000371,assault,020000003,021000004,Notions; Politics and society
500000372,assemble,020000004,021000004,Homes and buildings
500000373,assembly,020000003,021000004,People; Politics and society
500000374,assert,020000004,021000004,Functions
500000375,assess,020000004,021000004,Functions; People
500000376,assessment,020000003,021000004,Functions; People
500000377,assign,020000004,021000003,Politics and society
500000378,assignment,020000003,021000003,People
500000379,assist,020000004,021000003,Politics and society
500000380,assistance,020000003,021000003,Politics and society
500000381,assistant,020000001,021000002,Leisure; People
500000382,assistant,020000003,021000003,Leisure; People
500000383,associate,020000004,021000003,Functions
500000384,association,020000003,021000002,People; Travel
500000385,assume,020000004,021000003,Science and technology
500000386,assumption,020000003,021000004,Science and technology
500000387,assurance,020000003,021000004,Work and business
500000388,assure,020000004,021000004,Functions
500000389,astonish,020000004,021000004,People
500000390,astonished,020000001,021000004,People
500000391,astonishing,020000001,021000004,Notions
500000392,astonishment,020000003,021000004,People
500000393,astronaut,020000003,021000002,Time and space
500000394,astronomer,020000003,021000003,Time and space
500000395,astronomy,020000003,021000004,Time and space
500000396,athlete,020000003,021000002,Health; Sport
500000397,athletic,020000001,021000003,Health; Sport
500000398,athletics,020000003,021000004,Sport
500000399,Atlantic,020000001,021000003,Notions
500000400,atmosphere,020000003,021000003,The natural world; Time and space
500000401,atom,020000003,021000002,Science and technology
500000402,atomic,020000001,021000003,Science and technology
500000403,attach,020000004,021000003,Communication
500000404,attached,020000001,021000004,Time and space
500000405,attachment,020000003,021000003,Communication
500000406,attack,020000003,021000002,Health; Politics and society
500000407,attack,020000004,021000002,Politics and society; Sport
500000408,attain,020000004,021000003,Notions
500000409,attainable,020000001,021000004,Notions
500000410,attainment,020000003,021000004,Notions
500000411,attempt,020000003,021000002,Notions
500000412,attempt,020000004,021000003,Notions
500000413,attend,020000004,021000003,People
500000414,attendance,020000003,021000004,People
500000415,attention,020000003,021000002,Health
500000416,attentive,020000001,021000004,People
500000417,attentively,020000002,021000004,Politics and society
500000418,attitude,020000003,021000002,Functions; People
500000419,attract,020000004,021000003,Communication
500000420,attraction,020000003,021000003,People
500000421,attractive,020000001,021000002,Appearance
500000422,attractiveness,020000003,021000004,Appearance
500000423,attribute,020000003,021000004,Communication
500000424,attribute,020000004,021000004,Communication
500000425,atypical,020000001,021000004,Notions
500000426,aubergine,020000003,021000004,Food and drink
500000427,audience,020000003,021000002,Culture
500000428,audio,020000001,021000002,Communication
500000429,audit,020000003,021000004,People; Work and business
500000430,audition,020000003,021000004,Culture
500000431,August,020000003,021000001,Time and space
500000432,aunt,020000003,021000001,People
500000433,author,020000003,021000002,Culture
500000434,authoritative,020000001,021000004,Politics and society
500000435,authority,020000003,021000003,Politics and society
500000436,authorize/authorise,020000004,021000004,Notions
500000437,automatic,020000001,021000002,Work and business
500000438,automatically,020000002,021000002,Functions
500000439,autumn,020000003,021000001,Time and space
500000440,auxiliary,020000001,021000003,Notions
500000441,availability,020000003,021000004,Work and business
500000442,available,020000001,021000003,Work and business
500000443,avenue,020000003,021000003,Functions; Homes and buildings; Travel
500000444,average,020000001,021000002,Science and technology
500000445,average,020000003,021000002,Science and technology
500000446,avoid,020000004,021000002,Time and space
500000447,await,020000004,021000004,Notions
500000448,awake,020000001,021000001,Time and space
500000449,award,020000003,021000002,Functions; People
500000450,award,020000004,021000003,Functions
500000451,aware,020000001,021000003,Notions
500000452,awareness,020000003,021000003,Time and space
500000453,away,020000002,021000001,Sport
500000454,awe,020000003,021000004,Notions
500000455,awesome,020000001,021000003,Leisure
500000456,awful,020000001,021000002,The natural world
500000457,awkward,020000001,021000003,Appearance; People
500000458,ax/axe,020000003,021000004,Homes and buildings
500000459,axis,020000003,021000004,Appearance; Politics and society; Science and technology; Time and space
500000460,baby,020000003,021000001,People
500000461,babysit,020000004,021000003,People
500000462,babysitter,020000003,021000003,People
500000463,back,020000001,021000002,Appearance; Sport
500000464,back,020000002,021000001,Appearance; Sport
500000465,back,020000003,021000001,Appearance
500000466,back,020000004,021000003,Sport
500000467,backache,020000003,021000003,Health
500000468,background,020000003,021000002,Culture; People; Politics and society
500000469,backpack,020000003,021000003,Travel
500000470,backpacker,020000003,021000003,Leisure; Travel
500000471,backpacking,020000003,021000003,Leisure; Travel
500000472,backup,020000003,021000004,Politics and society; Science and technology
500000473,backward/backwards,020000002,021000004,Culture
500000474,backyard,020000003,021000004,Homes and buildings
500000475,bacon,020000003,021000003,Food and drink
500000476,bad,020000001,021000001,Health; People; The natural world
500000477,badge,020000003,021000004,Appearance
500000478,badly,020000002,021000002,Functions; Notions
500000479,badminton,020000003,021000002,Sport
500000480,bad-tempered,020000001,021000004,People
500000481,bag,020000003,021000001,Appearance; Leisure
500000482,baggage,020000003,021000003,Travel
500000483,bake,020000004,021000002,Food and drink
500000484,baker,020000003,021000003,Leisure
500000485,bakery,020000003,021000003,Leisure
500000486,balance,020000003,021000003,Health
500000487,balance,020000004,021000004,Health
500000488,balanced,020000001,021000004,Food and drink
500000489,balcony,020000003,021000002,Culture; Homes and buildings
500000490,bald,020000001,021000003,Appearance
500000491,balky,020000001,021000004,Notions
500000492,ball,020000003,021000001,Appearance; Leisure; Sport
500000493,ballad,020000003,021000004,Culture
500000494,ballet,020000003,021000004,Culture
500000495,balloon,020000003,021000002,Leisure; Travel
500000496,ballot,020000003,021000004,Politics and society
500000497,ban,020000003,021000004,Functions
500000498,ban,020000004,021000004,Functions
500000499,banana,020000003,021000001,Food and drink
500000500,band,020000003,021000001,Culture; People
500000501,bandage,020000003,021000003,Health
500000502,bang,020000003,021000003,Appearance
500000503,bang,020000004,021000003,Health
500000504,bank,020000003,021000001,The natural world; Travel
500000505,bank,020000004,021000002,The natural world; Travel
500000506,bank account,020000003,021000003,Travel
500000507,banker,020000003,021000004,People; Work and business
500000508,banking,020000003,021000002,Travel; Work and business
500000509,bankrupt,020000004,021000004,Work and business
500000510,bankruptcy,020000003,021000004,Politics and society
500000511,bar,020000003,021000001,Culture; Food and drink; Politics and society
500000512,bar,020000004,021000003,Culture; Food and drink; Politics and society
500000513,barbecue,020000003,021000002,Food and drink; Homes and buildings
500000514,barbecue,020000004,021000003,Food and drink
500000515,barber,020000003,021000002,Appearance; Leisure
500000516,barbershop,020000003,021000004,Homes and buildings; Travel
500000517,bare,020000001,021000003,Work and business
500000518,bare,020000004,021000004,Work and business
500000519,barely,020000002,021000003,Notions
500000520,bargain,020000003,021000002,Functions; Leisure
500000521,bargain,020000004,021000004,Functions; Leisure
500000522,bark,020000003,021000003,Animals; The natural world
500000523,bark,020000004,021000004,Animals
500000524,barley,020000003,021000004,Food and drink; The natural world
500000525,barman,020000003,021000003,People; Work and business
500000526,barn,020000003,021000004,Homes and buildings; The natural world
500000527,barometer,020000003,021000004,The natural world
500000528,barrel,020000003,021000003,Leisure
500000529,barren,020000001,021000004,Notions; The natural world
500000530,barrier,020000003,021000004,Politics and society
500000531,bartender,020000003,021000004,People; Work and business
500000532,base,020000003,021000002,Politics and society; Sport
500000533,base,020000004,021000003,Politics and society; Sport
500000534,baseball,020000003,021000001,Sport
500000535,basement,020000003,021000003,Homes and buildings
500000536,basic,020000001,021000002,Politics and society
500000537,basically,020000002,021000002,Functions
500000538,basin,020000003,021000003,The natural world
500000539,basis,020000003,021000003,People
500000540,basket,020000003,021000002,Leisure; Sport
500000541,basketball,020000003,021000001,Sport
500000542,bat,020000003,021000001,Animals; Sport
500000543,bat,020000004,021000003,Animals; Sport
500000544,batch,020000003,021000002,Science and technology
500000545,bath,020000003,021000001,Homes and buildings; Time and space
500000546,bathe,020000004,021000003,Health
500000547,bathhouse,020000003,021000004,Homes and buildings; Travel
500000548,bathroom,020000003,021000001,Homes and buildings
500000549,battery,020000003,021000002,Communication; Politics and society; Science and technology; The natural world; Travel
500000550,battle,020000003,021000003,Functions; Notions; Politics and society; Time and space
500000551,battlefield,020000003,021000004,Time and space
500000552,bay,020000003,021000002,Food and drink; The natural world
500000553,beach,020000003,021000001,The natural world; Travel
500000554,beagle,020000003,021000004,Animals
500000555,beak,020000003,021000004,Animals
500000556,beam,020000003,021000004,Appearance; Homes and buildings
500000557,bean,020000003,021000001,Food and drink; The natural world
500000558,bear,020000003,021000001,Animals
500000559,bear,020000004,021000002,Animals
500000560,beard,020000003,021000003,Appearance
500000561,bearing,020000003,021000004,Science and technology
500000562,beast,020000003,021000003,Animals
500000563,beat,020000003,021000004,Culture; Politics and society
500000564,beat,020000004,021000003,Food and drink
500000565,beautiful,020000001,021000001,Appearance
500000566,beautifully,020000002,021000003,Appearance
500000567,beautify,020000004,021000004,Appearance
500000568,beauty,020000003,021000002,Appearance
500000569,beaver,020000003,021000003,Animals
500000570,become,020000004,021000001,Appearance
500000571,bed,020000003,021000001,Homes and buildings; The natural world
500000572,bedroom,020000003,021000001,Homes and buildings
500000573,bedside,020000003,021000003,Homes and buildings
500000574,bee,020000003,021000001,Animals
500000575,beef,020000003,021000001,Food and drink
500000576,beer,020000003,021000002,Food and drink
500000577,before,020000002,021000001,Time and space
500000578,beg,020000004,021000002,Politics and society
500000579,begin,020000004,021000001,Politics and society
500000580,beginner,020000003,021000002,Communication
500000581,beginning,020000003,021000002,Culture
500000582,behalf,020000003,021000003,Time and space
500000583,behave,020000004,021000003,Politics and society
500000584,behavior/behaviour,020000003,021000002,Animals; Science and technology
500000585,behind,020000002,021000001,Communication
500000586,being,020000003,021000002,Science and technology
500000587,belief,020000003,021000003,Functions; Politics and society
500000588,believe,020000004,021000001,Functions; Politics and society
500000589,bell,020000003,021000001,People
500000590,bellow,020000004,021000004,Animals
500000591,belly,020000003,021000002,Appearance
500000592,belong,020000004,021000002,People
500000593,belongings,020000003,021000004,Functions
500000594,beloved,020000001,021000003,Notions
500000595,below,020000002,021000001,Time and space
500000596,belt,020000003,021000002,Appearance; Science and technology; The natural world
500000597,bench,020000003,021000002,Homes and buildings; Politics and society; Sport
500000598,bend,020000003,021000004,Health; Sport; The natural world; Travel
500000599,bend,020000004,021000002,Science and technology
500000600,beneficial,020000001,021000004,Notions
500000601,benefit,020000003,021000003,Culture; Politics and society
500000602,benefit,020000004,021000004,Culture; Politics and society
500000603,benevolence,020000003,021000004,Notions
500000604,benevolent,020000001,021000004,People
500000605,bent,020000001,021000003,Appearance
500000606,berry,020000003,021000004,Food and drink
500000607,besides,020000002,021000002,Notions
500000608,best,020000001,021000001,Notions
500000609,best,020000002,021000001,Notions
500000610,bestow,020000004,021000004,Notions
500000611,bestseller,020000003,021000004,Culture
500000612,bet,020000004,021000003,Functions
500000613,betray,020000004,021000004,Communication
500000614,better,020000001,021000001,Health
500000615,better,020000002,021000002,Functions
500000616,bewilder,020000004,021000004,Notions
500000617,bewilderment,020000003,021000004,Notions
500000618,bicycle,020000003,021000001,Sport; Travel
500000619,bid,020000004,021000004,Culture; Leisure; Notions
500000620,bidding,020000003,021000004,Work and business
500000621,big,020000001,021000001,Notions
500000622,bike,020000003,021000001,Sport; Travel
500000623,bikini,020000003,021000004,Appearance
500000624,bilingual,020000001,021000003,Communication
500000625,bill,020000003,021000002,Animals; Culture; Food and drink; Leisure; Politics and society
500000626,bill,020000004,021000003,Animals; Culture; Food and drink; Leisure; Politics and society
500000627,billion,020000003,021000004,Notions
500000628,bin,020000003,021000003,Homes and buildings
500000629,bind,020000004,021000004,Work and business
500000630,bio,020000003,021000004,People
500000631,biochemistry,020000003,021000003,Science and technology
500000632,biography,020000003,021000003,Culture
500000633,biological,020000001,021000004,Science and technology
500000634,biology,020000003,021000003,People; Science and technology
500000635,biotechnology,020000003,021000004,People; Work and business
500000636,bird,020000003,021000001,Animals
500000637,birdcage,020000003,021000004,Homes and buildings
500000638,birth,020000003,021000001,People
500000639,birthday,020000003,021000001,Politics and society
500000640,birthplace,020000003,021000004,Homes and buildings
500000641,biscuit,020000003,021000001,Food and drink
500000642,bishop,020000003,021000003,Leisure; Politics and society
500000643,bit,020000003,021000002,Science and technology
500000644,bite,020000003,021000002,Health
500000645,bite,020000004,021000003,Health
500000646,bitter,020000001,021000003,Food and drink; People
500000647,bitterly,020000002,021000004,Notions
500000648,bizarre,020000001,021000004,Notions
500000649,black,020000001,021000001,Appearance; Politics and society
500000650,black,020000003,021000001,Appearance; Politics and society
500000651,blackboard,020000003,021000002,People
500000652,blade,020000003,021000004,Science and technology; The natural world; Travel
500000653,blame,020000003,021000003,Communication
500000654,blame,020000004,021000002,Communication
500000655,blank,020000001,021000001,Notions
500000656,blanket,020000003,021000002,The natural world
500000657,blast,020000003,021000004,Politics and society
500000658,blast,020000004,021000004,Politics and society
500000659,blaze,020000003,021000004,Culture
500000660,blaze,020000004,021000004,Culture
500000661,bleed,020000004,021000003,Health
500000662,blend,020000003,021000004,Food and drink
500000663,blend,020000004,021000003,Food and drink
500000664,bless,020000004,021000003,Politics and society
500000665,blessing,020000003,021000003,Politics and society
500000666,blind,020000001,021000003,Health; Travel
500000667,blindly,020000002,021000004,Functions
500000668,blindness,020000003,021000004,Health
500000669,blink,020000004,021000004,Notions
500000670,block,020000003,021000001,Homes and buildings; Science and technology; Travel
500000671,block,020000004,021000003,Travel
500000672,blog,020000003,021000003,Communication
500000673,blogger,020000003,021000003,Communication; Culture
500000674,blonde,020000001,021000002,Appearance
500000675,blood,020000003,021000002,Appearance; People
500000676,bloodstream,020000003,021000004,Appearance
500000677,bloody,020000001,021000004,Communication
500000678,bloody,020000002,021000004,Communication
500000679,bloom,020000003,021000002,Health; The natural world
500000680,blooming,020000001,021000004,Communication
500000681,blossom,020000003,021000004,The natural world
500000682,blow,020000003,021000002,Science and technology; The natural world
500000683,blow,020000004,021000001,Science and technology; The natural world
500000684,blue,020000001,021000001,Appearance; People
500000685,blue,020000003,021000001,Appearance
500000686,blur,020000004,021000004,Appearance
500000687,blurt,020000003,021000004,Communication
500000688,blush,020000003,021000003,Appearance
500000689,blush,020000004,021000004,Appearance; People
500000690,board,020000003,021000001,Homes and buildings; Leisure; People; Travel
500000691,board,020000004,021000003,Travel
500000692,board game,020000003,021000002,Leisure
500000693,boast,020000004,021000003,Notions; People
500000694,boat,020000003,021000001,Sport; Travel
500000695,body,020000003,021000001,Appearance; Politics and society; Travel
500000696,boil,020000004,021000002,Food and drink; People
500000697,boiled,020000001,021000002,Notions
500000698,boiling,020000001,021000004,The natural world
500000699,bold,020000001,021000003,People
500000700,bold,020000003,021000004,People
500000701,boldly,020000002,021000003,Communication
500000702,bolt,020000003,021000004,Science and technology; The natural world
500000703,bolt,020000004,021000004,Science and technology
500000704,bomb,020000003,021000003,Notions; Politics and society; Sport
500000705,bomb,020000004,021000003,Notions; Politics and society
500000706,bombard,020000003,021000004,People
500000707,bomber,020000003,021000004,Politics and society; Travel
500000708,bombing,020000003,021000004,Politics and society
500000709,bond,020000003,021000003,Homes and buildings; People; Politics and society; Science and technology
500000710,bone,020000003,021000001,Appearance
500000711,bonus,020000003,021000002,Work and business
500000712,bony,020000001,021000004,Appearance
500000713,book,020000003,021000001,Culture; Leisure; People
500000714,book,020000004,021000003,Food and drink; Sport; Travel
500000715,bookcase,020000003,021000002,Homes and buildings
500000716,booking,020000003,021000003,Culture; Sport; Travel
500000717,bookish,020000001,021000004,Notions
500000718,booklet,020000003,021000004,Communication
500000719,bookmark,020000003,021000004,Communication
500000720,bookmark,020000004,021000004,Communication
500000721,bookshelf,020000003,021000002,Homes and buildings
500000722,bookshop,020000003,021000002,Leisure
500000723,bookstore,020000003,021000001,Travel
500000724,boom,020000003,021000003,Notions; Travel
500000725,boost,020000003,021000004,Notions
500000726,boost,020000004,021000004,Notions
500000727,boot,020000003,021000003,Appearance
500000728,booth,020000003,021000004,Food and drink; Homes and buildings
500000729,border,020000003,021000003,Homes and buildings; Politics and society
500000730,bore,020000004,021000003,People
500000731,bored,020000001,021000002,People
500000732,boredom,020000003,021000003,People
500000733,boring,020000001,021000001,Notions
500000734,borrow,020000004,021000001,Homes and buildings
500000735,boss,020000003,021000002,Politics and society
500000736,bossy,020000001,021000004,Politics and society
500000737,botany,020000003,021000004,Science and technology
500000738,both,020000002,021000001,Communication
500000739,bother,020000003,021000003,Notions
500000740,bother,020000004,021000002,Notions
500000741,bothered,020000001,021000004,Notions
500000742,bothersome,020000001,021000004,Notions
500000743,bottle,020000003,021000001,Food and drink; People
500000744,bottle,020000004,021000004,Food and drink; People
500000745,bottom,020000003,021000001,Appearance; The natural world; Travel
500000746,bounce,020000003,021000004,Appearance
500000747,bounce,020000004,021000003,Communication; People
500000748,bound,020000001,021000003,Functions
500000749,bourbon,020000003,021000004,Food and drink
500000750,bow,020000003,021000003,Appearance; Culture; Politics and society; Sport; Time and space; Travel
500000751,bow,020000004,021000004,Appearance; Culture; Politics and society; Sport; Time and space; Travel
500000752,bowl,020000003,021000001,Food and drink; Leisure; Sport
500000753,bowl,020000004,021000003,Food and drink; Leisure; Sport
500000754,box,020000003,021000001,Culture; Sport
500000755,boxer,020000003,021000004,Animals; Sport
500000756,boxing,020000003,021000003,Sport
500000757,boy,020000003,021000001,People
500000758,boyfriend,020000003,021000001,People
500000759,bra,020000003,021000002,Appearance
500000760,bracelet,020000003,021000003,Appearance
500000761,bracket,020000003,021000004,Communication; Science and technology
500000762,brag,020000003,021000004,Communication
500000763,brain,020000003,021000001,Appearance
500000764,brainstorm,020000003,021000002,Time and space
500000765,brainstorming,020000003,021000003,Politics and society
500000766,brake,020000003,021000002,Travel
500000767,brake,020000004,021000004,Travel
500000768,branch,020000003,021000002,People; The natural world; Travel
500000769,branch,020000004,021000003,The natural world
500000770,brand,020000003,021000002,The natural world
500000771,brand-new,020000001,021000003,Notions
500000772,brass,020000003,021000003,Culture
500000773,brave,020000001,021000002,People
500000774,bravely,020000002,021000003,Notions
500000775,bravery,020000003,021000004,Notions
500000776,bread,020000003,021000001,Food and drink
500000777,break,020000003,021000002,Culture; Health; Notions; Sport; Travel
500000778,break,020000004,021000001,Health; People; Politics and society; Science and technology; The natural world
500000779,breakable,020000001,021000004,Notions
500000780,breakdown,020000003,021000004,Health; Notions; Science and technology; Travel
500000781,breakfast,020000003,021000001,Food and drink
500000782,breakthrough,020000003,021000003,Notions
500000783,breakup,020000003,021000004,Notions
500000784,breast,020000003,021000003,Animals; Appearance; Food and drink
500000785,breath,020000003,021000003,Appearance
500000786,breathe,020000004,021000001,Appearance
500000787,breathless,020000001,021000003,Health
500000788,breathtaking,020000001,021000004,People
500000789,breed,020000003,021000004,Animals
500000790,breed,020000004,021000003,Animals; The natural world
500000791,breeding,020000003,021000003,People
500000792,breeze,020000003,021000002,The natural world
500000793,breezy,020000001,021000004,The natural world
500000794,brewery,020000003,021000004,Food and drink
500000795,brick,020000003,021000003,Homes and buildings; Science and technology
500000796,bride,020000003,021000002,People
500000797,bridge,020000003,021000001,Appearance; Homes and buildings; Leisure; The natural world; Travel
500000798,brief,020000001,021000003,Appearance
500000799,briefly,020000002,021000003,Appearance
500000800,bright,020000001,021000001,Appearance; Notions; People
500000801,brightly,020000002,021000003,Notions
500000802,brilliant,020000001,021000002,Notions; People
500000803,brilliantly,020000002,021000004,Notions
500000804,bring,020000004,021000001,Notions
500000805,broad,020000001,021000003,Communication
500000806,broadband,020000003,021000004,Communication
500000807,broadcast,020000003,021000003,Culture
500000808,broadcast,020000004,021000004,Culture
500000809,broadcaster,020000003,021000004,Culture
500000810,broaden,020000004,021000004,Politics and society
500000811,broadly,020000002,021000004,Notions
500000812,broccoli,020000003,021000003,Food and drink
500000813,brochure,020000003,021000004,Travel
500000814,broken,020000001,021000001,Health; People
500000815,bronze,020000003,021000003,Culture; Science and technology; Sport
500000816,brother,020000003,021000001,People; Politics and society
500000817,brotherhood,020000003,021000003,People; Politics and society
500000818,brother-in-law,020000003,021000004,People
500000819,brown,020000001,021000001,Appearance
500000820,brown,020000003,021000002,Appearance
500000821,browse,020000004,021000004,Communication; Leisure
500000822,browser,020000003,021000004,Communication
500000823,bruise,020000003,021000004,Health
500000824,brush,020000003,021000001,Culture; Homes and buildings; The natural world
500000825,brush,020000004,021000001,Appearance
500000826,bubble,020000003,021000003,Health
500000827,bucket,020000003,021000001,Homes and buildings
500000828,bud,020000003,021000004,The natural world
500000829,buddy,020000003,021000003,People
500000830,budget,020000001,021000004,Travel
500000831,budget,020000003,021000002,Politics and society
500000832,bug,020000003,021000002,Animals; Health; Politics and society; Science and technology
500000833,build,020000004,021000001,Homes and buildings
500000834,builder,020000003,021000003,People; Work and business
500000835,building,020000003,021000001,Homes and buildings
500000836,bulb,020000003,021000002,The natural world
500000837,bulimia,020000003,021000004,Food and drink; Health
500000838,bull,020000003,021000003,Animals
500000839,bullet,020000003,021000003,Politics and society
500000840,bulletin,020000003,021000003,Culture
500000841,bully,020000004,021000004,Science and technology
500000842,bum,020000003,021000004,Appearance; People
500000843,bump,020000004,021000003,Health; Travel
500000844,bumper,020000003,021000004,Travel
500000845,bun,020000003,021000004,Appearance; Food and drink
500000846,bunch,020000003,021000003,Appearance; The natural world
500000847,burden,020000003,021000003,Notions
500000848,burden,020000004,021000004,Notions
500000849,burdensome,020000001,021000004,Notions
500000850,bureau,020000003,021000003,Homes and buildings; Politics and society; Travel
500000851,bureaucracy,020000003,021000004,Politics and society
500000852,burger,020000003,021000001,Food and drink
500000853,burglar,020000003,021000003,Politics and society
500000854,burglary,020000003,021000004,Politics and society
500000855,burgle,020000004,021000004,Politics and society
500000856,burial,020000003,021000004,People; Politics and society
500000857,burn,020000003,021000002,Health; The natural world
500000858,burn,020000004,021000003,Science and technology
500000859,burning,020000001,021000003,Notions
500000860,burst,020000004,021000003,Politics and society
500000861,bury,020000004,021000002,People; Politics and society
500000862,bus,020000003,021000001,Science and technology; Travel
500000863,bus station,020000003,021000002,Travel
500000864,bus stop,020000003,021000002,Travel
500000865,bush,020000003,021000002,The natural world
500000866,business,020000003,021000001,Leisure
500000867,businessman,020000003,021000002,People; Work and business
500000868,businesswoman,020000003,021000002,People
500000869,bust,020000004,021000003,Politics and society
500000870,bustle,020000004,021000004,Notions
500000871,bustling,020000001,021000004,Politics and society
500000872,busy,020000001,021000001,Work and business
500000873,butcher,020000003,021000003,Leisure
500000874,butcher,020000004,021000004,The natural world
500000875,butter,020000003,021000001,Food and drink
500000876,butterfly,020000003,021000001,Animals; Sport
500000877,button,020000003,021000001,Appearance; Science and technology
500000878,buy,020000004,021000001,Homes and buildings; Leisure
500000879,buyer,020000003,021000003,Homes and buildings; Leisure
500000880,buzz,020000003,021000004,People
500000881,buzz,020000004,021000004,Animals
500000882,bye,020000003,021000001,Notions
500000883,cab,020000003,021000002,Travel
500000884,cabbage,020000003,021000003,Food and drink
500000885,cabin,020000003,021000003,Homes and buildings; Travel
500000886,cabinet,020000003,021000004,Homes and buildings; Politics and society
500000887,cable,020000003,021000004,Science and technology; The natural world; Travel
500000888,cafe/café,020000003,021000001,Food and drink
500000889,cafeteria,020000003,021000002,Food and drink
500000890,cage,020000003,021000003,Animals
500000891,cake,020000003,021000001,Food and drink
500000892,calculate,020000004,021000003,Functions; Science and technology
500000893,calculation,020000003,021000003,Functions; Science and technology
500000894,calculator,020000003,021000003,People; Science and technology
500000895,calendar,020000003,021000002,Time and space
500000896,calf,020000003,021000003,Animals; Appearance
500000897,call,020000003,021000001,Animals; Communication; Functions
500000898,call,020000004,021000002,Animals; Communication
500000899,caller,020000003,021000003,Communication
500000900,calm,020000001,021000003,People; The natural world
500000901,calmly,020000002,021000004,Notions
500000902,calmness,020000003,021000003,Notions
500000903,camel,020000003,021000003,Animals
500000904,camera,020000003,021000001,Culture
500000905,camp,020000003,021000001,Politics and society
500000906,camp,020000004,021000002,Leisure; Travel
500000907,campaign,020000003,021000004,Politics and society
500000908,camping,020000003,021000002,Travel
500000909,campsite,020000003,021000003,Travel
500000910,campus,020000003,021000002,Homes and buildings; People
500000911,can,020000003,021000002,Travel
500000912,canal,020000003,021000003,Appearance; The natural world; Travel
500000913,cancel,020000004,021000003,Functions; Politics and society
500000914,cancer,020000003,021000003,Health; Notions
500000915,candidate,020000003,021000004,People
500000916,candle,020000003,021000003,Homes and buildings; Travel
500000917,candy,020000003,021000001,Food and drink
500000918,cane,020000003,021000004,Homes and buildings; The natural world
500000919,canned,020000001,021000003,Culture
500000920,cannonball,020000003,021000004,Sport
500000921,canon,020000003,021000004,Culture; Politics and society
500000922,canteen,020000003,021000003,People
500000923,cap,020000003,021000001,Appearance
500000924,capability,020000003,021000004,Science and technology
500000925,capable,020000001,021000003,Functions
500000926,capacity,020000003,021000003,Science and technology
500000927,capital,020000003,021000002,Homes and buildings
500000928,capital letter,020000003,021000002,Communication
500000929,capsule,020000003,021000003,Health
500000930,captain,020000003,021000002,Politics and society; Sport; Travel
500000931,caption,020000003,021000004,Culture
500000932,captive,020000003,021000004,Politics and society
500000933,capture,020000003,021000003,Politics and society
500000934,capture,020000004,021000003,Culture; People
500000935,car,020000003,021000001,Travel
500000936,car park,020000003,021000002,Travel
500000937,caravan,020000003,021000004,Travel
500000938,carbon,020000003,021000004,Science and technology; The natural world
500000939,carbon dioxide,020000003,021000004,Science and technology; The natural world
500000940,carbon footprint,020000003,021000004,The natural world
500000941,carbon monoxide,020000003,021000004,Science and technology; The natural world
500000942,card,020000003,021000001,Leisure; Science and technology; Sport
500000943,cardboard,020000003,021000004,Communication
500000944,cardigan,020000003,021000004,Appearance
500000945,care,020000003,021000001,Health; People
500000946,care,020000004,021000003,People
500000947,career,020000003,021000003,People; Work and business
500000948,carefree,020000001,021000004,Notions
500000949,careful,020000001,021000001,People
500000950,carefully,020000002,021000001,Communication
500000951,careless,020000001,021000003,Notions
500000952,carelessly,020000002,021000003,Notions
500000953,carelessness,020000003,021000003,Notions
500000954,caring,020000001,021000004,People
500000955,carnival,020000003,021000004,Politics and society
500000956,carpet,020000003,021000003,Homes and buildings
500000957,carpool,020000003,021000004,Notions
500000958,carriage,020000003,021000003,Time and space; Travel
500000959,carrot,020000003,021000002,Food and drink; Functions
500000960,carry,020000004,021000001,Culture; Functions; People
500000961,carton,020000003,021000003,Food and drink
500000962,cartoon,020000003,021000001,Culture
500000963,carve,020000004,021000004,Culture; Food and drink; Homes and buildings; Notions
500000964,cascade,020000003,021000004,The natural world
500000965,case,020000003,021000001,Functions; Politics and society
500000966,cash,020000003,021000002,Leisure
500000967,cashpoint,020000003,021000003,Travel; Work and business
500000968,cassette,020000003,021000002,Homes and buildings; Leisure
500000969,cast,020000003,021000004,Culture; Health
500000970,cast,020000004,021000004,Culture
500000971,castle,020000003,021000002,Homes and buildings; Leisure; Time and space
500000972,casual,020000001,021000003,Appearance
500000973,casually,020000002,021000004,Politics and society
500000974,cat,020000003,021000001,Animals
500000975,catalog/catalogue,020000003,021000004,Travel
500000976,catalyst,020000003,021000004,Science and technology
500000977,catastrophe,020000003,021000004,Politics and society
500000978,catastrophic,020000001,021000004,Politics and society
500000979,catch,020000003,021000001,Notions
500000980,catch,020000004,021000001,Health; Politics and society; Sport; Travel
500000981,catchy,020000001,021000004,Notions
500000982,categorization/categorisation,020000003,021000004,Politics and society
500000983,categorize/categorise,020000004,021000003,Politics and society
500000984,category,020000003,021000003,Politics and society
500000985,catering,020000003,021000004,Food and drink
500000986,cathedral,020000003,021000004,Homes and buildings; Politics and society
500000987,cattle,020000003,021000003,Animals
500000988,cause,020000003,021000004,Notions
500000989,cause,020000004,021000002,Notions
500000990,caution,020000003,021000003,Functions; Notions; People; Politics and society
500000991,cautious,020000001,021000003,People
500000992,cave,020000003,021000003,The natural world
500000993,CD,020000003,021000001,Culture
500000994,CD player,020000003,021000001,Homes and buildings
500000995,CD-ROM,020000003,021000003,Science and technology
500000996,cease,020000004,021000004,Notions
500000997,ceiling,020000003,021000004,Homes and buildings
500000998,celebrate,020000004,021000001,Politics and society
500000999,celebration,020000003,021000001,Politics and society
500001000,celebrity,020000003,021000003,Culture
500001001,cell,020000003,021000003,Appearance; Politics and society; Science and technology
500001002,cellar,020000003,021000004,Homes and buildings
500001003,cellist,020000003,021000004,Culture
500001004,cello,020000003,021000004,Culture
500001005,cemetery,020000003,021000004,People; Politics and society
500001006,cent,020000003,021000002,Work and business
500001007,center/centre,020000003,021000002,Homes and buildings; Leisure; Politics and society
500001008,centigrade,020000003,021000004,Science and technology; The natural world
500001009,centimeter/centimetre,020000003,021000002,Science and technology
500001010,central,020000001,021000003,Science and technology
500001011,central heating,020000003,021000003,Homes and buildings
500001012,century,020000003,021000002,Sport; Time and space
500001013,cereal,020000003,021000002,Food and drink; The natural world
500001014,ceremony,020000003,021000003,People; Politics and society
500001015,certain,020000001,021000002,Functions
500001016,certainly,020000002,021000002,Notions
500001017,certainty,020000003,021000003,Functions
500001018,certificate,020000003,021000004,Notions; People
500001019,certification,020000003,021000004,People
500001020,certify,020000004,021000004,Work and business
500001021,chain,020000003,021000002,Appearance; Homes and buildings; Leisure
500001022,chair,020000003,021000001,Homes and buildings; People
500001023,chairman,020000003,021000002,Work and business
500001024,challenge,020000003,021000002,Functions
500001025,challenge,020000004,021000004,Functions; Politics and society
500001026,challenging,020000001,021000003,Functions
500001027,champagne,020000003,021000002,Food and drink
500001028,champion,020000003,021000003,Sport
500001029,championship,020000003,021000002,Sport
500001030,chance,020000003,021000002,Notions
500001031,chancellor,020000003,021000004,People; Politics and society
500001032,change,020000003,021000001,Leisure; Notions; The natural world
500001033,change,020000004,021000001,Notions; The natural world; Travel
500001034,channel,020000003,021000003,Culture; People; Science and technology; The natural world; Travel
500001035,chaos,020000003,021000003,Politics and society
500001036,chaotic,020000001,021000004,Politics and society
500001037,chapter,020000003,021000002,Culture; Time and space
500001038,character,020000003,021000001,Communication; Culture; People
500001039,characteristic,020000001,021000004,Notions
500001040,characteristic,020000003,021000003,Notions
500001041,characterize/characterise,020000004,021000003,Time and space
500001042,charge,020000003,021000003,Politics and society; Science and technology
500001043,charge,020000004,021000003,Leisure; Politics and society; Science and technology
500001044,chariot,020000003,021000003,Time and space
500001045,charity,020000003,021000003,Politics and society
500001046,charm,020000003,021000003,Appearance
500001047,charming,020000001,021000004,Notions
500001048,chart,020000003,021000002,Culture
500001049,chase,020000003,021000003,Politics and society
500001050,chase,020000004,021000004,Politics and society
500001051,chat,020000003,021000003,Communication
500001052,chat,020000004,021000002,Communication
500001053,chat show,020000003,021000003,Communication; Leisure
500001054,cheap,020000001,021000002,Leisure; People
500001055,cheat,020000004,021000004,Leisure; People
500001056,check,020000003,021000001,Appearance; Food and drink; Functions; Leisure
500001057,check,020000004,021000002,Appearance; Food and drink; Functions; Leisure
500001058,check-in counter/check-in,020000003,021000003,Travel
500001059,check-in desk/check-in,020000003,021000003,Travel
500001060,checkout,020000003,021000003,Leisure; Travel
500001061,checkpoint,020000003,021000004,Travel
500001062,cheek,020000003,021000002,Appearance; People
500001063,cheeky,020000001,021000004,People
500001064,cheer,020000004,021000002,Time and space
500001065,cheerful,020000001,021000003,People
500001066,cheerfully,020000002,021000004,Communication
500001067,cheerfulness,020000003,021000004,Notions
500001068,cheese,020000003,021000001,Food and drink
500001069,chef,020000003,021000002,Food and drink
500001070,chemical,020000001,021000002,Science and technology
500001071,chemical,020000003,021000003,Science and technology
500001072,chemist,020000003,021000003,Health; Leisure; Science and technology
500001073,chemistry,020000003,021000003,People; Science and technology
500001074,chemotherapy,020000003,021000004,Health
500001075,cheque,020000003,021000002,Leisure
500001076,cherish,020000004,021000003,People
500001077,cherished,020000001,021000004,Notions
500001078,cherry,020000003,021000004,Food and drink; The natural world
500001079,chess,020000003,021000002,Leisure
500001080,chest,020000003,021000002,Appearance; Homes and buildings
500001081,chest of drawers,020000003,021000003,Homes and buildings
500001082,chew,020000004,021000004,Food and drink
500001083,chewing gum,020000003,021000003,Food and drink
500001084,chicken,020000003,021000001,Animals; Food and drink
500001085,chief,020000001,021000003,Politics and society
500001086,chief,020000003,021000004,Politics and society
500001087,child,020000003,021000001,People
500001088,childhood,020000003,021000002,People
500001089,childish,020000001,021000004,People
500001090,chili/chilli,020000003,021000002,Food and drink
500001091,chimney,020000003,021000004,Homes and buildings
500001092,chimpanzee,020000003,021000002,Animals
500001093,chin,020000003,021000002,Appearance
500001094,chip,020000003,021000004,Food and drink; Science and technology; Sport
500001095,chirp,020000003,021000002,Animals
500001096,chocolate,020000003,021000001,Appearance; Food and drink
500001097,choice,020000003,021000002,Functions
500001098,choir,020000003,021000003,Culture; Homes and buildings
500001099,choke,020000004,021000003,Notions
500001100,choose,020000004,021000001,Functions
500001101,chop,020000004,021000004,Food and drink
500001102,Christian,020000001,021000003,Politics and society
500001103,chronological,020000001,021000003,Time and space
500001104,chuckle,020000003,021000003,Notions
500001105,chunk,020000003,021000004,Communication
500001106,church,020000003,021000001,Homes and buildings; Politics and society
500001107,cigarette,020000003,021000002,Politics and society
500001108,cinema,020000003,021000001,Culture; Homes and buildings
500001109,circle,020000003,021000001,Appearance; Culture
500001110,circle,020000004,021000003,Appearance; Culture
500001111,circuit,020000003,021000004,Health; Science and technology; Sport
500001112,circuitry,020000003,021000004,Notions
500001113,circular,020000001,021000003,Appearance; Functions
500001114,circumstance,020000003,021000004,Work and business
500001115,circus,020000003,021000003,Leisure; Travel
500001116,citizen,020000003,021000002,Politics and society
500001117,citizenship,020000003,021000003,Politics and society
500001118,city,020000003,021000001,Homes and buildings
500001119,citywide,020000001,021000004,Homes and buildings
500001120,civil,020000001,021000003,Politics and society
500001121,civilization/civilisation,020000003,021000003,Time and space
500001122,claim,020000003,021000003,Functions; Politics and society
500001123,claim,020000004,021000002,Functions; Notions; Politics and society
500001124,clam,020000003,021000004,Animals
500001125,clap,020000004,021000004,Notions
500001126,clarify,020000004,021000004,Notions
500001127,class,020000003,021000001,Animals; People; Politics and society; Travel
500001128,classic,020000001,021000002,Culture; People
500001129,classic,020000003,021000004,Culture; People
500001130,classical,020000001,021000003,Culture; Homes and buildings; Time and space
500001131,classical music,020000003,021000002,Leisure
500001132,classification,020000003,021000004,Politics and society
500001133,classify,020000004,021000003,Science and technology
500001134,classmate,020000003,021000001,People
500001135,classroom,020000003,021000001,People
500001136,clause,020000003,021000004,Communication; Politics and society
500001137,clean,020000001,021000001,The natural world
500001138,clean,020000004,021000001,Homes and buildings
500001139,cleaner,020000003,021000002,Leisure
500001140,clear,020000001,021000002,The natural world
500001141,clear,020000004,021000003,Sport; The natural world
500001142,clearly,020000002,021000002,Notions
500001143,clearness,020000003,021000004,Politics and society
500001144,clerical,020000001,021000004,Politics and society
500001145,clerk,020000003,021000002,Leisure; Travel
500001146,clever,020000001,021000001,People
500001147,click,020000003,021000003,Science and technology
500001148,click,020000004,021000002,Science and technology
500001149,client,020000003,021000004,Science and technology
500001150,cliff,020000003,021000003,The natural world
500001151,climate,020000003,021000003,The natural world
500001152,climate change,020000003,021000004,The natural world
500001153,climb,020000003,021000001,Notions
500001154,climb,020000004,021000002,Leisure; Notions; Sport
500001155,climber,020000003,021000003,Sport; The natural world
500001156,climbing,020000003,021000002,Leisure; Sport
500001157,clinic,020000003,021000003,Health; Homes and buildings
500001158,clip,020000003,021000003,Culture
500001159,clock,020000003,021000001,Science and technology; Travel
500001160,clog,020000004,021000004,Notions
500001161,clone,020000004,021000002,Science and technology
500001162,close,020000001,021000001,Notions; People; The natural world
500001163,close,020000004,021000001,Leisure
500001164,closed,020000001,021000001,Homes and buildings
500001165,closely,020000002,021000003,Work and business
500001166,closure,020000003,021000004,Travel
500001167,cloth,020000003,021000001,Appearance
500001168,clothes,020000003,021000001,Appearance
500001169,clothing,020000003,021000004,Appearance; Leisure
500001170,cloud,020000003,021000001,The natural world
500001171,cloudy,020000001,021000001,The natural world
500001172,clown,020000003,021000002,Appearance
500001173,club,020000003,021000001,Homes and buildings; Leisure; Sport
500001174,clue,020000003,021000002,Politics and society
500001175,clumsy,020000001,021000004,Appearance
500001176,coach,020000003,021000001,People; Sport; Time and space; Travel
500001177,coach,020000004,021000004,People; Sport
500001178,coaching,020000003,021000004,Work and business
500001179,coal,020000003,021000003,The natural world
500001180,coalition,020000003,021000004,Politics and society
500001181,coarse,020000001,021000004,People
500001182,coast,020000003,021000002,The natural world
500001183,coast,020000004,021000003,Notions; Travel
500001184,coastal,020000001,021000003,The natural world
500001185,coastline,020000003,021000004,The natural world
500001186,coat,020000003,021000001,Animals; Appearance
500001187,cocktail,020000003,021000004,Food and drink
500001188,cocoa,020000003,021000004,Food and drink
500001189,coconut,020000003,021000004,Food and drink
500001190,cod,020000003,021000003,Animals
500001191,code,020000003,021000001,Science and technology
500001192,coffee,020000003,021000001,Appearance; Food and drink
500001193,coffin,020000003,021000003,People
500001194,coherence,020000003,021000004,Notions
500001195,coherent,020000001,021000004,Communication
500001196,coin,020000003,021000002,Leisure
500001197,coincide,020000004,021000004,Time and space
500001198,coincidence,020000003,021000004,Time and space
500001199,coke,020000003,021000001,Food and drink
500001200,cola,020000003,021000002,Food and drink
500001201,cold,020000001,021000001,Functions; The natural world
500001202,cold,020000003,021000001,Health; The natural world
500001203,collapse,020000003,021000003,Health; Notions
500001204,collapse,020000004,021000004,Health; Homes and buildings; Notions
500001205,collar,020000003,021000003,Appearance
500001206,colleague,020000003,021000004,People; Work and business
500001207,collect,020000004,021000001,Culture
500001208,collection,020000003,021000001,Appearance; Culture; Politics and society
500001209,collector,020000003,021000004,Culture; Leisure
500001210,college,020000003,021000001,People
500001211,collocation,020000003,021000004,Communication
500001212,colon,020000003,021000004,Appearance; Communication
500001213,colonial,020000001,021000004,Homes and buildings
500001214,color/colour,020000003,021000001,Appearance; Politics and society; Travel
500001215,color/colour,020000004,021000001,Appearance
500001216,colorful/colourful,020000001,021000002,Appearance
500001217,column,020000003,021000002,Appearance; Culture; Homes and buildings
500001218,columnist,020000003,021000003,Culture
500001219,coma,020000003,021000004,Health
500001220,comb,020000003,021000002,Appearance
500001221,comb,020000004,021000004,Appearance
500001222,combination,020000003,021000003,Health
500001223,combine,020000004,021000003,Work and business
500001224,come,020000004,021000001,Travel
500001225,comedian,020000003,021000003,People
500001226,comedy,020000003,021000003,Culture
500001227,comet,020000003,021000003,Time and space
500001228,comfort,020000003,021000003,Health
500001229,comfortable,020000001,021000002,Appearance; People
500001230,comfortably,020000002,021000004,Work and business
500001231,comic,020000001,021000002,Culture
500001232,comic,020000003,021000002,Culture
500001233,comma,020000003,021000003,Communication
500001234,command,020000003,021000003,Politics and society; Science and technology
500001235,commander,020000003,021000004,Politics and society
500001236,commemorate,020000004,021000004,Politics and society
500001237,comment,020000003,021000003,Functions
500001238,comment,020000004,021000004,Functions
500001239,commerce,020000003,021000004,Politics and society
500001240,commercial,020000001,021000003,Culture
500001241,commercial,020000003,021000004,Culture
500001242,commission,020000003,021000004,Politics and society
500001243,commit,020000004,021000003,Functions; People; Politics and society
500001244,commitment,020000003,021000002,Functions
500001245,committee,020000003,021000002,Politics and society
500001246,common,020000001,021000002,Communication
500001247,common sense,020000003,021000003,Functions
500001248,commonly,020000002,021000003,Politics and society
500001249,commonwealth,020000003,021000004,Time and space
500001250,communicate,020000004,021000002,Health
500001251,communication,020000003,021000002,Communication
500001252,communicative,020000001,021000004,Communication
500001253,community,020000003,021000004,Politics and society; Science and technology
500001254,commute,020000004,021000004,Travel
500001255,companion,020000003,021000003,People
500001256,company,020000003,021000002,Work and business
500001257,comparative,020000003,021000002,Communication
500001258,compare,020000004,021000002,Communication
500001259,comparison,020000003,021000003,Politics and society
500001260,compassion,020000003,021000004,Politics and society
500001261,compassionate,020000001,021000004,People
500001262,compatible,020000001,021000004,People; Science and technology
500001263,compensate,020000004,021000004,Work and business
500001264,compensation,020000003,021000004,Work and business
500001265,compete,020000004,021000003,Notions; Sport
500001266,competence,020000003,021000004,Work and business
500001267,competent,020000001,021000004,People
500001268,competition,020000003,021000002,Sport
500001269,competitive,020000001,021000003,Sport
500001270,competitor,020000003,021000003,Sport
500001271,compile,020000004,021000004,Science and technology
500001272,complain,020000004,021000002,People
500001273,complaint,020000003,021000002,Health
500001274,complement,020000003,021000003,Communication
500001275,complete,020000001,021000002,Communication
500001276,complete,020000004,021000003,Communication
500001277,completely,020000002,021000003,Time and space
500001278,completion,020000003,021000004,Work and business
500001279,complex,020000001,021000003,Time and space
500001280,complexion,020000003,021000004,Appearance
500001281,complexity,020000003,021000004,Politics and society
500001282,complicate,020000004,021000003,Notions
500001283,complicated,020000001,021000003,Notions
500001284,compliment,020000003,021000003,Functions
500001285,component,020000003,021000004,Notions
500001286,compose,020000004,021000003,Culture
500001287,composer,020000003,021000002,Culture
500001288,composition,020000003,021000003,Culture; People; Science and technology
500001289,compound,020000003,021000003,Communication; Science and technology
500001290,comprehension,020000003,021000004,People
500001291,comprehensive,020000001,021000004,People
500001292,compress,020000003,021000004,Politics and society
500001293,compression,020000003,021000004,Science and technology
500001294,compromise,020000003,021000003,Functions
500001295,compromise,020000004,021000004,Functions; Notions
500001296,compulsory,020000001,021000004,Functions; People
500001297,compute,020000004,021000004,Notions
500001298,computer,020000003,021000001,Science and technology
500001299,conceal,020000004,021000004,Notions
500001300,concede,020000004,021000004,Functions
500001301,conceit,020000003,021000004,Culture; People
500001302,conceivable,020000001,021000004,Functions
500001303,conceive,020000004,021000004,People
500001304,concentrate,020000004,021000002,Time and space
500001305,concentration,020000003,021000003,Politics and society
500001306,concept,020000003,021000003,Notions
500001307,conception,020000003,021000004,People
500001308,concern,020000003,021000002,Notions
500001309,concern,020000004,021000004,Notions
500001310,concerned,020000001,021000003,Notions
500001311,concert,020000003,021000001,Culture
500001312,concession,020000003,021000004,Functions; Travel
500001313,conclude,020000004,021000003,Functions; Science and technology
500001314,conclusion,020000003,021000003,Culture; Science and technology
500001315,concrete,020000001,021000004,Functions; Homes and buildings; Science and technology
500001316,concrete,020000003,021000004,Science and technology
500001317,condemn,020000004,021000004,Politics and society
500001318,condition,020000003,021000002,Functions; Health; Leisure
500001319,conduct,020000003,021000003,Culture; Science and technology
500001320,conduct,020000004,021000004,Culture; Science and technology
500001321,conductor,020000003,021000004,Culture; Science and technology; Travel
500001322,cone,020000003,021000004,Appearance; The natural world; Travel
500001323,conference,020000003,021000004,Work and business
500001324,conferencing,020000003,021000004,Politics and society
500001325,confess,020000004,021000004,People; Politics and society
500001326,confession,020000003,021000004,People; Politics and society
500001327,confidence,020000003,021000003,Functions; People
500001328,confident,020000001,021000002,Functions; People
500001329,confidently,020000002,021000004,Functions
500001330,confine,020000004,021000004,Animals
500001331,confirm,020000004,021000003,Functions; Politics and society; Science and technology
500001332,confirmation,020000003,021000003,Politics and society
500001333,conflict,020000003,021000003,Functions; Politics and society
500001334,confront,020000004,021000004,Appearance
500001335,confuse,020000004,021000002,Notions
500001336,confused,020000001,021000002,Notions
500001337,confusing,020000001,021000003,Notions
500001338,confusion,020000003,021000003,Functions
500001339,congratulate,020000004,021000003,Notions
500001340,conjunction,020000003,021000004,Communication
500001341,connect,020000004,021000003,Communication; Science and technology
500001342,connection/connexion,020000003,021000003,Communication; Travel
500001343,conquer,020000004,021000003,Notions; Politics and society; Time and space
500001344,conquest,020000003,021000004,Notions; Time and space
500001345,conscience,020000003,021000004,People
500001346,conscious,020000001,021000003,Health
500001347,consciousness,020000003,021000004,Functions
500001348,consensus,020000003,021000004,Functions
500001349,consent,020000003,021000004,Functions
500001350,consequence,020000003,021000002,Notions
500001351,consequently,020000002,021000003,Notions
500001352,conservation,020000003,021000003,Homes and buildings; The natural world
500001353,conservative,020000001,021000003,Politics and society
500001354,consider,020000004,021000002,Functions
500001355,considerable,020000001,021000003,Appearance
500001356,considerably,020000002,021000004,Notions
500001357,consideration,020000003,021000003,Appearance
500001358,consist,020000004,021000002,Notions
500001359,consistent,020000001,021000004,Functions
500001360,consolation,020000003,021000004,Notions
500001361,console,020000004,021000004,Notions
500001362,consonant,020000003,021000003,Communication
500001363,constant,020000001,021000004,Time and space
500001364,constantly,020000002,021000003,Time and space
500001365,constitute,020000004,021000003,Notions
500001366,constitution,020000003,021000003,Politics and society
500001367,construct,020000004,021000003,Homes and buildings
500001368,construction,020000003,021000003,Homes and buildings
500001369,consult,020000004,021000004,Functions; Health
500001370,consultant,020000003,021000004,Functions; Health
500001371,consume,020000004,021000003,The natural world
500001372,consumer,020000003,021000003,People; Work and business
500001373,consumption,020000003,021000003,The natural world
500001374,contact,020000003,021000002,Communication
500001375,contact,020000004,021000002,Communication
500001376,contain,020000004,021000003,Notions
500001377,container,020000003,021000002,Homes and buildings; Travel
500001378,contaminate,020000004,021000004,The natural world
500001379,contemporary,020000001,021000004,Homes and buildings; Time and space
500001380,contempt,020000003,021000004,People
500001381,content,020000001,021000004,People
500001382,content,020000003,021000003,People
500001383,contest,020000003,021000001,Politics and society
500001384,context,020000003,021000002,Communication; People
500001385,continent,020000003,021000002,The natural world
500001386,continual,020000001,021000003,Time and space
500001387,continually,020000002,021000003,Time and space
500001388,continue,020000004,021000002,Work and business
500001389,continuous,020000001,021000003,Communication; Time and space
500001390,continuously,020000002,021000003,Time and space
500001391,contract,020000003,021000004,Functions; Homes and buildings; Politics and society
500001392,contradict,020000004,021000004,Functions
500001393,contradiction,020000003,021000004,Functions
500001394,contradictory,020000001,021000004,Functions
500001395,contrary,020000001,021000003,People
500001396,contrast,020000003,021000002,Appearance; Culture
500001397,contribute,020000004,021000003,Culture; Notions
500001398,contribution,020000003,021000003,Notions
500001399,control,020000003,021000002,Science and technology
500001400,control,020000004,021000003,Science and technology
500001401,controversial,020000001,021000003,Functions; People
500001402,controversy,020000003,021000004,Functions
500001403,convenience,020000003,021000002,Time and space
500001404,convenient,020000001,021000002,Time and space
500001405,conveniently,020000002,021000004,Time and space
500001406,convention,020000003,021000004,Functions; Politics and society
500001407,conventional,020000001,021000004,Health
500001408,conversation,020000003,021000001,Communication
500001409,converse,020000003,021000004,Notions
500001410,conversely,020000002,021000004,Notions
500001411,conversion,020000003,021000004,Homes and buildings; Politics and society; Sport
500001412,convert,020000004,021000004,Functions; Homes and buildings; Politics and society; Sport
500001413,convey,020000004,021000003,Time and space
500001414,convince,020000004,021000003,Functions
500001415,convinced,020000001,021000004,Functions
500001416,cook,020000003,021000001,Food and drink
500001417,cook,020000004,021000001,Food and drink
500001418,cooker,020000003,021000002,Food and drink; Homes and buildings
500001419,cookie,020000003,021000001,Communication; Food and drink
500001420,cooking,020000003,021000002,Food and drink; Leisure
500001421,cool,020000001,021000001,Functions; People; The natural world
500001422,cool,020000004,021000004,Functions; People; The natural world
500001423,cooler,020000003,021000002,Food and drink
500001424,cooperate,020000004,021000004,Functions
500001425,cooperation,020000003,021000004,Functions
500001426,cooperative,020000001,021000004,Functions
500001427,cop,020000003,021000001,Politics and society
500001428,cope,020000004,021000004,Notions
500001429,copper,020000003,021000004,Politics and society; Science and technology
500001430,copy,020000003,021000001,People; Work and business
500001431,copy,020000004,021000002,Work and business
500001432,copyright,020000003,021000003,Politics and society
500001433,coral,020000003,021000004,Animals; Appearance
500001434,core,020000003,021000004,Food and drink
500001435,corn,020000003,021000001,Food and drink; The natural world
500001436,corner,020000003,021000001,Homes and buildings; Sport; Travel
500001437,cornerstone,020000003,021000004,Homes and buildings
500001438,cornet,020000003,021000004,Culture
500001439,corona,020000003,021000004,Health; Time and space
500001440,corporal,020000001,021000004,Notions
500001441,corporate,020000001,021000004,Work and business
500001442,corporation,020000003,021000004,Politics and society
500001443,correct,020000001,021000001,Communication
500001444,correct,020000004,021000004,Communication
500001445,correction,020000003,021000003,Time and space
500001446,correctly,020000002,021000002,Politics and society
500001447,correctness,020000003,021000004,Communication
500001448,correspond,020000004,021000004,Sport
500001449,correspondence,020000003,021000004,Notions
500001450,correspondent,020000003,021000004,Culture
500001451,corresponding,020000001,021000004,Notions
500001452,corridor,020000003,021000004,Homes and buildings; People; Travel
500001453,corrupt,020000001,021000004,People; Politics and society
500001454,corruption,020000003,021000004,People; Politics and society; Science and technology
500001455,cost,020000003,021000002,Leisure; Notions
500001456,cost,020000004,021000002,Leisure; Notions
500001457,costly,020000001,021000004,Work and business
500001458,costume,020000003,021000004,Appearance; Culture; Time and space
500001459,cottage,020000003,021000004,Homes and buildings; Travel
500001460,cotton,020000003,021000003,Appearance; The natural world
500001461,couch,020000003,021000001,Homes and buildings
500001462,cough,020000003,021000004,Health
500001463,cough,020000004,021000003,Health
500001464,council,020000003,021000003,Politics and society
500001465,counseling/counselling,020000003,021000003,Functions
500001466,count,020000003,021000003,Functions; Politics and society; Science and technology
500001467,count,020000004,021000002,Science and technology
500001468,counter,020000003,021000004,Food and drink; Leisure
500001469,counter,020000004,021000003,Food and drink; Leisure
500001470,countless,020000001,021000003,Notions
500001471,country,020000003,021000002,Culture; The natural world
500001472,countryman,020000003,021000004,People
500001473,countryside,020000003,021000002,The natural world
500001474,countrywide,020000001,021000004,Politics and society
500001475,county,020000003,021000003,People
500001476,couple,020000003,021000002,People
500001477,courage,020000003,021000003,People
500001478,courageous,020000001,021000003,People
500001479,courgette,020000003,021000003,Food and drink
500001480,course,020000003,021000001,Food and drink; Health; People; Sport; The natural world
500001481,court,020000003,021000002,Homes and buildings; Politics and society; Sport
500001482,courtesy,020000003,021000004,Communication
500001483,cousin,020000003,021000001,People
500001484,cover,020000003,021000001,Culture; Politics and society; The natural world
500001485,cover,020000004,021000002,Culture
500001486,cow,020000003,021000001,Animals
500001487,coward,020000003,021000004,People
500001488,cowardly,020000001,021000004,People
500001489,coziness/cosiness,020000003,021000004,Politics and society
500001490,cozy/cosy,020000001,021000004,Homes and buildings
500001491,crab,020000003,021000004,Animals; Food and drink
500001492,crack,020000003,021000004,Politics and society; The natural world
500001493,crack,020000004,021000004,Politics and society; Science and technology
500001494,craft,020000003,021000003,Leisure; Travel
500001495,craftsman,020000003,021000004,People; Work and business
500001496,crash,020000003,021000003,Science and technology; Travel
500001497,crash,020000004,021000003,Science and technology; Travel
500001498,crater,020000003,021000004,The natural world
500001499,crawl,020000004,021000004,Animals; Communication; People
500001500,crazy,020000001,021000002,People
500001501,cream,020000001,021000002,Appearance
500001502,cream,020000003,021000001,Appearance; Food and drink
500001503,crease,020000003,021000004,Sport
500001504,create,020000004,021000002,Notions
500001505,creation,020000003,021000004,Politics and society
500001506,creative,020000001,021000002,People
500001507,creatively,020000002,021000004,Work and business
500001508,creativity,020000003,021000002,Leisure
500001509,creator,020000003,021000003,People; Work and business
500001510,creature,020000003,021000002,Animals
500001511,credit,020000003,021000002,Culture; Leisure; Notions; People
500001512,credit card,020000003,021000001,Leisure
500001513,creek,020000003,021000004,The natural world
500001514,creepy,020000001,021000004,People
500001515,crew,020000003,021000004,Sport; Travel
500001516,cricket,020000003,021000002,Animals; Sport
500001517,crime,020000003,021000002,Politics and society
500001518,criminal,020000001,021000004,People; Politics and society
500001519,criminal,020000003,021000003,Politics and society
500001520,cripple,020000003,021000004,Health
500001521,crisis,020000003,021000003,Health; Notions
500001522,crisp,020000003,021000002,Food and drink
500001523,critic,020000003,021000003,Culture; Functions
500001524,critical,020000001,021000003,Notions
500001525,critically,020000002,021000004,Notions
500001526,criticism,020000003,021000004,Functions
500001527,criticize/criticise,020000004,021000002,Functions
500001528,crocodile,020000003,021000004,Animals
500001529,crop,020000003,021000003,Animals; Appearance; The natural world
500001530,cross,020000003,021000002,Appearance; Politics and society; Sport; The natural world
500001531,cross,020000004,021000002,Sport; The natural world
500001532,crossing,020000003,021000003,Travel
500001533,crossly,020000002,021000004,Notions
500001534,crossroads,020000003,021000003,Travel
500001535,crow,020000003,021000003,Animals
500001536,crowd,020000003,021000002,Travel
500001537,crowded,020000001,021000002,Politics and society
500001538,crown,020000003,021000002,Appearance; Politics and society; The natural world; Time and space
500001539,crucial,020000001,021000004,Notions
500001540,cruel,020000001,021000003,People
500001541,cruelly,020000002,021000004,Health
500001542,cruelty,020000003,021000004,Health
500001543,cruise,020000003,021000002,Travel
500001544,cruise,020000004,021000004,Notions; Travel
500001545,crush,020000003,021000003,People
500001546,cry,020000003,021000001,People
500001547,cry,020000004,021000002,People
500001548,crystallize/crystallise,020000004,021000004,Notions
500001549,cube,020000003,021000004,Appearance; Science and technology
500001550,cubism,020000003,021000004,Culture; People
500001551,cucumber,020000003,021000003,Food and drink
500001552,cuff,020000003,021000004,Appearance
500001553,culmination,020000003,021000004,Appearance
500001554,cultivate,020000004,021000003,The natural world
500001555,cultural,020000001,021000003,Leisure
500001556,culturally,020000002,021000004,Leisure
500001557,culture,020000003,021000001,Leisure; People
500001558,cup,020000003,021000001,Sport
500001559,cupboard,020000003,021000002,Homes and buildings
500001560,cure,020000003,021000003,Health
500001561,cure,020000004,021000004,Health; Notions
500001562,curiosity,020000003,021000003,Leisure
500001563,curious,020000001,021000003,People
500001564,curiously,020000002,021000003,Notions
500001565,curl,020000003,021000004,Appearance
500001566,curly,020000001,021000003,Appearance
500001567,currency,020000003,021000003,Leisure; Travel
500001568,current,020000001,021000003,Politics and society
500001569,currently,020000002,021000003,Time and space
500001570,curriculum,020000003,021000003,People
500001571,curry,020000003,021000002,Food and drink
500001572,curse,020000003,021000002,Culture; Leisure
500001573,cursor,020000003,021000004,Science and technology
500001574,curtain,020000003,021000003,Culture; Homes and buildings
500001575,curve,020000003,021000003,Appearance; Science and technology; Sport; Travel
500001576,cushion,020000003,021000003,Homes and buildings; Sport
500001577,custom,020000003,021000002,Politics and society
500001578,customer,020000003,021000002,Leisure
500001579,customs,020000003,021000003,Politics and society; Travel
500001580,cut,020000003,021000003,Appearance; Culture; Food and drink; Health
500001581,cut,020000004,021000001,Culture; Health; Science and technology
500001582,cute,020000001,021000001,Appearance
500001583,CV,020000003,021000003,People
500001584,cyberaddict,020000003,021000004,Politics and society
500001585,cybercafe/cybercafé,020000003,021000004,Communication
500001586,cybercrime,020000003,021000004,Politics and society; Science and technology
500001587,cyberpet,020000003,021000004,Politics and society
500001588,cyberschool,020000003,021000004,People; Politics and society
500001589,cyberspace,020000003,021000004,Science and technology
500001590,cycle,020000003,021000003,Science and technology; Sport; Travel
500001591,cycle,020000004,021000003,Sport
500001592,cycling,020000003,021000002,Sport
500001593,cyclist,020000003,021000004,Sport; Travel
500001594,dad,020000003,021000001,People
500001595,daddy,020000003,021000001,People
500001596,daft,020000001,021000004,Notions
500001597,daily,020000001,021000002,Time and space
500001598,daily,020000002,021000002,Time and space
500001599,daisy,020000003,021000003,The natural world
500001600,dam,020000003,021000002,Homes and buildings; The natural world
500001601,damage,020000003,021000003,Politics and society
500001602,damage,020000004,021000003,Politics and society
500001603,damaged,020000001,021000003,Notions
500001604,damn,020000001,021000004,Communication
500001605,damn,020000002,021000004,Communication
500001606,damp,020000001,021000003,The natural world
500001607,dance,020000003,021000001,Culture; Leisure
500001608,dance,020000004,021000001,Leisure
500001609,dancer,020000003,021000002,Leisure
500001610,dancing,020000003,021000001,Leisure
500001611,dandelion,020000003,021000004,The natural world
500001612,danger,020000003,021000002,Notions; Politics and society
500001613,dangerous,020000001,021000002,Notions; Politics and society
500001614,dangerously,020000002,021000003,Notions
500001615,dare,020000004,021000003,Notions; People
500001616,dark,020000001,021000001,Appearance; The natural world
500001617,darkness,020000003,021000003,Appearance
500001618,darling,020000001,021000004,People
500001619,darling,020000003,021000004,People
500001620,dash,020000003,021000004,Communication; Sport
500001621,dash,020000004,021000004,Communication; Sport
500001622,data,020000003,021000004,Science and technology
500001623,database,020000003,021000004,Science and technology
500001624,date,020000003,021000001,Food and drink; People; Time and space
500001625,date,020000004,021000003,People
500001626,dated,020000001,021000004,Appearance
500001627,dating,020000003,021000003,People
500001628,daughter,020000003,021000001,People
500001629,daughter-in-law,020000003,021000004,People
500001630,dawn,020000003,021000004,Time and space
500001631,day,020000003,021000001,Time and space
500001632,daylight,020000003,021000002,Time and space
500001633,daytime,020000003,021000004,Time and space
500001634,daze,020000003,021000003,Communication
500001635,dazzle,020000003,021000003,Appearance
500001636,de facto,020000001,021000004,Notions
500001637,dead,020000001,021000002,People
500001638,deadline,020000003,021000003,People
500001639,deadly,020000001,021000003,Notions
500001640,deaf,020000001,021000003,Health
500001641,deal,020000003,021000002,Functions; Politics and society
500001642,deal,020000004,021000003,Leisure; Politics and society
500001643,dealer,020000003,021000003,Leisure; Politics and society; Travel
500001644,dear,020000001,021000001,People
500001645,dear,020000003,021000004,People
500001646,dearly,020000002,021000004,Health
500001647,death,020000003,021000002,People
500001648,debate,020000003,021000002,Functions; Politics and society
500001649,debit,020000003,021000004,Travel
500001650,debit,020000004,021000004,Work and business
500001651,debit card,020000003,021000004,Leisure
500001652,debris,020000003,021000003,Homes and buildings
500001653,debt,020000003,021000003,Leisure
500001654,decade,020000003,021000004,Time and space
500001655,decay,020000004,021000004,Homes and buildings
500001656,deceive,020000004,021000004,People; Politics and society
500001657,December,020000003,021000001,Time and space
500001658,decent,020000001,021000004,People
500001659,deceptive,020000001,021000004,Notions
500001660,decide,020000004,021000002,Functions
500001661,decision,020000003,021000003,Functions
500001662,decisive,020000001,021000004,Functions
500001663,deck,020000003,021000004,Culture; Homes and buildings; Science and technology; Travel
500001664,declaration,020000003,021000003,Politics and society
500001665,declare,020000004,021000003,Sport
500001666,decline,020000003,021000003,Notions
500001667,decline,020000004,021000004,Communication; Notions
500001668,decomposition,020000003,021000004,People
500001669,decorate,020000004,021000004,Culture; Homes and buildings
500001670,decoration,020000003,021000004,Homes and buildings; Politics and society
500001671,decorative,020000001,021000004,Culture
500001672,decrease,020000003,021000003,Notions
500001673,decrease,020000004,021000003,Notions
500001674,dedicate,020000004,021000003,Homes and buildings
500001675,dedication,020000003,021000004,Work and business
500001676,deduce,020000004,021000004,Functions; Science and technology
500001677,deduction,020000003,021000004,Science and technology
500001678,deed,020000003,021000003,Homes and buildings; Politics and society
500001679,deem,020000004,021000004,Functions
500001680,deep,020000001,021000004,Appearance; Functions
500001681,deep,020000002,021000002,Appearance; Functions
500001682,deeply,020000002,021000002,Appearance
500001683,deer,020000003,021000004,Animals
500001684,defeat,020000003,021000004,Notions; Politics and society; Sport
500001685,defeat,020000004,021000003,Notions; Politics and society; Sport
500001686,defend,020000004,021000003,Functions; Politics and society; Sport
500001687,defender,020000003,021000003,Sport
500001688,defense/defence,020000003,021000003,Functions; Politics and society; Sport
500001689,deficiency,020000003,021000003,Notions
500001690,deficit,020000003,021000004,Work and business
500001691,define,020000004,021000003,Animals
500001692,definite,020000001,021000003,Functions
500001693,definite article,020000003,021000003,Communication
500001694,definitely,020000002,021000003,Functions
500001695,definition,020000003,021000003,People
500001696,deforestation,020000003,021000004,The natural world
500001697,defy,020000004,021000004,Functions
500001698,degree,020000003,021000002,People; Science and technology
500001699,dehumanize/dehumanise,020000004,021000004,Sport
500001700,delay,020000003,021000002,Travel
500001701,delay,020000004,021000003,Politics and society
500001702,delegate,020000003,021000004,Functions
500001703,delete,020000004,021000003,Communication; Science and technology
500001704,deliberate,020000001,021000004,Functions
500001705,deliberately,020000002,021000004,Notions
500001706,delicacy,020000003,021000004,Food and drink
500001707,delicate,020000001,021000003,Health
500001708,delicately,020000002,021000004,Health
500001709,delicious,020000001,021000001,Food and drink
500001710,delight,020000003,021000003,Notions
500001711,delight,020000004,021000004,Notions
500001712,delighted,020000001,021000003,People
500001713,delightful,020000001,021000003,Notions
500001714,deliver,020000004,021000003,Leisure; People
500001715,delivery,020000003,021000003,Leisure; People; Sport
500001716,demand,020000003,021000003,Work and business
500001717,demand,020000004,021000003,Work and business
500001718,demanding,020000001,021000004,Work and business
500001719,democracy,020000003,021000003,Politics and society
500001720,democratic,020000001,021000003,Politics and society
500001721,demolish,020000004,021000004,Homes and buildings; People; Science and technology
500001722,demonstrate,020000004,021000003,Politics and society
500001723,demonstration,020000003,021000003,Politics and society
500001724,denim,020000003,021000004,Appearance
500001725,dense,020000001,021000004,Appearance
500001726,densely,020000002,021000004,Politics and society
500001727,dental,020000001,021000004,Notions
500001728,dentist,020000003,021000002,Health
500001729,deny,020000004,021000003,Communication
500001730,depart,020000004,021000003,Health
500001731,department,020000003,021000003,Leisure; People; Politics and society
500001732,department store,020000003,021000002,Leisure
500001733,departure,020000003,021000003,Travel
500001734,depend,020000004,021000002,Communication
500001735,dependable,020000001,021000004,People
500001736,dependent,020000001,021000003,Health; Politics and society
500001737,deposit,020000003,021000003,Homes and buildings; Politics and society; The natural world
500001738,deposit,020000004,021000004,Homes and buildings; The natural world
500001739,depressed,020000001,021000003,Health; People
500001740,depressing,020000001,021000003,People
500001741,depression,020000003,021000003,Health; People; Politics and society; The natural world
500001742,deprive,020000004,021000003,Notions
500001743,depth,020000003,021000003,Culture; Science and technology
500001744,deputy,020000003,021000004,People; Politics and society
500001745,derive,020000004,021000003,Notions
500001746,descend,020000004,021000004,Travel
500001747,describe,020000004,021000001,Communication
500001748,description,020000003,021000002,Culture
500001749,descriptive,020000001,021000004,Communication
500001750,desert,020000003,021000002,The natural world
500001751,deserve,020000004,021000003,Communication
500001752,design,020000003,021000001,Culture; Homes and buildings
500001753,design,020000004,021000003,Homes and buildings
500001754,designer,020000001,021000004,Appearance
500001755,designer,020000003,021000003,Appearance
500001756,desirable,020000001,021000004,Politics and society
500001757,desire,020000003,021000003,People
500001758,desire,020000004,021000004,People
500001759,desk,020000003,021000001,Homes and buildings; People; Travel
500001760,desktop,020000003,021000004,Science and technology
500001761,desolation,020000003,021000004,People
500001762,despair,020000003,021000003,People
500001763,desperate,020000001,021000003,Notions; People
500001764,desperately,020000002,021000004,Notions
500001765,desperation,020000003,021000004,People
500001766,despise,020000004,021000004,Functions
500001767,dessert,020000003,021000002,Food and drink
500001768,destination,020000003,021000003,Travel
500001769,destiny,020000003,021000004,Politics and society
500001770,destroy,020000004,021000002,Health
500001771,destruction,020000003,021000003,Notions
500001772,destructive,020000001,021000003,Notions
500001773,detach,020000004,021000004,Notions
500001774,detachment,020000003,021000004,Politics and society
500001775,detail,020000003,021000002,Culture
500001776,detailed,020000001,021000004,Notions
500001777,detect,020000004,021000004,Science and technology
500001778,detective,020000003,021000003,Politics and society
500001779,determination,020000003,021000003,Notions
500001780,determine,020000004,021000003,Science and technology
500001781,determined,020000001,021000004,Functions
500001782,determiner,020000003,021000004,Communication
500001783,devastate,020000004,021000003,People
500001784,devastating,020000001,021000003,Notions
500001785,develop,020000004,021000002,Health; Notions; Science and technology
500001786,developed,020000001,021000002,Politics and society
500001787,developing,020000001,021000004,Work and business
500001788,development,020000003,021000003,Homes and buildings; Notions; Science and technology
500001789,device,020000003,021000003,Science and technology
500001790,devil,020000003,021000004,Communication
500001791,devote,020000004,021000004,Notions
500001792,devoted,020000001,021000004,People
500001793,devotion,020000003,021000003,People; Politics and society
500001794,diagram,020000003,021000003,Notions
500001795,dial,020000003,021000003,Science and technology; Travel
500001796,dial,020000004,021000003,Communication
500001797,dialog/dialogue,020000003,021000003,Culture; Functions; Politics and society
500001798,diameter,020000003,021000003,Appearance; Science and technology
500001799,diamond,020000003,021000002,Appearance; Leisure; Sport
500001800,diaper,020000003,021000003,People
500001801,diarrhea/diarrhoea,020000003,021000004,Health
500001802,diary,020000003,021000002,Homes and buildings; Travel
500001803,dictator,020000003,021000004,Politics and society
500001804,dictionary,020000003,021000001,People
500001805,die,020000004,021000002,People
500001806,diet,020000003,021000002,Food and drink
500001807,differ,020000004,021000003,Functions
500001808,difference,020000003,021000001,Functions
500001809,different,020000001,021000001,Functions
500001810,differently,020000002,021000002,Notions
500001811,difficult,020000001,021000001,Notions; People
500001812,difficulty,020000003,021000002,Notions
500001813,dig,020000003,021000001,Time and space
500001814,dig,020000004,021000003,Homes and buildings
500001815,digest,020000003,021000004,Notions
500001816,digital,020000001,021000003,Culture; Science and technology
500001817,digital camera,020000003,021000002,Leisure
500001818,dignify,020000004,021000004,Appearance
500001819,dignity,020000003,021000004,Politics and society
500001820,dilemma,020000003,021000004,Functions
500001821,diligence,020000003,021000003,Work and business
500001822,diligent,020000001,021000003,People
500001823,dim,020000001,021000004,Functions
500001824,dime,020000003,021000004,Communication
500001825,dimension,020000003,021000004,Appearance; Science and technology
500001826,dining room,020000003,021000001,Homes and buildings
500001827,dinner,020000003,021000001,Food and drink
500001828,dinosaur,020000003,021000002,Animals
500001829,dioxide,020000003,021000003,People
500001830,dip,020000004,021000004,Travel
500001831,diphtheria,020000003,021000004,Health
500001832,diploma,020000003,021000004,People
500001833,diplomat,020000003,021000004,Politics and society
500001834,direct,020000001,021000002,Culture
500001835,direct,020000004,021000003,Culture
500001836,direction,020000003,021000002,Culture
500001837,directly,020000002,021000003,Notions
500001838,director,020000003,021000002,Culture
500001839,dirt,020000003,021000003,People
500001840,dirty,020000001,021000001,Politics and society
500001841,disability,020000003,021000003,Health
500001842,disable,020000004,021000003,Health
500001843,disabled,020000001,021000003,Health
500001844,disadvantage,020000003,021000002,Notions
500001845,disagree,020000004,021000002,Functions
500001846,disagreement,020000003,021000003,Functions
500001847,disappear,020000004,021000002,Politics and society
500001848,disappearance,020000003,021000004,Notions
500001849,disappoint,020000004,021000003,People
500001850,disappointed,020000001,021000002,People
500001851,disappointing,020000001,021000002,Notions; People
500001852,disappointment,020000003,021000003,People
500001853,disapproval,020000003,021000004,People
500001854,disapprove,020000004,021000004,Functions
500001855,disaster,020000003,021000003,Notions
500001856,disastrous,020000001,021000003,Notions
500001857,disc jockey/disk jockey,020000003,021000003,Culture
500001858,discharge,020000003,021000004,Health
500001859,disciple,020000003,021000004,Politics and society
500001860,discipline,020000003,021000004,People
500001861,disco,020000003,021000002,Culture
500001862,discomfort,020000003,021000003,Health
500001863,disconnect,020000004,021000004,Communication; Science and technology
500001864,discount,020000003,021000003,Leisure
500001865,discourage,020000004,021000003,Notions
500001866,discover,020000004,021000002,Science and technology
500001867,discovery,020000003,021000003,Science and technology
500001868,discredit,020000004,021000004,Appearance
500001869,discriminate,020000004,021000004,Politics and society
500001870,discrimination,020000003,021000003,Politics and society
500001871,discuss,020000004,021000001,Functions
500001872,discussion,020000003,021000002,Functions
500001873,disease,020000003,021000003,Health
500001874,disgrace,020000003,021000004,Politics and society
500001875,disguise,020000003,021000004,Appearance
500001876,disguise,020000004,021000004,Appearance
500001877,disgusting,020000001,021000003,People
500001878,dish,020000003,021000001,Food and drink
500001879,dishonest,020000001,021000002,People
500001880,dishonesty,020000003,021000004,People
500001881,dishwasher,020000003,021000003,Food and drink; Homes and buildings
500001882,disillusion,020000004,021000004,Notions
500001883,disk/disc,020000003,021000003,Appearance; Science and technology
500001884,dislike,020000003,021000002,Functions
500001885,dislike,020000004,021000003,Functions
500001886,dismiss,020000004,021000004,Politics and society; Sport
500001887,disorder,020000003,021000004,Health
500001888,disorderly,020000001,021000004,Politics and society
500001889,disorganized/disorganised,020000001,021000004,Functions
500001890,dispensable,020000001,021000004,Functions
500001891,displace,020000004,021000004,Politics and society
500001892,display,020000003,021000002,Leisure; Science and technology
500001893,display,020000004,021000003,Leisure; Science and technology
500001894,displeasure,020000003,021000004,Notions
500001895,disposal,020000003,021000004,The natural world
500001896,disposition,020000003,021000004,Work and business
500001897,dispute,020000003,021000004,Functions
500001898,disqualify,020000004,021000004,Notions
500001899,disregard,020000003,021000004,Notions
500001900,disrupt,020000004,021000004,Work and business
500001901,dissatisfaction,020000003,021000004,Notions
500001902,dissatisfied,020000001,021000004,Notions
500001903,dissident,020000003,021000004,Functions; Politics and society
500001904,dissolve,020000004,021000003,Functions; People; Science and technology
500001905,distance,020000003,021000003,Time and space
500001906,distant,020000001,021000003,People
500001907,distinction,020000003,021000003,Work and business
500001908,distinctly,020000002,021000003,Notions
500001909,distinguish,020000004,021000003,Notions
500001910,distinguished,020000001,021000004,Notions
500001911,distortion,020000003,021000004,Communication
500001912,distract,020000004,021000004,Notions
500001913,distraction,020000003,021000004,Functions
500001914,distressing,020000001,021000004,People
500001915,distribute,020000004,021000003,Politics and society
500001916,distribution,020000003,021000003,Politics and society
500001917,distributor,020000003,021000004,People; Work and business
500001918,district,020000003,021000003,Homes and buildings; The natural world
500001919,disturb,020000004,021000002,Work and business
500001920,disturbance,020000003,021000003,Health
500001921,dive,020000003,021000003,Sport; Travel
500001922,dive,020000004,021000003,Animals; Leisure; Sport; Travel
500001923,diver,020000003,021000003,Sport
500001924,diverse,020000001,021000003,Notions
500001925,diversion,020000003,021000004,Travel
500001926,divert,020000004,021000004,Work and business
500001927,divide,020000003,021000003,Functions; Science and technology; Travel
500001928,divide,020000004,021000002,Functions; Science and technology; Travel
500001929,divided,020000001,021000004,Functions
500001930,divine,020000001,021000003,Politics and society
500001931,diving,020000003,021000003,Sport
500001932,division,020000003,021000004,Functions; Science and technology; Sport
500001933,divorce,020000003,021000004,People; Politics and society
500001934,divorce,020000004,021000004,People; Politics and society
500001935,divorced,020000001,021000003,People
500001936,dizzy,020000001,021000002,Health
500001937,DJ,020000003,021000003,Appearance
500001938,DNA,020000003,021000004,Science and technology
500001939,doc,020000003,021000003,Communication; Work and business
500001940,dock,020000003,021000004,Politics and society; The natural world; Travel
500001941,doctor/Dr./Dr,020000003,021000001,Health; People
500001942,document,020000003,021000003,Politics and society; Science and technology
500001943,documentary,020000003,021000003,Culture
500001944,dog,020000003,021000001,Animals; Notions
500001945,doll,020000003,021000001,Leisure
500001946,dollar,020000003,021000001,Travel
500001947,dolphin,020000003,021000003,Animals
500001948,domestic,020000001,021000004,Animals; Politics and society; Travel
500001949,dominate,020000004,021000004,Sport
500001950,donate,020000004,021000004,Politics and society
500001951,donation,020000003,021000004,Politics and society
500001952,donkey,020000003,021000004,Animals
500001953,doom,020000003,021000004,Health
500001954,door,020000003,021000001,Homes and buildings
500001955,doorkeeper,020000003,021000004,People; Work and business
500001956,doorway,020000003,021000004,Homes and buildings
500001957,dorm,020000003,021000004,People
500001958,dormitory,020000003,021000004,Homes and buildings; People
500001959,dose,020000003,021000004,Health
500001960,dot,020000003,021000003,Communication; Culture
500001961,double,020000001,021000002,Culture; Science and technology; Sport; Travel
500001962,double,020000003,021000004,Culture; Sport; Travel
500001963,double,020000004,021000004,Science and technology
500001964,doubly,020000002,021000004,Notions
500001965,doubt,020000003,021000002,Functions
500001966,doubt,020000004,021000004,Functions
500001967,doubtful,020000001,021000004,Functions
500001968,dove,020000003,021000004,Animals
500001969,down,020000001,021000004,People; Science and technology
500001970,down,020000002,021000001,People; Science and technology
500001971,downfall,020000003,021000004,Work and business
500001972,download,020000003,021000004,Science and technology
500001973,download,020000004,021000002,Leisure; Science and technology
500001974,downsize,020000004,021000004,Work and business
500001975,downstairs,020000001,021000003,Homes and buildings
500001976,downstairs,020000002,021000002,Homes and buildings
500001977,downtown,020000002,021000002,Homes and buildings; Leisure
500001978,downward,020000001,021000003,Notions
500001979,dowry,020000003,021000004,People
500001980,doze,020000003,021000003,Appearance
500001981,dozen,020000003,021000003,Communication
500001982,draft/draught,020000003,021000004,Communication; Health; Leisure; Politics and society
500001983,drag,020000004,021000003,Science and technology
500001984,drain,020000003,021000004,Homes and buildings
500001985,drain,020000004,021000004,Homes and buildings
500001986,drama,020000003,021000001,Culture; Leisure; People
500001987,dramatic,020000001,021000003,Culture
500001988,dramatically,020000002,021000004,Leisure
500001989,drapery,020000003,021000004,Appearance; Travel
500001990,draw,020000003,021000002,Sport
500001991,draw,020000004,021000001,Culture; Sport
500001992,drawer,020000003,021000002,Homes and buildings
500001993,drawing,020000003,021000002,Culture; Leisure
500001994,dread,020000004,021000004,People
500001995,dreadful,020000001,021000004,People
500001996,dream,020000003,021000001,Notions
500001997,dream,020000004,021000002,Notions
500001998,dreamy,020000001,021000004,Appearance
500001999,dress,020000003,021000001,Appearance
500002000,dress,020000004,021000002,Appearance; Health
500002001,dressed,020000001,021000002,Food and drink
500002002,drill,020000003,021000002,Communication; People; Politics and society
500002003,drink,020000003,021000001,Food and drink; Politics and society
500002004,drink,020000004,021000001,Food and drink; Politics and society
500002005,drinkable,020000001,021000004,Food and drink
500002006,drive,020000003,021000001,Homes and buildings; Notions; People; Science and technology; Sport; Travel
500002007,drive,020000004,021000002,Travel
500002008,driver,020000003,021000001,Science and technology; Sport; Travel
500002009,driver's license/driving licence,020000003,021000002,Travel
500002010,droop,020000003,021000004,Notions
500002011,drop,020000003,021000002,Food and drink
500002012,drop,020000004,021000001,Notions; People; Travel
500002013,dropout,020000003,021000004,People
500002014,drought,020000003,021000004,The natural world
500002015,drown,020000004,021000003,Health
500002016,drug,020000003,021000002,Health; Politics and society
500002017,drugstore,020000003,021000002,Leisure
500002018,drum,020000003,021000001,Culture
500002019,drunk,020000001,021000003,Politics and society
500002020,dry,020000001,021000001,Food and drink; People; The natural world
500002021,dry,020000004,021000002,Food and drink; People; The natural world
500002022,duck,020000003,021000002,Animals; Food and drink; Sport
500002023,dude,020000003,021000003,Notions
500002024,due,020000001,021000001,Functions; Notions
500002025,duel,020000003,021000004,Politics and society
500002026,dull,020000001,021000003,Appearance; People; The natural world
500002027,dumb,020000001,021000004,Communication
500002028,dump,020000003,021000003,People; The natural world
500002029,dump,020000004,021000003,People; The natural world
500002030,duplicate,020000003,021000004,Notions
500002031,duplication,020000003,021000004,Notions
500002032,dust,020000003,021000002,Homes and buildings
500002033,dustbin,020000003,021000003,Homes and buildings
500002034,dusty,020000001,021000003,Notions
500002035,duty,020000003,021000003,People
500002036,duty-free,020000001,021000003,Leisure; Travel
500002037,duvet,020000003,021000003,Homes and buildings
500002038,DVD,020000003,021000001,Culture; Science and technology
500002039,dwarf,020000003,021000004,Culture; People
500002040,dye,020000003,021000004,Appearance
500002041,dynamic,020000001,021000004,Notions; People
500002042,dynasty,020000003,021000003,People
500002043,eager,020000001,021000003,People
500002044,eagerly,020000002,021000004,Notions
500002045,eagerness,020000003,021000003,People
500002046,eagle,020000003,021000004,Animals; Sport
500002047,ear,020000003,021000001,Appearance; The natural world
500002048,earache,020000003,021000003,Health
500002049,early,020000001,021000002,Time and space
500002050,early,020000002,021000001,Time and space
500002051,earn,020000004,021000002,Work and business
500002052,earnest,020000001,021000003,Time and space
500002053,earnings,020000003,021000004,Travel
500002054,earring,020000003,021000002,Appearance
500002055,earth,020000003,021000002,Science and technology; The natural world; Time and space
500002056,earthquake,020000003,021000002,The natural world
500002057,ease,020000003,021000004,Health
500002058,ease,020000004,021000004,Health
500002059,easily,020000002,021000002,Functions
500002060,east,020000001,021000002,The natural world
500002061,east,020000002,021000002,The natural world
500002062,east,020000003,021000002,The natural world
500002063,eastern,020000001,021000003,The natural world
500002064,eastward/eastwards,020000002,021000004,Time and space
500002065,easy,020000001,021000001,People
500002066,easygoing/easy-going,020000001,021000003,People
500002067,eat,020000004,021000001,Food and drink
500002068,eco,020000003,021000003,Notions
500002069,ecological,020000001,021000003,The natural world
500002070,ecologically,020000002,021000004,Notions
500002071,ecologist,020000003,021000004,The natural world
500002072,ecology,020000003,021000003,The natural world
500002073,economic,020000001,021000003,Work and business
500002074,economical,020000001,021000004,Work and business
500002075,economics,020000003,021000003,People
500002076,economist,020000003,021000004,People
500002077,economy,020000003,021000003,Politics and society
500002078,ecosystem,020000003,021000003,The natural world
500002079,ecstasy,020000003,021000003,Politics and society
500002080,ecstatic,020000001,021000004,People
500002081,edge,020000003,021000003,Homes and buildings
500002082,edit,020000003,021000004,Culture; Science and technology
500002083,edit,020000004,021000004,Culture; Science and technology
500002084,edition,020000003,021000003,Culture
500002085,editor,020000003,021000002,Culture
500002086,editorial,020000003,021000004,Culture; Functions
500002087,educate,020000004,021000003,People
500002088,educated,020000001,021000004,People
500002089,education,020000003,021000002,People
500002090,educational,020000001,021000002,People
500002091,educator,020000003,021000004,People
500002092,effect,020000003,021000002,Notions
500002093,effective,020000001,021000003,Notions
500002094,effectively,020000002,021000004,Notions
500002095,effectiveness,020000003,021000004,Notions
500002096,efficiency,020000003,021000003,Work and business
500002097,efficient,020000001,021000003,People
500002098,effort,020000003,021000002,Notions; Science and technology
500002099,egg,020000003,021000001,Animals; Food and drink; Science and technology
500002100,either,020000002,021000001,Functions
500002101,elbow,020000003,021000003,Appearance
500002102,elderly,020000001,021000002,People
500002103,elect,020000004,021000004,Politics and society
500002104,election,020000003,021000003,Politics and society
500002105,elective,020000001,021000004,People; Politics and society
500002106,electric,020000001,021000002,People; Science and technology
500002107,electrical,020000001,021000003,Leisure; Science and technology
500002108,electrician,020000003,021000004,People
500002109,electricity,020000003,021000003,Science and technology; The natural world
500002110,electron,020000003,021000003,Science and technology
500002111,electronic,020000001,021000003,Science and technology
500002112,electronically,020000002,021000004,Science and technology
500002113,electronics,020000003,021000004,Science and technology
500002114,elegance,020000003,021000004,Appearance
500002115,elegant,020000001,021000004,Appearance
500002116,elegantly,020000002,021000004,Appearance
500002117,element,020000003,021000003,Science and technology; The natural world
500002118,elemental,020000001,021000004,Animals
500002119,elementary,020000001,021000001,Time and space
500002120,elephant,020000003,021000002,Animals
500002121,elevator,020000003,021000002,Homes and buildings; The natural world; Travel
500002122,eligible,020000001,021000004,Notions
500002123,eliminate,020000004,021000003,Sport
500002124,elite,020000003,021000004,Politics and society
500002125,eloquence,020000003,021000004,Functions
500002126,eloquent,020000001,021000004,Functions
500002127,else,020000002,021000001,Time and space
500002128,elsewhere,020000002,021000002,Time and space
500002129,email,020000004,021000002,Science and technology
500002130,email/e-mail/E-mail,020000003,021000001,Communication
500002131,embarrass,020000004,021000003,Politics and society
500002132,embarrassed,020000001,021000003,People
500002133,embarrassing,020000001,021000002,People
500002134,embarrassment,020000003,021000003,People
500002135,embassy,020000003,021000004,Homes and buildings; Politics and society
500002136,embrace,020000003,021000004,Notions
500002137,emerge,020000004,021000003,Appearance
500002138,emergence,020000003,021000004,Time and space
500002139,emergency,020000003,021000002,Notions
500002140,emotion,020000003,021000003,People
500002141,emotional,020000001,021000003,People
500002142,emotionally,020000002,021000003,Politics and society
500002143,emperor,020000003,021000003,Politics and society; Time and space
500002144,emphasis,020000003,021000003,Communication
500002145,emphasize/emphasise,020000004,021000003,Communication
500002146,emphatically,020000002,021000004,Notions
500002147,empire,020000003,021000003,Time and space
500002148,employ,020000004,021000004,Work and business
500002149,employee,020000003,021000004,People; Work and business
500002150,employer,020000003,021000004,People; Work and business
500002151,employment,020000003,021000003,People; Work and business
500002152,empty,020000001,021000002,People
500002153,enable,020000004,021000003,Science and technology
500002154,enclose,020000004,021000003,Homes and buildings
500002155,encounter,020000003,021000003,Notions
500002156,encounter,020000004,021000004,Notions
500002157,encourage,020000004,021000002,Functions
500002158,encouragement,020000003,021000003,Notions
500002159,encouraging,020000001,021000003,Notions
500002160,encyclopedia/encyclopaedia,020000003,021000003,Culture
500002161,end,020000003,021000001,Culture; Sport
500002162,end,020000004,021000002,Culture; Sport
500002163,endanger,020000004,021000003,Functions
500002164,endangered,020000001,021000002,Animals
500002165,endeavor/endeavour,020000003,021000004,Notions
500002166,ending,020000003,021000002,Communication; Culture
500002167,endless,020000001,021000003,Appearance
500002168,endlessly,020000002,021000004,Appearance
500002169,endorse,020000004,021000004,Work and business
500002170,endurance,020000003,021000004,Appearance
500002171,endure,020000004,021000003,Appearance
500002172,enduring,020000001,021000004,Appearance
500002173,enemy,020000003,021000003,Functions; Notions; Politics and society
500002174,energetic,020000001,021000002,People
500002175,energy,020000003,021000004,Health; Science and technology; The natural world
500002176,enforce,020000004,021000004,Functions; Politics and society
500002177,engage,020000004,021000003,Politics and society
500002178,engaged,020000001,021000003,Communication; People
500002179,engagement,020000003,021000004,People; Politics and society
500002180,engine,020000003,021000003,Travel
500002181,engineer,020000003,021000001,Science and technology; Travel
500002182,engineering,020000003,021000003,People; Science and technology
500002183,Englishman,020000003,021000003,People
500002184,engulf,020000004,021000004,Notions
500002185,enhance,020000004,021000004,Notions
500002186,enjoy,020000004,021000001,People
500002187,enjoyable,020000001,021000003,Notions
500002188,enjoyment,020000003,021000003,People
500002189,enormous,020000001,021000002,Notions
500002190,enough,020000002,021000002,Communication
500002191,enrich,020000004,021000003,Food and drink
500002192,enroll/enrol,020000004,021000004,People
500002193,ensure,020000004,021000003,Functions
500002194,enter,020000004,021000002,Sport
500002195,enterprise,020000003,021000004,Notions
500002196,entertain,020000004,021000003,Food and drink
500002197,entertainer,020000003,021000003,People; Work and business
500002198,entertaining,020000001,021000004,Notions
500002199,entertainment,020000003,021000002,Leisure
500002200,enthusiasm,020000003,021000003,People
500002201,enthusiast,020000003,021000003,People
500002202,enthusiastic,020000001,021000003,People
500002203,enthusiastically,020000002,021000004,Notions
500002204,entire,020000001,021000003,Time and space
500002205,entirely,020000002,021000003,Functions
500002206,entitle,020000004,021000004,Sport
500002207,entrance,020000003,021000002,Homes and buildings; People
500002208,entrepreneur,020000003,021000004,Work and business
500002209,entry,020000003,021000003,Culture; Homes and buildings
500002210,envelope,020000003,021000002,Communication
500002211,environment,020000003,021000004,Science and technology; The natural world
500002212,environmental,020000001,021000003,The natural world
500002213,environmentalist,020000003,021000003,The natural world
500002214,environmentally,020000002,021000004,Notions
500002215,environmentally friendly,020000001,021000004,The natural world
500002216,envy,020000003,021000002,People
500002217,envy,020000004,021000004,People
500002218,episode,020000003,021000002,Culture; Health
500002219,equal,020000001,021000003,Notions; Politics and society
500002220,equal,020000003,021000004,Politics and society
500002221,equal,020000004,021000004,Notions; Politics and society
500002222,equality,020000003,021000003,Politics and society
500002223,equally,020000002,021000003,Notions
500002224,equation,020000003,021000004,Science and technology
500002225,equip,020000004,021000004,Functions
500002226,equipment,020000003,021000003,Homes and buildings; Science and technology
500002227,equity,020000003,021000004,Politics and society
500002228,era,020000003,021000003,Time and space
500002229,erect,020000001,021000004,Appearance
500002230,error,020000003,021000002,Functions
500002231,erupt,020000004,021000004,The natural world
500002232,eruption,020000003,021000004,The natural world
500002233,escalator,020000003,021000002,Homes and buildings; Leisure
500002234,escape,020000003,021000002,Notions; Science and technology
500002235,escape,020000004,021000003,Notions
500002236,especially,020000002,021000002,Functions
500002237,essay,020000003,021000002,People
500002238,essayist,020000003,021000004,Culture
500002239,essence,020000003,021000003,Food and drink
500002240,essential,020000001,021000003,Animals
500002241,essentially,020000002,021000004,Animals
500002242,establish,020000004,021000002,Notions
500002243,establishment,020000003,021000003,Travel
500002244,estate,020000003,021000004,Homes and buildings
500002245,estimate,020000003,021000004,Functions
500002246,estimate,020000004,021000003,Functions
500002247,estimated,020000001,021000004,Notions
500002248,eternal,020000001,021000003,Politics and society
500002249,eternally,020000002,021000004,Notions
500002250,eternity,020000003,021000003,Time and space
500002251,ethic,020000003,021000004,People
500002252,ethnic,020000001,021000004,Politics and society
500002253,euro,020000003,021000002,Work and business
500002254,evacuate,020000004,021000004,Notions; Politics and society
500002255,evacuation,020000003,021000004,Notions; Politics and society
500002256,evaluate,020000004,021000004,Functions; Science and technology
500002257,evaluation,020000003,021000004,Functions; Science and technology
500002258,even,020000001,021000003,Time and space
500002259,even,020000002,021000002,Time and space
500002260,evening,020000003,021000001,Time and space
500002261,evenly,020000002,021000003,Time and space
500002262,event,020000003,021000001,Sport
500002263,eventually,020000002,021000003,Time and space
500002264,ever,020000002,021000002,Time and space
500002265,everlasting,020000001,021000004,Appearance
500002266,everyday,020000001,021000001,Time and space
500002267,everywhere,020000002,021000001,Time and space
500002268,evidence,020000003,021000002,Functions; Politics and society; Science and technology
500002269,evident,020000001,021000003,Notions
500002270,evidently,020000002,021000004,Communication
500002271,evil,020000001,021000004,People
500002272,evil,020000003,021000004,People
500002273,evolution,020000003,021000004,Science and technology
500002274,evolve,020000004,021000004,Science and technology
500002275,exact,020000001,021000003,Notions
500002276,exactly,020000002,021000002,Functions
500002277,exactness,020000003,021000004,Notions
500002278,exaggerate,020000003,021000004,Notions
500002279,exaggeration,020000003,021000004,Notions
500002280,exalt,020000004,021000004,Notions
500002281,exam,020000003,021000002,People
500002282,examination,020000003,021000003,Functions; Health; People
500002283,examine,020000004,021000003,Functions; Health
500002284,examinee,020000003,021000004,People
500002285,examiner,020000003,021000003,People; Work and business
500002286,example,020000003,021000001,Communication
500002287,exceed,020000004,021000004,Time and space
500002288,excel,020000004,021000004,People
500002289,excellence,020000003,021000003,Notions
500002290,excellent,020000001,021000001,Notions
500002291,exception,020000003,021000004,Functions
500002292,exceptional,020000001,021000004,Notions
500002293,exceptionally,020000002,021000004,Time and space
500002294,excess,020000003,021000003,Work and business
500002295,excessive,020000001,021000004,Notions
500002296,exchange,020000003,021000002,Functions; People; Travel
500002297,exchange,020000004,021000003,Homes and buildings
500002298,exchange rate,020000003,021000003,Notions
500002299,excited,020000001,021000001,People
500002300,excitedly,020000002,021000003,Notions
500002301,excitement,020000003,021000003,People
500002302,exciting,020000001,021000001,Notions
500002303,exclaim,020000004,021000004,Health
500002304,exclamation mark,020000003,021000004,Communication
500002305,exclude,020000004,021000004,People
500002306,exclusion,020000003,021000004,People
500002307,exclusive,020000001,021000003,Homes and buildings
500002308,exclusively,020000002,021000004,Notions
500002309,excursion,020000003,021000004,Travel
500002310,excuse,020000003,021000001,Health
500002311,excuse,020000004,021000003,Health
500002312,execute,020000004,021000004,Culture; Politics and society
500002313,execution,020000003,021000004,Politics and society
500002314,executive,020000001,021000004,Politics and society
500002315,executive,020000003,021000004,Politics and society
500002316,exercise,020000003,021000002,Health; Notions; People; Sport
500002317,exercise,020000004,021000001,Health; Notions; Sport
500002318,exhaust,020000003,021000004,The natural world; Travel
500002319,exhausted,020000001,021000003,People
500002320,exhausting,020000001,021000004,People
500002321,exhaustion,020000003,021000004,People
500002322,exhibit,020000004,021000004,Culture
500002323,exhibition,020000003,021000002,Culture
500002324,exile,020000003,021000004,Politics and society
500002325,exist,020000004,021000002,Work and business
500002326,existence,020000003,021000003,Politics and society
500002327,existing,020000001,021000004,Notions
500002328,exit,020000003,021000003,Culture; Homes and buildings; Travel
500002329,exit,020000004,021000003,Science and technology
500002330,exotic,020000001,021000004,Politics and society
500002331,expand,020000004,021000003,Notions; Science and technology
500002332,expansion,020000003,021000004,Notions
500002333,expect,020000004,021000002,Functions
500002334,expectation,020000003,021000004,Functions
500002335,expected,020000001,021000004,Functions
500002336,expedition,020000003,021000004,Travel
500002337,expense,020000003,021000003,Travel
500002338,expensive,020000001,021000001,Leisure
500002339,experience,020000003,021000002,Communication
500002340,experience,020000004,021000003,Communication
500002341,experienced,020000001,021000003,People
500002342,experiment,020000003,021000003,Science and technology
500002343,experiment,020000004,021000004,Science and technology
500002344,expert,020000001,021000004,Functions
500002345,expert,020000003,021000002,People; Work and business
500002346,explain,020000004,021000002,Communication
500002347,explanation,020000003,021000002,Functions
500002348,explode,020000004,021000004,Notions; People; Politics and society
500002349,exploit,020000004,021000004,Work and business
500002350,exploration,020000003,021000003,Appearance
500002351,explore,020000004,021000002,Leisure; Travel
500002352,explorer,020000003,021000004,Time and space
500002353,explosion,020000003,021000003,Politics and society
500002354,explosive,020000001,021000004,People; Politics and society
500002355,explosive,020000003,021000004,Politics and society
500002356,export,020000003,021000004,Science and technology
500002357,export,020000004,021000004,Science and technology
500002358,expose,020000004,021000003,Science and technology
500002359,express,020000003,021000002,Travel
500002360,express,020000004,021000003,Functions; Science and technology
500002361,expression,020000003,021000002,Appearance; Communication; Functions
500002362,expressive,020000001,021000004,Functions
500002363,exquisite,020000001,021000004,Appearance
500002364,extend,020000004,021000003,Health
500002365,extension,020000003,021000004,Communication; Homes and buildings; People; Science and technology
500002366,extensive,020000001,021000004,Time and space
500002367,extensively,020000002,021000003,Time and space
500002368,extent,020000003,021000003,Appearance
500002369,external,020000001,021000004,Homes and buildings
500002370,extinct,020000001,021000003,Animals
500002371,extinction,020000003,021000003,Animals
500002372,extra,020000001,021000002,Culture
500002373,extra,020000002,021000002,Culture
500002374,extra,020000003,021000003,Culture
500002375,extract,020000003,021000004,Communication
500002376,extract,020000004,021000004,Communication
500002377,extraordinarily,020000002,021000004,Notions
500002378,extraordinary,020000001,021000003,Work and business
500002379,extreme,020000001,021000003,Politics and society
500002380,extreme sports,020000003,021000003,Notions
500002381,extremely,020000002,021000002,Notions
500002382,exultant,020000001,021000004,People
500002383,eye,020000003,021000001,Appearance; The natural world
500002384,eyebrow,020000003,021000004,Appearance
500002385,eyelash,020000003,021000004,Appearance
500002386,eyelid,020000003,021000004,Appearance
500002387,eyesight,020000003,021000003,Travel
500002388,fabric,020000003,021000004,Appearance; Homes and buildings; Leisure; Science and technology
500002389,fabulous,020000001,021000004,Notions
500002390,face,020000003,021000001,Appearance
500002391,face,020000004,021000002,Homes and buildings
500002392,face to face,020000002,021000003,Politics and society
500002393,face-to-face,020000001,021000003,Politics and society
500002394,facilitate,020000004,021000004,Functions
500002395,facilities,020000003,021000004,Notions
500002396,facility,020000003,021000003,Science and technology
500002397,fact,020000003,021000002,Science and technology
500002398,factor,020000003,021000004,Notions; Science and technology
500002399,factory,020000003,021000001,Homes and buildings
500002400,faculty,020000003,021000004,People
500002401,fade,020000004,021000003,Sport
500002402,fail,020000004,021000002,Notions; People
500002403,failure,020000003,021000003,Notions
500002404,faint,020000001,021000003,Health
500002405,faint,020000004,021000004,Health
500002406,fair,020000001,021000001,Appearance; The natural world
500002407,fair,020000003,021000003,Appearance; The natural world
500002408,fairly,020000002,021000002,Time and space
500002409,fairy,020000003,021000001,Culture
500002410,faith,020000003,021000004,Politics and society
500002411,faithful,020000001,021000003,People
500002412,fake,020000001,021000003,People; Politics and society
500002413,fall,020000003,021000003,Notions; The natural world; Time and space
500002414,fall,020000004,021000002,Notions; Politics and society
500002415,fallen,020000001,021000003,Politics and society
500002416,FALSE,020000001,021000001,People
500002417,falter,020000004,021000004,Communication
500002418,fame,020000003,021000004,Appearance
500002419,familiar,020000001,021000002,Notions
500002420,familiarize/familiarise,020000004,021000004,Culture
500002421,family,020000003,021000001,Animals; People
500002422,famous,020000001,021000001,Communication
500002423,fan,020000003,021000001,Homes and buildings; Sport
500002424,fancy,020000001,021000002,Notions; People
500002425,fancy,020000003,021000003,Notions; People
500002426,fancy,020000004,021000003,Notions; People
500002427,fantastic,020000001,021000002,Notions
500002428,fantastically,020000002,021000004,Notions
500002429,fantasy,020000003,021000003,Culture; Sport
500002430,far,020000001,021000004,Time and space
500002431,far,020000002,021000002,Time and space
500002432,faraway,020000001,021000003,Appearance
500002433,fare,020000003,021000002,Travel
500002434,farewell,020000003,021000003,Notions
500002435,farm,020000003,021000001,Homes and buildings; The natural world
500002436,farmer,020000003,021000001,The natural world
500002437,farming,020000003,021000003,The natural world
500002438,farmland,020000003,021000003,The natural world
500002439,farther,020000002,021000003,Homes and buildings
500002440,farthest,020000002,021000003,Time and space
500002441,fascinate,020000004,021000003,Notions
500002442,fascinated,020000001,021000004,People
500002443,fascinating,020000001,021000002,Notions
500002444,fascination,020000003,021000004,People
500002445,fashion,020000003,021000002,Appearance
500002446,fashionable,020000001,021000003,Appearance
500002447,fast,020000001,021000001,Appearance
500002448,fast,020000002,021000001,Appearance
500002449,fast food,020000003,021000002,Food and drink
500002450,fasten,020000004,021000003,Appearance
500002451,fat,020000001,021000001,Appearance
500002452,fat,020000003,021000004,Appearance; Food and drink
500002453,fatal,020000001,021000004,Health; Notions
500002454,fate,020000003,021000004,Politics and society
500002455,father,020000003,021000001,People; Politics and society
500002456,father-in-law,020000003,021000004,People
500002457,fault,020000003,021000002,Sport; The natural world
500002458,faulty,020000001,021000004,Notions
500002459,favor/favour,020000003,021000002,Notions
500002460,favorable/favourable,020000001,021000003,Functions; Notions; The natural world
500002461,favorite/favourite,020000001,021000001,Communication
500002462,favorite/favourite,020000003,021000001,Communication
500002463,fax,020000003,021000003,Communication
500002464,fax,020000004,021000003,Communication
500002465,fear,020000003,021000002,People
500002466,fear,020000004,021000004,People
500002467,fearsome,020000001,021000004,People
500002468,feast,020000003,021000003,Food and drink; Politics and society
500002469,feat,020000003,021000004,Work and business
500002470,feather,020000003,021000002,Animals
500002471,feature,020000003,021000002,Culture
500002472,feature,020000004,021000004,Culture
500002473,February,020000003,021000001,Time and space
500002474,fed up,020000001,021000004,People
500002475,federal,020000001,021000004,Politics and society
500002476,fee,020000003,021000002,People
500002477,feed,020000003,021000001,Communication; Culture; People
500002478,feed,020000004,021000003,Animals; The natural world
500002479,feedback,020000003,021000004,Functions
500002480,feel,020000003,021000002,Functions
500002481,feel,020000004,021000001,Functions
500002482,feeling,020000003,021000001,Functions; People
500002483,fellow,020000001,021000004,People
500002484,fellow,020000003,021000003,People
500002485,female,020000001,021000002,Politics and society; Science and technology
500002486,female,020000003,021000004,Science and technology
500002487,fence,020000003,021000002,Homes and buildings; The natural world
500002488,ferry,020000003,021000003,Travel
500002489,ferryboat,020000003,021000004,Travel
500002490,festival,020000003,021000001,Culture; Politics and society
500002491,festive,020000001,021000003,Politics and society
500002492,fetch,020000004,021000003,Work and business
500002493,fever,020000003,021000001,Health
500002494,feverishly,020000002,021000003,Notions
500002495,fiber/fibre,020000003,021000004,Appearance; Food and drink; Science and technology
500002496,fiction,020000003,021000002,Culture
500002497,fictional,020000001,021000004,Notions
500002498,field,020000003,021000001,Science and technology; Sport; The natural world
500002499,fierce,020000001,021000004,People
500002500,fifth,020000003,021000003,Notions
500002501,fight,020000003,021000001,Functions; Notions; Sport
500002502,fight,020000004,021000003,Functions; Notions; Sport
500002503,fighter,020000003,021000002,Politics and society; Travel
500002504,fighting,020000003,021000004,Functions; Notions
500002505,figurative,020000001,021000004,Culture
500002506,figure,020000003,021000002,Appearance; Culture; Science and technology
500002507,figure,020000004,021000002,Appearance; Culture; Science and technology
500002508,file,020000003,021000001,Science and technology
500002509,file,020000004,021000004,Science and technology
500002510,filial,020000001,021000004,Notions
500002511,fill,020000004,021000001,Work and business
500002512,filling,020000003,021000003,Appearance
500002513,film,020000003,021000002,Culture
500002514,film,020000004,021000003,Culture
500002515,film-maker,020000003,021000003,Culture
500002516,filter,020000003,021000003,Communication; Science and technology
500002517,final,020000001,021000002,People; Sport
500002518,final,020000003,021000002,People; Sport
500002519,finally,020000002,021000002,Appearance
500002520,finance,020000003,021000004,Work and business
500002521,finance,020000004,021000003,Work and business
500002522,financial,020000001,021000003,Work and business
500002523,financially,020000002,021000004,Work and business
500002524,find,020000004,021000001,Functions; Politics and society
500002525,finding,020000003,021000003,Functions; Politics and society; Science and technology
500002526,fine,020000001,021000001,Health; The natural world
500002527,fine,020000002,021000004,Health; Politics and society; The natural world
500002528,fine,020000003,021000003,Politics and society
500002529,fine,020000004,021000004,Politics and society
500002530,finely,020000002,021000004,Appearance
500002531,finger,020000003,021000003,Appearance
500002532,fingernail,020000003,021000004,Appearance
500002533,finish,020000003,021000001,Culture
500002534,finish,020000004,021000001,Sport
500002535,fire,020000003,021000001,Politics and society
500002536,fire,020000004,021000004,Culture; People; Politics and society
500002537,fire brigade,020000003,021000004,People
500002538,fire station,020000003,021000003,Homes and buildings
500002539,firearm,020000003,021000004,Politics and society
500002540,firefighter,020000003,021000003,Work and business
500002541,fireplace,020000003,021000004,Homes and buildings
500002542,firework,020000003,021000003,Politics and society
500002543,firm,020000001,021000003,Work and business
500002544,firm,020000003,021000003,Culture; Leisure
500002545,firmly,020000002,021000003,Notions
500002546,firmness,020000003,021000004,Appearance
500002547,first,020000001,021000001,Politics and society
500002548,first,020000002,021000001,Politics and society
500002549,first floor,020000003,021000003,Homes and buildings
500002550,first lady,020000003,021000003,Sport
500002551,first language,020000003,021000004,Communication
500002552,first name,020000003,021000002,People
500002553,first person,020000003,021000004,Communication; Culture
500002554,first-floor,020000001,021000003,Homes and buildings
500002555,firstly,020000002,021000004,Time and space
500002556,fiscal,020000001,021000004,Work and business
500002557,fish,020000003,021000001,Animals; Food and drink
500002558,fish,020000004,021000003,Leisure
500002559,fisherman,020000003,021000002,Leisure
500002560,fishing,020000003,021000001,Leisure
500002561,fit,020000001,021000002,Appearance; Health
500002562,fit,020000003,021000004,Appearance; Health
500002563,fit,020000004,021000003,Appearance; Functions
500002564,fitness,020000003,021000003,Health
500002565,fix,020000003,021000002,Appearance
500002566,fix,020000004,021000003,Appearance
500002567,fixed,020000001,021000004,Functions
500002568,flag,020000003,021000001,Travel
500002569,flame,020000003,021000004,Communication
500002570,flap,020000004,021000004,People
500002571,flash,020000001,021000003,Politics and society
500002572,flash,020000003,021000004,Politics and society
500002573,flash,020000004,021000004,Politics and society
500002574,flat,020000001,021000003,Appearance; Culture; Food and drink; Functions; The natural world
500002575,flat,020000002,021000004,Appearance; Culture; Food and drink; Functions; Homes and buildings; The natural world; Travel
500002576,flat,020000003,021000001,Appearance; Homes and buildings; Travel
500002577,flavor/flavour,020000003,021000003,Food and drink
500002578,flaw,020000003,021000004,Work and business
500002579,flawless,020000001,021000004,Notions
500002580,flax,020000003,021000004,Animals
500002581,flea,020000003,021000002,Animals
500002582,flee,020000004,021000004,Notions
500002583,fleet,020000003,021000004,Politics and society
500002584,flesh,020000003,021000004,Appearance; Food and drink
500002585,flexibility,020000003,021000004,Functions
500002586,flexible,020000001,021000004,Science and technology
500002587,flexibly,020000002,021000004,Notions
500002588,flight,020000003,021000002,Animals; Notions; Travel
500002589,flip,020000004,021000004,People
500002590,float,020000003,021000002,Functions; Travel
500002591,float,020000004,021000003,Functions; Travel
500002592,flock,020000003,021000003,Animals
500002593,flood,020000003,021000002,The natural world
500002594,flood,020000004,021000003,The natural world
500002595,floor,020000003,021000001,Homes and buildings; Travel
500002596,flour,020000003,021000002,Food and drink
500002597,flow,020000003,021000003,The natural world
500002598,flow,020000004,021000003,The natural world
500002599,flower,020000003,021000001,The natural world
500002600,flu,020000003,021000003,Health
500002601,fluency,020000003,021000004,Communication
500002602,fluent,020000001,021000003,Communication
500002603,fluently,020000002,021000003,Communication
500002604,fluid,020000001,021000004,Functions
500002605,flunk,020000004,021000003,Notions; People
500002606,flute,020000003,021000003,Culture
500002607,flutter,020000003,021000004,Health; People
500002608,fly,020000003,021000001,Animals; Appearance
500002609,fly,020000004,021000001,Animals; Travel
500002610,focus,020000003,021000004,The natural world
500002611,focus,020000004,021000001,The natural world
500002612,fog,020000003,021000002,The natural world
500002613,foggy,020000001,021000001,The natural world
500002614,fold,020000003,021000003,The natural world
500002615,fold,020000004,021000003,The natural world
500002616,folder,020000003,021000002,Science and technology
500002617,folk,020000003,021000003,Culture
500002618,follow,020000004,021000002,Communication; Functions; Notions
500002619,follower,020000003,021000004,Communication; Politics and society
500002620,following,020000001,021000001,Travel
500002621,folly,020000003,021000004,Homes and buildings
500002622,fond,020000001,021000003,People
500002623,fondly,020000002,021000004,Notions
500002624,fondness,020000003,021000003,Appearance
500002625,food,020000003,021000001,Food and drink
500002626,fool,020000003,021000002,Food and drink
500002627,fool,020000004,021000003,People
500002628,foolish,020000001,021000003,People
500002629,foolishly,020000002,021000004,Notions
500002630,foot,020000003,021000003,Appearance; Culture; Science and technology
500002631,football,020000003,021000001,Functions; Sport
500002632,footballer,020000003,021000002,Sport
500002633,footnote,020000003,021000004,Culture
500002634,forbid,020000004,021000002,Functions
500002635,forbidden,020000001,021000003,Functions
500002636,force,020000003,021000002,Politics and society; Science and technology; The natural world
500002637,force,020000004,021000004,Politics and society; Science and technology; The natural world
500002638,forcefully,020000002,021000004,Politics and society
500002639,forecast,020000003,021000003,Functions; The natural world
500002640,forehead,020000003,021000003,Appearance
500002641,foreign,020000001,021000001,Politics and society; Travel
500002642,foreigner,020000003,021000001,People
500002643,foreman,020000003,021000004,People; Work and business
500002644,foresee,020000004,021000004,Time and space
500002645,forest,020000003,021000002,The natural world
500002646,forestry,020000003,021000004,Science and technology
500002647,forever,020000002,021000002,Communication
500002648,forget,020000004,021000001,Work and business
500002649,forgive,020000004,021000003,Work and business
500002650,fork,020000003,021000002,Food and drink; Homes and buildings; The natural world; Travel
500002651,form,020000003,021000001,Appearance; Communication; Health; People
500002652,form,020000004,021000003,Communication
500002653,formal,020000001,021000003,Appearance; Homes and buildings
500002654,formally,020000002,021000003,Homes and buildings
500002655,format,020000003,021000003,Science and technology
500002656,format,020000004,021000003,Science and technology
500002657,formation,020000003,021000004,The natural world
500002658,former,020000001,021000003,Time and space
500002659,formerly,020000002,021000004,Time and space
500002660,formidable,020000001,021000004,Politics and society
500002661,formula,020000003,021000003,Science and technology
500002662,forth,020000002,021000003,Time and space
500002663,forthcoming,020000001,021000004,Notions
500002664,fortnight,020000003,021000003,Time and space
500002665,fortunate,020000001,021000003,Notions
500002666,fortunately,020000002,021000002,Notions
500002667,fortune,020000003,021000002,Travel
500002668,forward/forwards,020000002,021000002,Travel
500002669,foul,020000001,021000004,The natural world
500002670,found,020000004,021000004,Time and space
500002671,foundation,020000003,021000003,Appearance; Homes and buildings; Politics and society
500002672,fountain,020000003,021000003,Homes and buildings
500002673,fox,020000003,021000004,Animals
500002674,fragment,020000003,021000003,Appearance
500002675,fragrance,020000003,021000004,Leisure
500002676,frame,020000003,021000002,Culture; Homes and buildings; Sport
500002677,frame,020000004,021000004,Culture
500002678,frank,020000001,021000002,People
500002679,frankly,020000002,021000004,Politics and society
500002680,frantically,020000002,021000004,Notions
500002681,fraud,020000003,021000004,Politics and society
500002682,freak,020000004,021000004,People
500002683,free,020000001,021000001,Leisure
500002684,free,020000002,021000002,Leisure
500002685,free,020000004,021000004,Leisure
500002686,freedom,020000003,021000002,Science and technology
500002687,freely,020000002,021000003,Communication
500002688,freeze,020000004,021000002,Culture; Science and technology; The natural world
500002689,freezer,020000003,021000003,Homes and buildings
500002690,freezing,020000001,021000003,The natural world
500002691,frequency,020000003,021000003,Culture; Science and technology
500002692,frequent,020000001,021000003,Time and space
500002693,frequently,020000002,021000003,Notions
500002694,fresh,020000001,021000002,Food and drink; People
500002695,freshman,020000003,021000003,People
500002696,Friday,020000003,021000001,Time and space
500002697,fridge,020000003,021000002,Homes and buildings
500002698,fried,020000001,021000002,Notions
500002699,friend,020000003,021000001,Communication; People; Politics and society
500002700,friendliness,020000003,021000003,People
500002701,friendly,020000001,021000004,People; Sport
500002702,friendship,020000003,021000002,People
500002703,frigate,020000003,021000004,Politics and society; Travel
500002704,fright,020000003,021000003,People
500002705,frighten,020000004,021000002,Notions
500002706,frightened,020000001,021000002,People
500002707,frightening,020000001,021000002,Notions
500002708,frog,020000003,021000001,Animals
500002709,front,020000001,021000001,Homes and buildings; People; Politics and society; The natural world; Travel
500002710,front,020000003,021000002,Homes and buildings; People; Politics and society; The natural world; Travel
500002711,frontier,020000003,021000004,Politics and society
500002712,frost,020000003,021000003,The natural world
500002713,frozen,020000001,021000003,People
500002714,frugal,020000001,021000004,Food and drink
500002715,fruit,020000003,021000001,Food and drink; The natural world
500002716,frustrated,020000001,021000003,Notions; People
500002717,frustration,020000003,021000003,Notions
500002718,fry,020000003,021000002,Food and drink
500002719,fry,020000004,021000003,Food and drink
500002720,frying pan,020000003,021000003,Food and drink
500002721,fuel,020000003,021000003,The natural world
500002722,fulfill/fulfil,020000004,021000004,Notions; People
500002723,full,020000001,021000001,Food and drink
500002724,full stop,020000003,021000003,Communication
500002725,full-time,020000001,021000003,Sport
500002726,full-time,020000002,021000003,Sport
500002727,fully,020000002,021000002,Notions
500002728,fume,020000003,021000004,Notions
500002729,fun,020000001,021000001,Leisure; People
500002730,fun,020000003,021000001,Leisure; People
500002731,function,020000003,021000003,Science and technology
500002732,function,020000004,021000002,Science and technology
500002733,functional,020000001,021000004,Work and business
500002734,functionality,020000003,021000004,Science and technology
500002735,fund,020000003,021000003,Politics and society
500002736,fund,020000004,021000003,Politics and society
500002737,fundamental,020000001,021000004,Functions
500002738,funeral,020000003,021000003,People; Politics and society
500002739,funk,020000003,021000004,Culture
500002740,funky,020000001,021000004,Leisure
500002741,funny,020000001,021000001,Health
500002742,fur,020000003,021000003,Animals; Appearance
500002743,furious,020000001,021000004,People
500002744,furiously,020000002,021000004,Science and technology
500002745,furnish,020000004,021000003,Homes and buildings
500002746,furniture,020000003,021000002,Homes and buildings; Leisure
500002747,furor/furore,020000003,021000004,Notions
500002748,further,020000001,021000002,Notions
500002749,further,020000002,021000003,Notions
500002750,furthermore,020000002,021000003,Functions
500002751,furthest,020000002,021000003,Time and space
500002752,fuss,020000003,021000003,Work and business
500002753,future,020000001,021000003,Communication; Notions
500002754,future,020000003,021000001,Communication; Notions
500002755,gaiety,020000003,021000004,Leisure
500002756,gain,020000003,021000003,Notions
500002757,gain,020000004,021000003,Notions
500002758,gall,020000003,021000003,Travel
500002759,gallery,020000003,021000002,Culture; Homes and buildings
500002760,gallon,020000003,021000003,Science and technology
500002761,gambling,020000003,021000004,Work and business
500002762,game,020000003,021000001,Animals; Leisure; Sport
500002763,gang,020000003,021000004,People
500002764,gangster,020000003,021000004,Politics and society
500002765,gap,020000003,021000003,Functions
500002766,garage,020000003,021000002,Culture; Homes and buildings; Travel
500002767,garbage,020000003,021000001,The natural world
500002768,garden,020000003,021000001,Homes and buildings
500002769,gardener,020000003,021000004,Homes and buildings
500002770,gardening,020000003,021000003,Leisure
500002771,garlic,020000003,021000002,Food and drink
500002772,garment,020000003,021000003,Appearance
500002773,gas,020000003,021000002,Science and technology; The natural world; Travel
500002774,gasp,020000003,021000004,Health
500002775,gate,020000003,021000002,Homes and buildings; Travel
500002776,gateway,020000003,021000004,Homes and buildings
500002777,gather,020000004,021000002,Food and drink
500002778,gaudy,020000001,021000004,Appearance
500002779,gay,020000001,021000003,Politics and society
500002780,gaze,020000003,021000004,Appearance
500002781,gear,020000003,021000004,Travel
500002782,gender,020000003,021000002,Communication; Politics and society
500002783,gene,020000003,021000003,Science and technology
500002784,general,020000001,021000003,Politics and society
500002785,general,020000003,021000003,Politics and society
500002786,generalization/generalisation,020000003,021000004,Notions
500002787,generalize/generalise,020000004,021000004,Functions
500002788,generally,020000002,021000003,Politics and society
500002789,generate,020000004,021000003,Science and technology; The natural world
500002790,generation,020000003,021000002,People; Politics and society; Science and technology; The natural world; Time and space
500002791,generosity,020000003,021000004,Work and business
500002792,generous,020000001,021000003,People
500002793,generously,020000002,021000004,Notions
500002794,genetic,020000001,021000003,Health; Science and technology
500002795,genetically,020000002,021000003,Science and technology
500002796,genetics,020000003,021000003,Science and technology
500002797,genius,020000003,021000004,People
500002798,genre,020000003,021000004,Culture
500002799,gentle,020000001,021000002,People
500002800,gentleman,020000003,021000003,People
500002801,gently,020000002,021000004,Communication
500002802,genuine,020000001,021000004,People
500002803,genuinely,020000002,021000004,Functions
500002804,geographic,020000001,021000004,Notions
500002805,geographical,020000001,021000003,The natural world
500002806,geography,020000003,021000003,People; The natural world
500002807,geology,020000003,021000003,People; Science and technology; The natural world
500002808,germ,020000003,021000004,Health; Science and technology
500002809,gesture,020000003,021000003,Communication
500002810,get,020000004,021000001,Functions; Health; Travel
500002811,getaway,020000003,021000004,Politics and society; Travel
500002812,ghetto,020000003,021000004,People
500002813,ghost,020000003,021000001,Health
500002814,giant,020000001,021000003,Notions
500002815,gift,020000003,021000001,Leisure
500002816,gifted,020000001,021000003,Functions
500002817,giggle,020000003,021000003,Notions
500002818,ginger,020000003,021000003,Appearance; Food and drink
500002819,giraffe,020000003,021000003,Animals
500002820,girl,020000003,021000001,People
500002821,girlfriend,020000003,021000001,People
500002822,give,020000004,021000001,Functions; Health; Politics and society
500002823,giveaway,020000003,021000004,Functions
500002824,given,020000001,021000002,Notions
500002825,glacis,020000003,021000004,Notions
500002826,glad,020000001,021000001,People
500002827,glamorous/glamourous,020000001,021000004,Appearance
500002828,glance,020000003,021000003,Communication
500002829,glance,020000004,021000003,Communication
500002830,glare,020000003,021000004,People
500002831,glass,020000003,021000001,Appearance; Food and drink; Homes and buildings
500002832,glasses,020000003,021000001,Homes and buildings
500002833,gleam,020000003,021000004,Appearance
500002834,glee,020000003,021000004,People
500002835,glide,020000003,021000003,Communication
500002836,glimpse,020000003,021000003,Appearance
500002837,glint,020000003,021000003,Appearance
500002838,global,020000001,021000003,Politics and society
500002839,global warming,020000003,021000004,The natural world
500002840,globally,020000002,021000004,Science and technology
500002841,globe,020000003,021000002,Politics and society
500002842,glocal,020000001,021000004,Notions
500002843,gloomy,020000001,021000004,Notions; People; The natural world
500002844,glorify,020000004,021000004,Notions
500002845,glorious,020000001,021000003,Notions; The natural world
500002846,glory,020000003,021000003,Notions
500002847,glove,020000003,021000002,Appearance
500002848,glow,020000003,021000004,People
500002849,go,020000003,021000003,Leisure
500002850,go,020000004,021000001,Notions
500002851,goal,020000003,021000001,Notions; Sport
500002852,goalkeeper,020000003,021000003,Sport
500002853,goat,020000003,021000004,Animals; Leisure; Sport
500002854,god,020000003,021000004,Culture; Politics and society
500002855,goddess,020000003,021000003,Politics and society
500002856,godly,020000001,021000004,People
500002857,gold,020000001,021000001,Appearance
500002858,gold,020000003,021000002,Appearance; Science and technology; Sport
500002859,golden,020000001,021000002,Appearance
500002860,golf,020000003,021000002,Sport
500002861,golfer,020000003,021000003,Sport
500002862,good,020000001,021000001,Health; People; The natural world
500002863,good,020000003,021000004,Health; People; The natural world
500002864,good-looking,020000001,021000002,Appearance
500002865,goods,020000003,021000003,Leisure
500002866,goodwill,020000003,021000004,People
500002867,gook,020000003,021000004,Communication
500002868,gorge,020000003,021000004,The natural world
500002869,gorgeous,020000001,021000003,Appearance
500002870,gorilla,020000003,021000003,Animals
500002871,gossip,020000003,021000003,Communication; Leisure
500002872,gossip,020000004,021000004,Communication
500002873,govern,020000004,021000003,Politics and society
500002874,government,020000003,021000002,Politics and society
500002875,governmental,020000001,021000004,Politics and society
500002876,governor,020000003,021000003,Politics and society
500002877,gown,020000003,021000003,Appearance; Health; People; Politics and society
500002878,grab,020000004,021000003,People
500002879,grace,020000003,021000002,Appearance; Politics and society
500002880,graceful,020000001,021000003,Appearance; People
500002881,gracefulness,020000003,021000004,Notions
500002882,grade,020000003,021000001,People
500002883,grade,020000004,021000004,People
500002884,gradual,020000001,021000004,Appearance
500002885,gradually,020000002,021000002,Appearance
500002886,graduate,020000003,021000003,People
500002887,graduate,020000004,021000002,People
500002888,graduation,020000003,021000003,People
500002889,grain,020000003,021000004,Food and drink; The natural world
500002890,gram/gramme,020000003,021000002,Food and drink; Science and technology
500002891,grammar,020000003,021000001,Communication
500002892,grand,020000001,021000004,Homes and buildings; Notions
500002893,grandchild,020000003,021000002,People
500002894,granddad,020000003,021000002,People
500002895,granddaughter,020000003,021000002,People
500002896,grandfather,020000003,021000001,People
500002897,grandma,020000003,021000001,People
500002898,grandmother,020000003,021000001,People
500002899,grandpa,020000003,021000001,People
500002900,grandparent,020000003,021000001,People
500002901,grandson,020000003,021000002,People
500002902,granny,020000003,021000002,People
500002903,grant,020000003,021000003,People
500002904,grant,020000004,021000003,Politics and society
500002905,grape,020000003,021000001,Food and drink
500002906,graph,020000003,021000003,Science and technology
500002907,graphic,020000001,021000003,Notions
500002908,graphically,020000002,021000004,Notions
500002909,graphics,020000003,021000003,Culture; Science and technology
500002910,grasp,020000003,021000004,Notions
500002911,grass,020000003,021000001,Homes and buildings; Politics and society; The natural world
500002912,grateful,020000001,021000002,People
500002913,gratitude,020000003,021000003,People
500002914,grave,020000003,021000003,Communication; People; Politics and society
500002915,gravestone,020000003,021000004,People
500002916,gravitation,020000003,021000004,Science and technology
500002917,gravy,020000003,021000003,Food and drink
500002918,gray/grey,020000001,021000001,Appearance; People; The natural world
500002919,gray/grey,020000003,021000001,Appearance
500002920,great,020000001,021000001,People
500002921,greatly,020000002,021000002,Notions
500002922,greatness,020000003,021000004,Politics and society
500002923,greedy,020000001,021000002,People
500002924,green,020000001,021000001,Appearance; Politics and society; The natural world
500002925,green,020000003,021000002,Appearance; Food and drink; Politics and society; Sport
500002926,greenhouse,020000003,021000003,Homes and buildings; The natural world
500002927,greet,020000004,021000001,Communication
500002928,greeting,020000003,021000003,Health
500002929,grief,020000003,021000004,Notions
500002930,grieve,020000004,021000004,People
500002931,grill,020000003,021000003,Food and drink
500002932,grill,020000004,021000003,Food and drink
500002933,grilled,020000001,021000002,Notions
500002934,grim,020000001,021000004,Health
500002935,grin,020000003,021000004,Appearance
500002936,grip,020000003,021000004,Culture; Sport
500002937,grip,020000004,021000004,Culture; Sport
500002938,grocery store,020000003,021000002,Homes and buildings
500002939,groom,020000003,021000003,People
500002940,gross,020000001,021000004,Time and space
500002941,ground,020000003,021000001,Science and technology; The natural world
500002942,ground floor,020000003,021000003,Homes and buildings
500002943,group,020000003,021000001,Culture; Politics and society
500002944,group,020000004,021000003,Culture; Politics and society
500002945,grouping,020000003,021000003,Politics and society
500002946,grow,020000004,021000001,Homes and buildings; Notions; The natural world
500002947,growing,020000001,021000004,Notions
500002948,grown-up,020000001,021000004,People
500002949,grown-up,020000003,021000004,People
500002950,growth,020000003,021000003,Notions
500002951,guarantee,020000003,021000003,Functions; Notions
500002952,guarantee,020000004,021000004,Functions
500002953,guard,020000003,021000002,Notions; Politics and society; Sport; Travel
500002954,guard,020000004,021000004,Notions; Politics and society; Sport
500002955,guerrilla,020000003,021000004,Politics and society
500002956,guess,020000003,021000003,Functions
500002957,guess,020000004,021000001,Functions
500002958,guest,020000003,021000001,Culture; Travel
500002959,guidance,020000003,021000003,Functions
500002960,guide,020000003,021000003,Functions; Travel
500002961,guide,020000004,021000003,Functions; Travel
500002962,guidebook,020000003,021000002,Communication
500002963,guideline,020000003,021000004,Functions
500002964,guilt,020000003,021000003,People; Politics and society
500002965,guilty,020000001,021000003,People; Politics and society
500002966,guitar,020000003,021000001,Culture
500002967,guitarist,020000003,021000003,Culture
500002968,gulp,020000003,021000004,Food and drink
500002969,gum,020000003,021000004,Appearance; Food and drink
500002970,gun,020000003,021000002,Politics and society; Sport
500002971,gunshot,020000003,021000004,Travel
500002972,guts,020000003,021000004,Food and drink
500002973,guy,020000003,021000001,Politics and society; Time and space; Travel
500002974,gym,020000003,021000003,Health; People; Sport
500002975,gymnastic,020000001,021000004,Notions
500002976,gymnastics,020000003,021000003,People; Sport
500002977,habit,020000003,021000001,People
500002978,habitant,020000003,021000004,People
500002979,habitat,020000003,021000003,Animals; The natural world
500002980,hail,020000004,021000004,The natural world; Travel
500002981,hair,020000003,021000001,Appearance
500002982,haircut,020000003,021000001,Appearance
500002983,hairdresser,020000003,021000003,Appearance; Leisure
500002984,hairdryer,020000003,021000003,Appearance
500002985,hairy,020000001,021000004,Appearance; Notions
500002986,half,020000002,021000003,Sport
500002987,half,020000003,021000001,Sport
500002988,half-price,020000001,021000002,Work and business
500002989,half-price,020000002,021000002,Work and business
500002990,hall,020000003,021000001,Homes and buildings; People
500002991,ham,020000003,021000002,Culture; Food and drink
500002992,hamburger,020000003,021000001,Food and drink
500002993,hammer,020000003,021000003,Appearance; Sport
500002994,hammer,020000004,021000004,Appearance; Sport
500002995,hand,020000003,021000001,Appearance; Leisure; The natural world; Travel
500002996,hand,020000004,021000002,Appearance; Leisure; The natural world; Travel
500002997,handbag,020000003,021000002,Appearance
500002998,handball,020000003,021000003,Leisure; Sport
500002999,hand-held,020000001,021000003,Notions
500003000,handicap,020000003,021000004,Sport
500003001,handicapped,020000001,021000002,Politics and society
500003002,handicraft,020000003,021000004,Leisure
500003003,handkerchief,020000003,021000003,Homes and buildings; Travel
500003004,handle,020000003,021000002,Communication
500003005,handle,020000004,021000003,Travel
500003006,handout,020000003,021000004,Politics and society
500003007,handrail,020000003,021000004,Homes and buildings
500003008,handshake,020000003,021000003,Functions
500003009,handsome,020000001,021000001,Appearance
500003010,handwriting,020000003,021000003,People
500003011,handy,020000001,021000003,Homes and buildings
500003012,hang,020000003,021000004,Homes and buildings; Politics and society
500003013,hang,020000004,021000003,Homes and buildings; Politics and society
500003014,hanging,020000001,021000003,Homes and buildings
500003015,happen,020000004,021000001,Functions; Notions
500003016,happily,020000002,021000002,Notions
500003017,happiness,020000003,021000002,People
500003018,happy,020000001,021000001,Notions; People
500003019,harbor/harbour,020000003,021000003,Travel
500003020,hard,020000001,021000001,Communication; Notions; The natural world
500003021,hard,020000002,021000001,Notions
500003022,hard drive,020000003,021000004,Science and technology
500003023,hardly,020000002,021000002,Communication
500003024,hardship,020000003,021000003,Politics and society
500003025,hardware,020000003,021000004,Leisure; Science and technology
500003026,hard-working,020000001,021000003,People
500003027,harm,020000003,021000004,Health
500003028,harm,020000004,021000002,Health
500003029,harmful,020000001,021000002,Health
500003030,harmless,020000001,021000004,Notions
500003031,harmony,020000003,021000002,Culture; Functions; Politics and society
500003032,harness,020000003,021000003,Health
500003033,harrow,020000003,021000004,Notions
500003034,harvest,020000003,021000002,The natural world
500003035,haste,020000003,021000004,Politics and society
500003036,hastily,020000002,021000004,Notions
500003037,hasty,020000001,021000003,Notions
500003038,hat,020000003,021000001,Appearance
500003039,hatch,020000003,021000003,Homes and buildings; Travel
500003040,hatching,020000003,021000004,Culture; Leisure
500003041,hate,020000003,021000003,Functions; People
500003042,hate,020000004,021000002,Functions; People
500003043,hatred,020000003,021000003,People
500003044,haunt,020000003,021000003,Notions
500003045,haunt,020000004,021000004,Notions
500003046,haunting,020000001,021000004,Appearance
500003047,haven,020000003,021000003,Homes and buildings; Travel
500003048,hay,020000003,021000004,The natural world
500003049,hazard,020000003,021000003,Notions
500003050,hazardous,020000001,021000004,Notions
500003051,head,020000003,021000001,Appearance; Functions; People; Politics and society; The natural world
500003052,head,020000004,021000002,Politics and society; Sport
500003053,headache,020000003,021000001,Health
500003054,headline,020000003,021000003,Culture
500003055,headphone,020000003,021000002,Homes and buildings; Leisure
500003056,headquarters,020000003,021000004,Travel; Work and business
500003057,headteacher,020000003,021000002,People
500003058,heal,020000004,021000003,Health
500003059,healing,020000001,021000003,Time and space
500003060,health,020000003,021000001,Health; Notions
500003061,health care,020000003,021000004,Health
500003062,healthy,020000001,021000001,Food and drink; Health; Notions
500003063,heap,020000003,021000004,Travel
500003064,heap,020000004,021000004,Travel
500003065,hear,020000004,021000001,Politics and society
500003066,hearing,020000003,021000003,Functions; Politics and society
500003067,heart,020000003,021000001,Appearance; Leisure; People
500003068,heart attack,020000003,021000003,Health
500003069,heartbreaking,020000001,021000004,People
500003070,hearted,020000001,021000003,Notions
500003071,heartwarming/heart-warming,020000001,021000004,Notions
500003072,hearty,020000001,021000003,People
500003073,heat,020000003,021000002,Science and technology; Sport; The natural world
500003074,heat,020000004,021000003,Food and drink
500003075,heater,020000003,021000003,Homes and buildings
500003076,heating,020000003,021000002,Homes and buildings
500003077,heaven,020000003,021000003,People; Politics and society
500003078,heavenly,020000001,021000003,Politics and society
500003079,heavily,020000002,021000002,Health
500003080,heavy,020000001,021000001,Appearance; Culture; Science and technology; Travel
500003081,hedge,020000003,021000004,Homes and buildings
500003082,heel,020000003,021000003,Appearance
500003083,height,020000003,021000003,Appearance; Science and technology
500003084,helicopter,020000003,021000004,Travel
500003085,hell,020000003,021000004,Politics and society
500003086,hello,020000003,021000001,Notions
500003087,helmet,020000003,021000003,Appearance; Sport; Travel
500003088,help,020000003,021000002,Functions; Notions; Politics and society
500003089,help,020000004,021000001,Politics and society
500003090,helper,020000003,021000004,Politics and society
500003091,helpful,020000001,021000002,Leisure; People
500003092,helpless,020000001,021000003,Politics and society
500003093,hemp,020000003,021000004,The natural world
500003094,herb,020000003,021000004,Food and drink
500003095,herd,020000003,021000003,Animals
500003096,here,020000002,021000001,Communication
500003097,heritage,020000003,021000004,People; Time and space
500003098,hero,020000003,021000002,Culture; People
500003099,hesitate,020000004,021000003,Functions
500003100,hesitation,020000003,021000004,Functions
500003101,hidden,020000001,021000003,Notions
500003102,hide,020000004,021000001,Communication
500003103,high,020000001,021000001,Animals
500003104,high,020000002,021000002,Animals
500003105,high school,020000003,021000002,People
500003106,highlight,020000003,021000004,Appearance
500003107,highlight,020000004,021000003,Appearance
500003108,highly,020000002,021000003,Notions
500003109,high-tech/hi-tech,020000001,021000004,Science and technology
500003110,highway,020000003,021000002,Travel
500003111,hijack,020000003,021000004,Politics and society
500003112,hijack,020000004,021000004,Politics and society
500003113,hike,020000003,021000002,Leisure
500003114,hiking,020000003,021000002,Leisure; Travel
500003115,hilarious,020000001,021000004,Notions
500003116,hill,020000003,021000001,The natural world
500003117,hint,020000003,021000004,Functions
500003118,hip,020000003,021000003,Appearance
500003119,hip hop/hip-hop/hiphop,020000003,021000002,Culture
500003120,hire,020000004,021000003,Work and business
500003121,historian,020000003,021000003,Culture; Time and space
500003122,historic,020000001,021000003,Time and space
500003123,historical,020000001,021000003,Culture; Time and space
500003124,history,020000003,021000001,Communication; People; Time and space
500003125,hit,020000003,021000003,Culture; Notions
500003126,hit,020000004,021000002,Health
500003127,HIV,020000003,021000003,Health
500003128,hobby,020000003,021000001,Leisure
500003129,hockey,020000003,021000002,Sport
500003130,hold,020000003,021000001,Sport; Travel
500003131,hold,020000004,021000002,Communication; Functions; Notions; Politics and society; Travel
500003132,holder,020000003,021000004,Notions
500003133,hole,020000003,021000001,Sport
500003134,holiday,020000003,021000001,People; Politics and society; Travel
500003135,hollow,020000001,021000004,Communication
500003136,holocaust,020000003,021000004,Politics and society
500003137,holy,020000001,021000003,People; Politics and society
500003138,home,020000002,021000002,Homes and buildings; People
500003139,home,020000003,021000001,Homes and buildings; People
500003140,homeless,020000001,021000003,Politics and society
500003141,hometown,020000003,021000001,People
500003142,homeward,020000001,021000004,Homes and buildings
500003143,homework,020000003,021000001,People
500003144,hone,020000003,021000004,Time and space
500003145,honest,020000001,021000003,People
500003146,honestly,020000002,021000003,Functions
500003147,honesty,020000003,021000003,People
500003148,honey,020000003,021000002,Food and drink
500003149,honeymoon,020000003,021000003,People; Travel
500003150,honor/honour,020000003,021000002,People
500003151,honor/honour,020000004,021000004,Functions
500003152,honorable/honourable,020000001,021000004,People
500003153,hood,020000003,021000004,Appearance; Travel
500003154,hook,020000003,021000004,People; Sport
500003155,hook,020000004,021000004,People; Sport
500003156,hop,020000003,021000003,Animals; The natural world
500003157,hope,020000003,021000001,People
500003158,hope,020000004,021000003,People
500003159,hopeful,020000001,021000003,Notions
500003160,hopefully,020000002,021000003,Notions
500003161,hopeless,020000001,021000003,Notions
500003162,horizon,020000003,021000003,The natural world
500003163,horn,020000003,021000003,Animals; Culture; Travel
500003164,horrible,020000001,021000003,People; The natural world
500003165,horrify,020000004,021000003,People
500003166,horror,020000003,021000002,Culture; People
500003167,horse,020000003,021000001,Animals; Sport
500003168,hospice,020000003,021000004,Health; Homes and buildings
500003169,hospitable,020000001,021000004,People
500003170,hospital,020000003,021000001,Health; Homes and buildings
500003171,hospitality,020000003,021000004,People
500003172,hospitalize/hospitalise,020000004,021000004,Health
500003173,host,020000003,021000002,Culture; Food and drink; Politics and society
500003174,hostel,020000003,021000003,Homes and buildings; Travel
500003175,hot,020000001,021000001,Food and drink; Functions; Notions; People; The natural world
500003176,hotel,020000003,021000001,Homes and buildings; Travel
500003177,hour,020000003,021000001,Time and space
500003178,hourly,020000001,021000004,Time and space
500003179,house,020000003,021000001,Culture; Homes and buildings; People
500003180,household,020000003,021000003,People
500003181,housekeeper,020000003,021000004,Travel
500003182,housemaster,020000003,021000004,People
500003183,housewife,020000003,021000004,People
500003184,housework,020000003,021000003,Homes and buildings
500003185,hover,020000004,021000004,Animals
500003186,how,020000002,021000001,Health
500003187,however,020000002,021000002,Communication
500003188,hug,020000003,021000004,People
500003189,hug,020000004,021000002,People
500003190,huge,020000001,021000003,Notions
500003191,hugely,020000002,021000004,Notions
500003192,human,020000001,021000002,Politics and society
500003193,human,020000003,021000003,Politics and society
500003194,human rights,020000003,021000004,Notions
500003195,humane,020000001,021000004,Politics and society
500003196,humanist,020000003,021000004,Politics and society
500003197,humanity,020000003,021000003,People
500003198,humanize/humanise,020000004,021000004,Politics and society
500003199,humble,020000001,021000004,Communication
500003200,humbug,020000003,021000004,Food and drink
500003201,humid,020000001,021000003,The natural world
500003202,humiliate,020000004,021000004,People
500003203,humiliating,020000001,021000004,People
500003204,humiliation,020000003,021000004,People
500003205,humor/humour,020000003,021000003,Health
500003206,humorous,020000001,021000003,Notions
500003207,hunger,020000003,021000003,People; Politics and society
500003208,hungry,020000001,021000001,People
500003209,hunt,020000003,021000003,Sport
500003210,hunt,020000004,021000003,Sport
500003211,hunter,020000003,021000002,Animals
500003212,hunting,020000003,021000004,Sport
500003213,hurriedly,020000002,021000003,Time and space
500003214,hurry,020000003,021000001,Time and space
500003215,hurry,020000004,021000002,Time and space
500003216,hurt,020000001,021000003,Health
500003217,hurt,020000004,021000001,Health; People
500003218,husband,020000003,021000001,People
500003219,hush,020000004,021000004,Notions
500003220,hut,020000003,021000003,Homes and buildings
500003221,hybrid,020000001,021000004,Science and technology
500003222,hygiene,020000003,021000004,People
500003223,hyperbole,020000003,021000004,Communication; Culture
500003224,hyphen,020000003,021000004,Communication
500003225,ice,020000003,021000001,Food and drink; The natural world
500003226,ice cream,020000003,021000001,Food and drink
500003227,ice hockey,020000003,021000003,Sport
500003228,ice skating,020000003,021000003,Sport
500003229,iceman,020000003,021000004,People; Work and business
500003230,icon,020000003,021000004,Culture; Politics and society; Science and technology
500003231,icy,020000001,021000004,People; The natural world
500003232,ID,020000003,021000002,Politics and society
500003233,ID card,020000003,021000002,Politics and society
500003234,idea,020000003,021000001,Functions
500003235,ideal,020000001,021000001,Communication
500003236,ideally,020000002,021000004,Notions
500003237,identical,020000001,021000004,People
500003238,identification,020000003,021000004,Functions
500003239,identify,020000004,021000004,Politics and society
500003240,identity,020000003,021000003,Politics and society
500003241,identity card,020000003,021000003,Politics and society
500003242,ideology,020000003,021000004,Politics and society
500003243,idiom,020000003,021000003,Communication
500003244,idiot,020000003,021000004,People
500003245,idle,020000001,021000004,Work and business
500003246,idol,020000003,021000003,People; Politics and society
500003247,idolize/idolise,020000004,021000004,People
500003248,ignorance,020000003,021000004,Politics and society
500003249,ignorant,020000001,021000004,Notions
500003250,ignore,020000004,021000003,Work and business
500003251,ill,020000001,021000002,Health
500003252,illegal,020000001,021000002,Functions; Politics and society
500003253,illegally,020000002,021000003,Functions; Politics and society
500003254,illness,020000003,021000003,Health
500003255,illuminate,020000004,021000003,People
500003256,illustrate,020000004,021000004,Culture
500003257,illustration,020000003,021000004,Culture
500003258,image,020000003,021000002,Culture
500003259,imagery,020000003,021000004,Culture
500003260,imaginary,020000001,021000003,Notions
500003261,imagination,020000003,021000002,Health
500003262,imagine,020000004,021000001,Functions
500003263,imitate,020000004,021000003,Politics and society
500003264,imitation,020000003,021000004,Politics and society
500003265,immediate,020000001,021000003,Time and space
500003266,immediately,020000002,021000003,Time and space
500003267,immerse,020000004,021000004,Notions
500003268,immigrant,020000003,021000004,Politics and society
500003269,immigrate,020000004,021000003,Politics and society
500003270,immigration,020000003,021000003,Politics and society; Travel
500003271,immoral,020000001,021000004,People
500003272,immortal,020000001,021000004,Notions
500003273,immortality,020000003,021000004,Politics and society
500003274,impact,020000003,021000002,Notions
500003275,impair,020000004,021000003,Notions
500003276,impartial,020000001,021000004,Notions
500003277,impatient,020000001,021000002,Appearance
500003278,impatiently,020000002,021000004,Appearance
500003279,imperative,020000003,021000004,Communication
500003280,impermanent,020000001,021000004,Notions
500003281,implement,020000003,021000004,Homes and buildings
500003282,implement,020000004,021000004,Notions
500003283,implication,020000003,021000004,Notions
500003284,imply,020000004,021000004,Notions
500003285,impolite,020000001,021000004,Notions
500003286,impolitely,020000002,021000004,Notions
500003287,import,020000004,021000004,Science and technology
500003288,importance,020000003,021000002,Notions
500003289,important,020000001,021000001,Politics and society
500003290,importantly,020000002,021000002,Notions
500003291,impose,020000004,021000004,Functions
500003292,impossibility,020000003,021000004,Functions
500003293,impossible,020000001,021000002,Functions
500003294,impractical,020000001,021000004,Notions
500003295,impress,020000004,021000002,Notions
500003296,impressed,020000001,021000004,Notions
500003297,impression,020000003,021000003,Functions
500003298,impressionism,020000003,021000004,Culture
500003299,impressionist,020000003,021000004,Culture; Leisure
500003300,impressive,020000001,021000003,Homes and buildings
500003301,imprison,020000004,021000004,Politics and society
500003302,imprisonment,020000003,021000004,Politics and society
500003303,improbable,020000001,021000004,Functions
500003304,improper,020000001,021000003,Politics and society
500003305,improperly,020000002,021000004,Politics and society
500003306,improve,020000004,021000002,Notions
500003307,improved,020000001,021000004,Notions
500003308,improvement,020000003,021000003,Notions
500003309,impulse,020000003,021000004,Science and technology
500003310,impulsive,020000001,021000004,Functions
500003311,in,020000002,021000002,Sport
500003312,inaccurate,020000001,021000004,Notions
500003313,inadequate,020000001,021000004,Functions
500003314,inanimate,020000001,021000004,Health
500003315,inborn,020000001,021000004,Notions
500003316,incense,020000003,021000004,Politics and society
500003317,incentive,020000003,021000004,Notions
500003318,inch,020000003,021000002,Science and technology
500003319,inch,020000004,021000004,Science and technology
500003320,incident,020000003,021000003,Functions
500003321,include,020000004,021000002,Time and space
500003322,income,020000003,021000003,People; Work and business
500003323,inconvenient,020000001,021000003,Functions
500003324,incorrect,020000001,021000003,Notions
500003325,increase,020000003,021000003,Notions
500003326,increase,020000004,021000002,Notions
500003327,increasingly,020000002,021000003,Notions
500003328,incredible,020000001,021000003,Notions
500003329,incredibly,020000002,021000003,Notions
500003330,incur,020000004,021000004,Notions
500003331,incurable,020000001,021000004,Health
500003332,indebted,020000001,021000004,Work and business
500003333,indeed,020000002,021000002,Communication
500003334,indefinite article,020000003,021000003,Communication
500003335,indent,020000004,021000004,Notions
500003336,independence,020000003,021000002,Politics and society
500003337,independent,020000001,021000003,People; Politics and society
500003338,independently,020000002,021000004,Work and business
500003339,indescribable,020000001,021000004,Notions
500003340,index,020000003,021000004,Culture; Science and technology
500003341,indicate,020000004,021000002,Functions; Science and technology; Travel
500003342,indifferent,020000001,021000004,Notions
500003343,indignity,020000003,021000004,People
500003344,indirect,020000001,021000003,Notions
500003345,indirectly,020000002,021000003,Notions
500003346,indispensable,020000001,021000004,Notions
500003347,individual,020000001,021000003,Time and space
500003348,individual,020000003,021000004,Time and space
500003349,indoor,020000001,021000002,Homes and buildings
500003350,indoors,020000002,021000003,Homes and buildings
500003351,indulge,020000004,021000004,Time and space
500003352,indulgent,020000001,021000004,Functions
500003353,industrial,020000001,021000003,Work and business
500003354,industrialize/industrialise,020000004,021000004,Time and space
500003355,industry,020000003,021000003,Work and business
500003356,ineffective,020000001,021000004,Notions
500003357,inert,020000001,021000004,Science and technology
500003358,inevitable,020000001,021000003,Notions
500003359,inexpensive,020000001,021000002,Work and business
500003360,inexperienced,020000001,021000004,Notions
500003361,infant,020000003,021000004,People
500003362,infect,020000004,021000004,Health; Science and technology
500003363,infected,020000001,021000004,Health
500003364,infection,020000003,021000003,Health
500003365,infectious,020000001,021000004,Health
500003366,infer,020000004,021000004,Functions
500003367,inference,020000003,021000004,Functions
500003368,infinitive,020000003,021000003,Communication
500003369,inflammation,020000003,021000004,Health
500003370,inflammatory,020000001,021000004,Notions
500003371,inflate,020000004,021000004,Travel
500003372,inflation,020000003,021000004,Work and business
500003373,influence,020000003,021000002,Food and drink
500003374,influence,020000004,021000004,Food and drink
500003375,influential,020000001,021000004,Notions
500003376,influenza,020000003,021000004,Health; Travel
500003377,inform,020000004,021000003,Politics and society
500003378,informal,020000001,021000004,Appearance
500003379,information,020000003,021000001,Communication; Work and business
500003380,informative,020000001,021000003,Notions
500003381,infringe,020000004,021000004,Functions; Politics and society
500003382,infringement,020000003,021000004,Functions
500003383,ingredient,020000003,021000003,Food and drink
500003384,inhabit,020000004,021000004,Time and space
500003385,inhabitant,020000003,021000003,People; Travel
500003386,inhale,020000004,021000003,Travel
500003387,inherit,020000004,021000004,People
500003388,initial,020000001,021000004,Time and space
500003389,initial,020000003,021000003,People
500003390,initially,020000002,021000003,Notions
500003391,initiative,020000003,021000004,Science and technology
500003392,inject,020000004,021000003,Health
500003393,injection,020000003,021000004,Health
500003394,injure,020000004,021000002,Health
500003395,injured,020000001,021000004,Health
500003396,injury,020000003,021000003,Health
500003397,ink,020000003,021000003,Appearance; Culture
500003398,innate,020000001,021000004,Notions
500003399,inner,020000001,021000002,Politics and society
500003400,innermost,020000001,021000003,Time and space
500003401,innocent,020000001,021000003,People; Politics and society
500003402,innocently,020000002,021000004,Politics and society
500003403,innovation,020000003,021000004,Notions
500003404,innovative,020000001,021000004,Notions
500003405,innovator,020000003,021000003,Work and business
500003406,input,020000003,021000004,Science and technology
500003407,inquire/enquire,020000004,021000004,Notions
500003408,inquiry/enquiry,020000003,021000003,Travel
500003409,insane,020000001,021000003,Notions
500003410,inscribe,020000004,021000003,Communication
500003411,inscription,020000003,021000003,Culture; Homes and buildings
500003412,insect,020000003,021000002,Animals
500003413,inseparable,020000001,021000004,Politics and society
500003414,inside,020000001,021000004,Politics and society; Travel
500003415,inside,020000002,021000002,Politics and society
500003416,inside,020000003,021000004,Travel
500003417,insight,020000003,021000003,Politics and society
500003418,insist,020000004,021000003,Politics and society
500003419,inspect,020000004,021000004,Politics and society
500003420,inspection,020000003,021000003,Politics and society
500003421,inspector,020000003,021000004,People; Politics and society; Travel
500003422,inspiration,020000003,021000002,Culture; Notions
500003423,inspirational,020000001,021000004,Leisure
500003424,inspire,020000004,021000003,Culture
500003425,install/instal,020000004,021000003,Science and technology
500003426,instance,020000003,021000003,Communication
500003427,instant,020000001,021000002,Time and space
500003428,instantly,020000002,021000004,Notions
500003429,instead,020000002,021000002,Time and space
500003430,instill/instil,020000004,021000004,Notions
500003431,instinct,020000003,021000004,Science and technology
500003432,institute,020000003,021000003,People
500003433,institution,020000003,021000004,People
500003434,instruct,020000004,021000004,Work and business
500003435,instruction,020000003,021000003,Science and technology
500003436,instructor,020000003,021000003,People; Travel
500003437,instrument,020000003,021000002,Culture; Science and technology
500003438,insufficient,020000001,021000004,Functions
500003439,insult,020000003,021000004,Time and space
500003440,insult,020000004,021000004,Time and space
500003441,insurance,020000003,021000003,Travel; Work and business
500003442,integrate,020000004,021000004,Politics and society
500003443,intellectual,020000001,021000004,Functions
500003444,intellectual,020000003,021000004,Functions
500003445,intelligence,020000003,021000002,People
500003446,intelligent,020000001,021000002,People
500003447,intend,020000004,021000003,Functions
500003448,intense,020000001,021000003,Appearance
500003449,intensive,020000001,021000003,The natural world
500003450,intent,020000001,021000004,Notions
500003451,intention,020000003,021000003,Functions
500003452,intentionally,020000002,021000003,Notions
500003453,interact,020000004,021000003,Work and business
500003454,interaction,020000003,021000003,Work and business
500003455,interactive,020000001,021000004,Science and technology
500003456,interest,020000003,021000002,Leisure; People
500003457,interest,020000004,021000003,Leisure; People
500003458,interested,020000001,021000001,Notions
500003459,interesting,020000001,021000001,Notions
500003460,interfere,020000004,021000004,Politics and society
500003461,interior,020000003,021000004,Homes and buildings
500003462,intermediate,020000001,021000003,Communication
500003463,intermission,020000003,021000003,Culture
500003464,internal,020000001,021000003,Health
500003465,international,020000001,021000002,Politics and society; Travel
500003466,internationally,020000002,021000003,Politics and society
500003467,Internet/internet,020000003,021000001,Communication; Leisure
500003468,interpersonal,020000001,021000004,Politics and society
500003469,interpret,020000004,021000004,Sport
500003470,interpretation,020000003,021000004,Culture
500003471,interpreter,020000003,021000004,Science and technology
500003472,interrupt,020000004,021000003,Communication
500003473,interruption,020000003,021000004,Time and space
500003474,intersection,020000003,021000004,Time and space
500003475,interval,020000003,021000003,Culture; Health; Sport
500003476,interview,020000003,021000001,Culture
500003477,interview,020000004,021000003,Culture
500003478,interviewee,020000003,021000003,Notions
500003479,interviewer,020000003,021000001,People
500003480,intimate,020000001,021000004,People
500003481,intransitive,020000001,021000004,Communication
500003482,intravenous,020000001,021000004,Health
500003483,introduce,020000004,021000001,Culture
500003484,introduction,020000003,021000003,Culture
500003485,intrude,020000004,021000004,Notions
500003486,intruder,020000003,021000004,Homes and buildings
500003487,intrusion,020000003,021000004,Politics and society
500003488,invade,020000004,021000002,Politics and society
500003489,invariable,020000001,021000004,Notions
500003490,invariably,020000002,021000004,Notions
500003491,invasion,020000003,021000003,Politics and society; Time and space
500003492,invent,020000004,021000002,People
500003493,invention,020000003,021000002,Time and space
500003494,inventor,020000003,021000004,People
500003495,inverted commas,020000003,021000004,Communication
500003496,invest,020000004,021000003,Notions
500003497,investigate,020000004,021000004,Science and technology
500003498,investigation,020000003,021000003,Politics and society
500003499,investigator,020000003,021000004,Politics and society
500003500,investment,020000003,021000004,Notions
500003501,investor,020000003,021000004,People
500003502,invisible,020000001,021000004,Politics and society
500003503,invitation,020000003,021000003,People
500003504,invite,020000004,021000002,Politics and society
500003505,invitingly,020000002,021000004,Food and drink
500003506,invoke,020000004,021000004,Functions
500003507,involuntarily,020000002,021000003,Functions
500003508,involve,020000004,021000003,Communication
500003509,involved,020000001,021000003,Time and space
500003510,involvement,020000003,021000004,Time and space
500003511,iron,020000003,021000003,Homes and buildings; Science and technology; Sport
500003512,iron,020000004,021000003,Homes and buildings
500003513,ironically,020000002,021000004,Communication
500003514,ironing,020000003,021000003,Homes and buildings
500003515,irrational,020000001,021000004,Notions
500003516,irregular,020000001,021000003,Communication
500003517,irresistible,020000001,021000004,Functions
500003518,irresistibly,020000002,021000004,Notions
500003519,irresponsible,020000001,021000004,Notions
500003520,irritate,020000004,021000003,Health; People
500003521,irritated,020000001,021000004,People
500003522,irritating,020000001,021000004,Notions
500003523,irritation,020000003,021000004,Health
500003524,island,020000003,021000001,Homes and buildings; The natural world
500003525,islander,020000003,021000004,People
500003526,isle,020000003,021000003,Homes and buildings; People
500003527,isolation,020000003,021000003,Health; People
500003528,issue,020000003,021000002,Functions; Politics and society
500003529,issue,020000004,021000004,Politics and society
500003530,IT,020000003,021000002,Science and technology
500003531,italicize/italicise,020000004,021000004,People
500003532,itch,020000004,021000004,Appearance
500003533,item,020000003,021000001,Culture; Leisure
500003534,ivory,020000003,021000003,Appearance
500003535,jacket,020000003,021000001,Appearance; Culture
500003536,jade,020000003,021000003,Appearance
500003537,jail/gaol,020000003,021000003,Politics and society
500003538,jam,020000003,021000002,Food and drink; Science and technology; Travel
500003539,jam,020000004,021000004,Culture; Science and technology
500003540,January,020000003,021000001,Time and space
500003541,jar,020000003,021000003,Food and drink
500003542,jaw,020000003,021000004,Animals; Appearance
500003543,jazz,020000003,021000003,Culture
500003544,jealous,020000001,021000003,People
500003545,jealously,020000002,021000004,Notions
500003546,jeans,020000003,021000001,Appearance
500003547,jelly,020000003,021000002,Food and drink
500003548,jeopardize/jeopardise,020000004,021000004,Notions
500003549,jet,020000003,021000001,Travel
500003550,jewel,020000003,021000003,Appearance
500003551,jeweler/jeweller,020000003,021000004,Leisure
500003552,jewelry/jewellery,020000003,021000001,Appearance; Leisure
500003553,job,020000003,021000001,Politics and society
500003554,jog,020000003,021000004,Health
500003555,jog,020000004,021000003,Health; Leisure
500003556,jogging,020000003,021000003,Health; Leisure
500003557,join,020000004,021000001,Work and business
500003558,joint,020000001,021000003,Functions
500003559,joint,020000003,021000004,Appearance; Food and drink; Politics and society
500003560,joke,020000003,021000002,Communication
500003561,joke,020000004,021000003,Communication
500003562,journal,020000003,021000003,Culture; Science and technology
500003563,journalism,020000003,021000004,Culture
500003564,journalist,020000003,021000003,Culture
500003565,journey,020000003,021000002,Travel
500003566,joy,020000003,021000002,Notions; People
500003567,judge,020000003,021000003,Functions; Politics and society
500003568,judge,020000004,021000001,Functions; Politics and society
500003569,judgment/judgement,020000003,021000003,Functions; Politics and society
500003570,judo,020000003,021000004,Sport
500003571,jug,020000003,021000003,Homes and buildings; Travel
500003572,juice,020000003,021000001,Food and drink
500003573,juicy,020000001,021000003,Food and drink
500003574,July,020000003,021000001,Time and space
500003575,jump,020000003,021000004,Notions; Sport
500003576,jump,020000004,021000001,Notions; People; Sport
500003577,jumper,020000003,021000003,Appearance
500003578,June,020000003,021000001,Time and space
500003579,jungle,020000003,021000003,Culture; Notions; The natural world
500003580,junior,020000001,021000002,People; Sport
500003581,junk,020000003,021000002,Travel
500003582,junk food,020000003,021000004,Food and drink
500003583,juror,020000003,021000004,Notions
500003584,jury,020000003,021000004,Politics and society
500003585,just,020000002,021000001,Functions; Time and space
500003586,justice,020000003,021000003,Politics and society
500003587,justify,020000004,021000004,Politics and society
500003588,kangaroo,020000003,021000004,Animals
500003589,karaoke,020000003,021000004,Culture
500003590,keen,020000001,021000004,Functions; People
500003591,keep,020000004,021000001,The natural world
500003592,keeper,020000003,021000004,Sport
500003593,kerosene,020000003,021000004,Notions
500003594,kettle,020000003,021000003,Food and drink
500003595,key,020000001,021000001,Culture; Science and technology
500003596,key,020000003,021000001,Culture; Science and technology
500003597,keyboard,020000003,021000003,Culture; Science and technology
500003598,keystroke,020000003,021000004,Science and technology
500003599,kick,020000003,021000001,Appearance
500003600,kick,020000004,021000001,Sport
500003601,kid,020000003,021000001,Animals; People
500003602,kid,020000004,021000003,People
500003603,kill,020000004,021000001,Politics and society
500003604,killer,020000003,021000002,Politics and society
500003605,killing,020000003,021000003,Politics and society
500003606,kilo,020000003,021000002,Food and drink; Science and technology
500003607,kilogram/kilogramme,020000003,021000002,Food and drink; Science and technology
500003608,kilometer/kilometre,020000003,021000002,Science and technology
500003609,kind,020000001,021000002,People
500003610,kind,020000003,021000001,People
500003611,kindly,020000001,021000002,People
500003612,kindly,020000002,021000003,People
500003613,kindness,020000003,021000003,People
500003614,king,020000003,021000001,Leisure; Politics and society; Time and space
500003615,kingdom,020000003,021000002,Time and space
500003616,kiss,020000003,021000001,People
500003617,kiss,020000004,021000003,People
500003618,kit,020000003,021000002,Appearance
500003619,kitchen,020000003,021000001,Food and drink; Homes and buildings
500003620,kite,020000003,021000001,Animals; Leisure
500003621,kitten,020000003,021000003,Animals
500003622,knee,020000003,021000001,Appearance
500003623,kneel,020000004,021000004,Health
500003624,knife,020000003,021000001,Food and drink
500003625,knit,020000004,021000003,Leisure
500003626,knock,020000003,021000002,Notions
500003627,knock,020000004,021000003,Health; People
500003628,knot,020000003,021000004,Appearance; Science and technology
500003629,know,020000004,021000001,Functions
500003630,knowingly,020000002,021000004,Functions
500003631,knowledge,020000003,021000002,People
500003632,known,020000001,021000004,Politics and society
500003633,lab,020000003,021000003,Homes and buildings; Science and technology
500003634,label,020000003,021000004,Appearance
500003635,labor/labour,020000003,021000002,People; Politics and society
500003636,laboratory,020000003,021000003,People; Science and technology
500003637,laborer/labourer,020000003,021000004,The natural world
500003638,lack,020000003,021000002,Communication
500003639,lack,020000004,021000004,Communication
500003640,ladder,020000003,021000003,Appearance; Homes and buildings
500003641,lady,020000003,021000001,Politics and society
500003642,lake,020000003,021000002,The natural world
500003643,lamb,020000003,021000003,Animals; Food and drink
500003644,lame,020000001,021000004,Leisure
500003645,lamp,020000003,021000002,Homes and buildings
500003646,lance,020000003,021000004,Appearance
500003647,land,020000003,021000003,Notions; Time and space; Travel
500003648,land,020000004,021000002,Notions; Time and space; Travel
500003649,landing,020000003,021000004,Homes and buildings; Time and space; Travel
500003650,landlady,020000003,021000004,Homes and buildings
500003651,landlord,020000003,021000003,Homes and buildings
500003652,landscape,020000003,021000002,Culture; Science and technology; The natural world
500003653,landslide,020000003,021000004,Politics and society; The natural world
500003654,lane,020000003,021000002,Sport; Travel
500003655,language,020000003,021000001,Communication; Science and technology
500003656,lap,020000003,021000004,Appearance; Sport
500003657,laptop,020000003,021000004,Science and technology
500003658,large,020000001,021000001,Food and drink
500003659,largely,020000002,021000003,Notions
500003660,lark,020000003,021000004,Animals
500003661,laser,020000003,021000004,Science and technology
500003662,last,020000002,021000003,Time and space
500003663,last,020000004,021000003,Time and space
500003664,last minute,020000003,021000004,Time and space
500003665,last name,020000003,021000001,People
500003666,lasting,020000001,021000003,Appearance
500003667,lastly,020000002,021000004,Time and space
500003668,last-minute,020000001,021000004,Time and space
500003669,late,020000001,021000001,Time and space
500003670,late,020000002,021000001,Time and space
500003671,latecomer,020000003,021000003,Time and space
500003672,lately,020000002,021000003,Time and space
500003673,later,020000001,021000004,Time and space
500003674,later,020000002,021000001,Time and space
500003675,latest,020000001,021000002,Notions
500003676,latter,020000001,021000004,Time and space
500003677,latter,020000002,021000002,Time and space
500003678,laugh,020000003,021000003,People
500003679,laugh,020000004,021000001,Notions; People
500003680,laughter,020000003,021000003,Communication
500003681,launch,020000004,021000003,Time and space; Travel
500003682,laundry,020000003,021000004,Work and business
500003683,lava,020000003,021000004,The natural world
500003684,law,020000003,021000002,Functions; People; Politics and society; Science and technology
500003685,lawful,020000001,021000003,Functions; Politics and society
500003686,lawmaker,020000003,021000004,People; Work and business
500003687,lawn,020000003,021000004,Homes and buildings
500003688,lawsuit,020000003,021000004,Politics and society
500003689,lawyer,020000003,021000002,Politics and society
500003690,lay,020000004,021000003,Animals
500003691,layabout,020000003,021000004,People
500003692,layer,020000003,021000003,Time and space
500003693,laziness,020000003,021000002,Work and business
500003694,lazy,020000001,021000001,People
500003695,lead,020000001,021000003,Culture; Notions; Science and technology; Sport
500003696,lead,020000003,021000002,Culture; Science and technology; Sport
500003697,lead,020000004,021000003,Notions
500003698,leader,020000003,021000001,Politics and society; Sport
500003699,leadership,020000003,021000003,People; Politics and society
500003700,leading,020000001,021000003,Notions
500003701,leaf,020000003,021000001,Culture; The natural world
500003702,leaflet,020000003,021000004,Culture
500003703,league,020000003,021000003,Politics and society; Sport
500003704,leak,020000003,021000004,Appearance
500003705,leak,020000004,021000004,Appearance
500003706,lean,020000001,021000003,Appearance; Food and drink
500003707,lean,020000004,021000004,Appearance; Food and drink
500003708,leap,020000003,021000004,Notions
500003709,leap,020000004,021000003,Notions
500003710,learn,020000004,021000001,People
500003711,learner,020000003,021000002,People; Travel
500003712,learning,020000003,021000004,People
500003713,lease,020000003,021000004,Homes and buildings; Politics and society
500003714,leash,020000003,021000004,Animals
500003715,least,020000002,021000003,Appearance
500003716,leather,020000003,021000002,Appearance
500003717,leave,020000003,021000003,Functions
500003718,leave,020000004,021000001,People
500003719,lecture,020000003,021000003,People
500003720,lecturer,020000003,021000004,People
500003721,leek,020000003,021000004,Food and drink
500003722,left,020000001,021000001,Politics and society
500003723,left,020000002,021000002,Politics and society
500003724,left,020000003,021000002,Politics and society
500003725,left-hand,020000001,021000002,Time and space
500003726,leg,020000003,021000001,Appearance; Sport
500003727,legal,020000001,021000003,Functions; Politics and society
500003728,legally,020000002,021000003,Functions; Politics and society
500003729,legend,020000003,021000004,Culture
500003730,legendary,020000001,021000004,Politics and society
500003731,legislate,020000004,021000004,Politics and society
500003732,legislation,020000003,021000004,Politics and society
500003733,legislative,020000001,021000004,Politics and society
500003734,legislator,020000003,021000004,Politics and society
500003735,legislature,020000003,021000004,Politics and society
500003736,legitimate,020000001,021000004,Functions; People; Politics and society
500003737,leisure,020000003,021000002,Leisure
500003738,leisurely,020000002,021000004,Notions
500003739,lemon,020000003,021000002,Appearance; Food and drink
500003740,lemonade,020000003,021000002,Food and drink
500003741,lend,020000004,021000002,Homes and buildings
500003742,length,020000003,021000003,Science and technology; Sport
500003743,lengthen,020000004,021000004,Notions
500003744,lengthy,020000001,021000004,Appearance
500003745,leopard,020000003,021000004,Animals
500003746,less,020000002,021000002,Communication
500003747,lessen,020000004,021000003,Notions
500003748,lesson,020000003,021000001,People
500003749,let,020000004,021000001,Functions; Homes and buildings
500003750,letter,020000003,021000001,Culture
500003751,lettuce,020000003,021000003,Food and drink
500003752,level,020000001,021000003,Homes and buildings
500003753,level,020000003,021000002,Homes and buildings; Leisure
500003754,level,020000004,021000004,Homes and buildings
500003755,liar,020000003,021000003,People
500003756,liberal,020000001,021000004,Politics and society
500003757,liberate,020000004,021000003,Politics and society
500003758,liberation,020000003,021000003,Politics and society
500003759,liberty,020000003,021000002,Work and business
500003760,librarian,020000003,021000003,People; Work and business
500003761,library,020000003,021000001,Homes and buildings; People
500003762,license/licence,020000004,021000002,Notions
500003763,lick,020000004,021000004,Food and drink
500003764,lid,020000003,021000004,Homes and buildings; Travel
500003765,lie,020000003,021000003,People
500003766,lie,020000004,021000002,People
500003767,life,020000003,021000001,Politics and society
500003768,lifeguard,020000003,021000003,Sport
500003769,lifeless,020000001,021000004,Health
500003770,lifelong,020000001,021000003,Notions
500003771,lifestyle,020000003,021000002,People
500003772,lifetime,020000003,021000004,Time and space
500003773,lift,020000003,021000003,Homes and buildings; Travel
500003774,lift,020000004,021000003,Politics and society
500003775,light,020000001,021000001,Appearance; Culture; Food and drink; Science and technology
500003776,light,020000003,021000001,Homes and buildings; Science and technology
500003777,light,020000004,021000003,Appearance; Culture; Food and drink; Homes and buildings; Science and technology
500003778,lighten,020000004,021000004,Appearance
500003779,lighter,020000003,021000003,Travel
500003780,lighting,020000003,021000004,Science and technology
500003781,lightly,020000002,021000003,Appearance
500003782,lightning,020000003,021000003,The natural world
500003783,like,020000004,021000001,Communication; Functions
500003784,likely,020000001,021000002,Functions
500003785,likeness,020000003,021000003,Culture
500003786,likewise,020000002,021000004,Notions
500003787,lily,020000003,021000001,The natural world
500003788,limb,020000003,021000004,Appearance
500003789,limit,020000003,021000003,Time and space
500003790,limit,020000004,021000003,Time and space
500003791,limitation,020000003,021000003,Functions
500003792,limited,020000001,021000003,Time and space
500003793,limp,020000004,021000003,Health
500003794,line,020000003,021000001,Appearance; Communication; Culture; Sport; Travel
500003795,line,020000004,021000004,Appearance; Communication; Culture; Sport; Travel
500003796,linen,020000003,021000004,Appearance; Leisure
500003797,liner,020000003,021000004,Appearance; Travel
500003798,ling,020000003,021000004,Animals
500003799,linger,020000004,021000004,Appearance
500003800,link,020000003,021000003,Communication
500003801,link,020000004,021000003,Communication
500003802,lion,020000003,021000001,Animals
500003803,lip,020000003,021000002,Appearance
500003804,liquid,020000001,021000003,Food and drink; Science and technology
500003805,liquid,020000003,021000003,Food and drink; Science and technology
500003806,list,020000003,021000001,Leisure; Travel
500003807,list,020000004,021000004,Leisure; Travel
500003808,listen,020000004,021000001,Culture
500003809,listener,020000003,021000004,Culture
500003810,liter/litre,020000003,021000002,Food and drink; Science and technology
500003811,literal,020000001,021000004,Communication
500003812,literally,020000002,021000004,Communication
500003813,literary,020000001,021000003,Culture
500003814,literature,020000003,021000003,Culture
500003815,litter,020000003,021000004,Animals
500003816,little,020000001,021000001,Communication
500003817,little,020000002,021000001,Communication
500003818,live,020000001,021000003,Communication; Culture; Health; Science and technology
500003819,live,020000004,021000001,Communication; Culture; Health; Science and technology
500003820,lively,020000001,021000002,People
500003821,liver,020000003,021000003,Appearance; Food and drink
500003822,living,020000001,021000001,Politics and society
500003823,living,020000003,021000004,Politics and society
500003824,living room,020000003,021000001,Homes and buildings
500003825,load,020000003,021000002,Science and technology
500003826,load,020000004,021000004,Science and technology
500003827,loaf,020000003,021000003,Food and drink
500003828,loan,020000003,021000004,Homes and buildings; People
500003829,lobby,020000003,021000004,Homes and buildings; Politics and society; Travel
500003830,local,020000001,021000002,Health
500003831,locate,020000004,021000003,Work and business
500003832,location,020000003,021000003,Culture; Homes and buildings; Science and technology
500003833,lock,020000003,021000002,Appearance; Homes and buildings; Sport
500003834,lock,020000004,021000003,Functions; Travel
500003835,lodge,020000003,021000003,Animals; Homes and buildings
500003836,log,020000003,021000003,Travel
500003837,logic,020000003,021000003,Science and technology
500003838,logical,020000001,021000002,Functions
500003839,logo,020000003,021000003,Work and business
500003840,loneliness,020000003,021000004,People
500003841,lonely,020000001,021000001,People
500003842,long,020000001,021000001,Appearance; Sport
500003843,long,020000002,021000002,Appearance; Sport
500003844,long-distance,020000001,021000004,Time and space
500003845,long-term,020000001,021000004,Time and space
500003846,look,020000003,021000001,Functions
500003847,look,020000004,021000001,Functions
500003848,loose,020000001,021000002,Appearance; People
500003849,loosely,020000002,021000004,Notions
500003850,lorry,020000003,021000003,Travel
500003851,lose,020000004,021000002,Leisure; Notions
500003852,loss,020000003,021000003,Notions
500003853,lost,020000001,021000002,Notions
500003854,lot,020000002,021000001,Time and space
500003855,lot,020000003,021000002,Time and space
500003856,lottery,020000003,021000003,Work and business
500003857,loud,020000001,021000003,Appearance; People
500003858,loud,020000002,021000003,Appearance; People
500003859,loudly,020000002,021000002,Notions
500003860,loudspeaker,020000003,021000003,Culture
500003861,lousy,020000001,021000004,Politics and society
500003862,love,020000003,021000001,People; Sport
500003863,love,020000004,021000001,Functions; People
500003864,lovely,020000001,021000001,Appearance; People
500003865,lover,020000003,021000002,People
500003866,lovingly,020000002,021000003,Notions
500003867,low,020000001,021000002,Food and drink
500003868,low,020000002,021000002,Food and drink
500003869,lower,020000004,021000004,Notions
500003870,lowland,020000003,021000004,The natural world
500003871,loyal,020000001,021000003,People
500003872,loyalty,020000003,021000003,Notions
500003873,luck,020000003,021000001,Work and business
500003874,luckily,020000002,021000002,Notions
500003875,lucky,020000001,021000001,Notions
500003876,lucrative,020000001,021000004,Work and business
500003877,luggage,020000003,021000003,Leisure; Travel
500003878,lunch,020000003,021000001,Food and drink
500003879,lunchtime,020000003,021000002,Food and drink; Time and space
500003880,lung,020000003,021000003,Appearance
500003881,lush,020000001,021000004,The natural world
500003882,luxurious,020000001,021000004,Travel
500003883,luxury,020000001,021000004,Homes and buildings
500003884,luxury,020000003,021000003,Homes and buildings
500003885,lyric,020000001,021000002,Culture
500003886,lyrics,020000003,021000004,Notions
500003887,machine,020000003,021000001,Science and technology
500003888,mad,020000001,021000002,Functions; People
500003889,madam,020000003,021000004,People
500003890,madame,020000003,021000004,Notions
500003891,madness,020000003,021000004,Notions
500003892,maestro,020000003,021000004,Culture; People
500003893,magazine,020000003,021000001,Culture
500003894,magic,020000001,021000002,Science and technology
500003895,magic,020000003,021000002,Science and technology
500003896,magical,020000001,021000003,Notions
500003897,magician,020000003,021000003,People; Work and business
500003898,magnificent,020000001,021000003,Notions
500003899,magnify,020000004,021000004,Science and technology
500003900,mail,020000003,021000001,Communication
500003901,mail,020000004,021000003,Communication
500003902,mailbox,020000003,021000003,Homes and buildings
500003903,main,020000001,021000003,Food and drink
500003904,main course,020000003,021000002,Food and drink
500003905,mainly,020000002,021000002,Communication
500003906,maintain,020000004,021000003,Functions; Homes and buildings
500003907,maintenance,020000003,021000003,Work and business
500003908,major,020000001,021000002,Culture
500003909,major,020000003,021000004,People; Politics and society
500003910,majority,020000003,021000003,Politics and society
500003911,make,020000003,021000004,Travel
500003912,make,020000004,021000001,Notions
500003913,maker,020000003,021000002,People; Work and business
500003914,make-up,020000003,021000002,Appearance; Culture; People
500003915,malady,020000003,021000004,Health
500003916,malaria,020000003,021000004,Health
500003917,male,020000001,021000003,Politics and society; Science and technology
500003918,male,020000003,021000002,Science and technology
500003919,mall,020000003,021000002,Homes and buildings; Leisure
500003920,mama/mamma,020000003,021000004,People
500003921,man,020000003,021000001,People; Politics and society
500003922,manage,020000004,021000002,Notions
500003923,management,020000003,021000003,Notions
500003924,manager,020000003,021000002,Culture; Leisure
500003925,mango,020000003,021000004,Food and drink
500003926,manipulate,020000004,021000004,Functions
500003927,mankind,020000003,021000003,People
500003928,manner,020000003,021000002,Appearance
500003929,mansion,020000003,021000004,Homes and buildings
500003930,manual,020000001,021000004,Travel
500003931,manual,020000003,021000004,Travel
500003932,manufacture,020000003,021000004,Work and business
500003933,manufacture,020000004,021000004,Communication
500003934,manufacturer,020000003,021000004,People; Work and business
500003935,manufacturing,020000003,021000004,Work and business
500003936,map,020000003,021000001,The natural world
500003937,maple,020000003,021000003,The natural world
500003938,marathon,020000003,021000004,Sport
500003939,marble,020000003,021000003,Homes and buildings; Leisure
500003940,March,020000003,021000001,Culture; Politics and society; Time and space
500003941,march,020000003,021000003,Culture; Politics and society; Time and space
500003942,march,020000004,021000003,Politics and society
500003943,margin,020000003,021000004,Culture
500003944,marine,020000001,021000003,The natural world; Travel
500003945,mark,020000003,021000002,People
500003946,mark,020000004,021000002,People; Sport
500003947,marked,020000001,021000003,Appearance
500003948,market,020000003,021000002,Leisure
500003949,market,020000004,021000003,Leisure
500003950,marketing,020000003,021000004,Work and business
500003951,marriage,020000003,021000003,People; Politics and society
500003952,married,020000001,021000002,People
500003953,marry,020000004,021000002,People; Politics and society
500003954,martial art,020000003,021000004,Sport
500003955,marvelous/marvellous,020000001,021000002,Notions
500003956,mash,020000004,021000003,Food and drink
500003957,mask,020000003,021000004,Appearance; Health; Sport
500003958,mass,020000001,021000003,Politics and society; Science and technology
500003959,mass,020000003,021000004,Politics and society; Science and technology
500003960,massacre,020000003,021000004,People; Politics and society
500003961,massage,020000003,021000004,Health
500003962,masseur,020000003,021000004,People; Work and business
500003963,massive,020000001,021000003,Notions
500003964,master,020000003,021000004,Culture; People
500003965,masterpiece,020000003,021000004,Culture
500003966,mastery,020000003,021000004,Science and technology
500003967,match,020000003,021000001,Functions; People; Sport
500003968,match,020000004,021000003,Appearance; Functions
500003969,mate,020000003,021000004,Animals; People; Travel
500003970,material,020000003,021000002,Appearance; Science and technology
500003971,math/maths,020000003,021000001,Science and technology
500003972,mathematical,020000001,021000004,Science and technology
500003973,mathematician,020000003,021000003,Science and technology
500003974,mathematics,020000003,021000003,People; Science and technology
500003975,matter,020000003,021000001,Science and technology
500003976,matter,020000004,021000002,Science and technology
500003977,mature,020000001,021000004,Food and drink; People
500003978,mausoleum,020000003,021000004,People
500003979,max,020000003,021000002,Functions
500003980,maximum,020000001,021000003,Science and technology
500003981,maximum,020000003,021000003,Science and technology
500003982,May,020000003,021000001,Time and space
500003983,maybe,020000002,021000001,Functions
500003984,mayor,020000003,021000003,Politics and society
500003985,meal,020000003,021000001,Food and drink; The natural world
500003986,mean,020000001,021000002,People; Science and technology
500003987,mean,020000003,021000004,Science and technology
500003988,mean,020000004,021000001,Notions
500003989,meaning,020000003,021000002,Communication
500003990,meaningful,020000001,021000003,Notions
500003991,means,020000003,021000004,Notions
500003992,meanwhile,020000002,021000003,Time and space
500003993,measure,020000003,021000003,Culture; Science and technology
500003994,measure,020000004,021000003,Food and drink; Science and technology
500003995,measurement,020000003,021000003,Science and technology
500003996,meat,020000003,021000001,Food and drink
500003997,mechanic,020000003,021000003,Science and technology; Travel
500003998,mechanical,020000001,021000003,Science and technology
500003999,mechanize/mechanise,020000004,021000004,Work and business
500004000,medal,020000003,021000002,Politics and society; Sport
500004001,media,020000003,021000004,Science and technology
500004002,medical,020000001,021000002,Health
500004003,medication,020000003,021000004,Health
500004004,medicine,020000003,021000001,Health; Science and technology
500004005,medieval/mediaeval,020000001,021000004,Homes and buildings; Time and space
500004006,mediocre,020000001,021000004,Notions
500004007,meditate,020000004,021000003,Politics and society
500004008,meditation,020000003,021000003,Politics and society
500004009,Mediterranean,020000003,021000003,Animals
500004010,medium,020000001,021000003,Culture; Science and technology
500004011,medium,020000003,021000003,Culture; Science and technology
500004012,meet,020000004,021000001,Travel
500004013,meeting,020000003,021000001,Politics and society; Sport
500004014,melody,020000003,021000004,Culture
500004015,melon,020000003,021000002,Food and drink
500004016,melt,020000004,021000003,Science and technology; The natural world
500004017,member,020000003,021000002,People
500004018,membership,020000003,021000003,People
500004019,memorable,020000001,021000003,Notions
500004020,memorial,020000003,021000004,Politics and society
500004021,memorize/memorise,020000004,021000003,People
500004022,memory,020000003,021000001,Science and technology
500004023,mend,020000004,021000003,Functions
500004024,mental,020000001,021000003,Health
500004025,mentally,020000002,021000003,Health
500004026,mention,020000003,021000002,Work and business
500004027,mention,020000004,021000003,Work and business
500004028,mentor,020000003,021000004,Functions
500004029,menu,020000003,021000002,Food and drink; Science and technology
500004030,merchandise,020000003,021000004,Travel
500004031,merchant,020000003,021000003,People; Work and business
500004032,mercy,020000003,021000004,People
500004033,mere,020000001,021000003,Appearance
500004034,merely,020000002,021000003,Notions
500004035,merge,020000004,021000004,Politics and society
500004036,merger,020000003,021000004,Notions
500004037,merry,020000001,021000001,People
500004038,mess,020000003,021000003,Health
500004039,mess,020000004,021000004,Health
500004040,message,020000003,021000001,Communication; Culture
500004041,message board,020000003,021000003,Communication
500004042,messenger,020000003,021000004,People; Work and business
500004043,messy,020000001,021000003,Notions
500004044,metal,020000003,021000002,Science and technology
500004045,metaphor,020000003,021000004,Communication; Culture
500004046,meter/metre,020000003,021000002,Culture; Science and technology
500004047,method,020000003,021000002,Science and technology
500004048,metric,020000001,021000004,Science and technology
500004049,micro,020000003,021000004,Appearance
500004050,microbe,020000003,021000004,Science and technology
500004051,microcomputer,020000003,021000004,Homes and buildings; Travel
500004052,micrometer/micrometre,020000003,021000004,Science and technology
500004053,microorganism,020000003,021000004,Appearance
500004054,microphone,020000003,021000004,Culture
500004055,microscope,020000003,021000004,Science and technology
500004056,microscopic,020000001,021000004,Appearance
500004057,microscopy,020000003,021000004,Notions
500004058,microwave,020000003,021000004,Food and drink; Science and technology
500004059,midday,020000003,021000002,Time and space
500004060,middle,020000001,021000001,Appearance
500004061,middle,020000003,021000002,Appearance
500004062,middle-aged,020000001,021000003,People
500004063,midnight,020000003,021000002,Time and space
500004064,midst,020000003,021000004,Time and space
500004065,mighty,020000001,021000004,Communication
500004066,migration,020000003,021000004,Animals; Politics and society
500004067,mild,020000001,021000003,Food and drink; People; The natural world
500004068,mile,020000003,021000003,Science and technology
500004069,military,020000001,021000002,Politics and society
500004070,milk,020000003,021000001,Food and drink
500004071,mill,020000003,021000004,Homes and buildings; The natural world
500004072,millimeter/millimetre,020000003,021000004,Science and technology
500004073,millionaire,020000003,021000004,Politics and society
500004074,mimic,020000003,021000004,Appearance
500004075,mind,020000003,021000001,Notions
500004076,mind,020000004,021000002,Notions
500004077,mine,020000003,021000004,Politics and society
500004078,mineral,020000003,021000003,Food and drink; Science and technology
500004079,mineral water,020000003,021000002,Food and drink
500004080,miniature,020000001,021000004,Appearance
500004081,minimize/minimise,020000004,021000003,Science and technology
500004082,minimum,020000001,021000003,Science and technology
500004083,minimum,020000003,021000003,Science and technology
500004084,minister,020000003,021000004,Politics and society
500004085,minor,020000001,021000003,Culture
500004086,minority,020000003,021000003,Politics and society
500004087,mint,020000003,021000004,Food and drink; The natural world
500004088,minute,020000003,021000001,Science and technology; Time and space
500004089,miracle,020000003,021000003,Politics and society
500004090,mirror,020000003,021000002,Homes and buildings
500004091,mischief,020000003,021000003,People
500004092,misconception,020000003,021000004,Politics and society
500004093,miserable,020000001,021000003,People; The natural world
500004094,misery,020000003,021000003,People
500004095,misfortune,020000003,021000004,Notions
500004096,mislead,020000004,021000003,People
500004097,misleading,020000001,021000004,People
500004098,Miss,020000003,021000001,Notions
500004099,miss,020000004,021000001,Notions
500004100,missile,020000003,021000004,Politics and society
500004101,missing,020000001,021000002,Homes and buildings
500004102,mission,020000003,021000003,Politics and society; Time and space
500004103,mist,020000003,021000004,The natural world
500004104,mistake,020000003,021000002,Functions; Notions
500004105,mistreat,020000004,021000004,People
500004106,mistrustful,020000001,021000004,Functions
500004107,misty,020000001,021000003,The natural world
500004108,misunderstand,020000004,021000004,Notions
500004109,misunderstanding,020000003,021000003,Functions
500004110,mix,020000003,021000004,Culture; Food and drink
500004111,mix,020000004,021000002,Culture; Food and drink
500004112,mixing bowl,020000003,021000003,Food and drink
500004113,mixture,020000003,021000004,Science and technology
500004114,mobile,020000001,021000002,Communication
500004115,mobile,020000003,021000001,Communication
500004116,mobile phone,020000003,021000001,Communication
500004117,mobility,020000003,021000004,Health
500004118,mock,020000001,021000004,Homes and buildings; People
500004119,modal verb/modal,020000003,021000003,Communication
500004120,model,020000001,021000003,Appearance; Culture; Science and technology
500004121,model,020000003,021000002,Appearance
500004122,model,020000004,021000003,Appearance; Culture; Science and technology
500004123,modem,020000003,021000003,Science and technology
500004124,moderate,020000001,021000003,Functions; Politics and society
500004125,modern,020000001,021000002,Homes and buildings; Time and space
500004126,modernization/modernisation,020000003,021000004,Time and space
500004127,modernize/modernise,020000004,021000004,Time and space
500004128,modest,020000001,021000004,People
500004129,modification,020000003,021000004,Time and space
500004130,modify,020000004,021000003,Communication
500004131,mogul,020000003,021000004,Animals
500004132,moisture,020000003,021000003,Food and drink
500004133,mold/mould,020000003,021000004,Communication
500004134,molecule,020000003,021000003,Science and technology
500004135,mom,020000003,021000001,People
500004136,moment,020000003,021000001,Time and space
500004137,momentarily,020000002,021000004,Appearance
500004138,momentary,020000001,021000004,Appearance
500004139,mommy/mommie,020000003,021000001,People
500004140,monastery,020000003,021000004,Homes and buildings; Politics and society
500004141,Monday,020000003,021000001,Time and space
500004142,money,020000003,021000001,Travel
500004143,monitor,020000003,021000003,Animals; Culture; Health; People; Science and technology
500004144,monitor,020000004,021000003,Animals; Culture; Health; People; Science and technology
500004145,monk,020000003,021000003,Politics and society
500004146,monkey,020000003,021000001,Animals
500004147,monster,020000003,021000003,Animals
500004148,month,020000003,021000001,Time and space
500004149,monthly,020000001,021000003,Time and space
500004150,monthly,020000002,021000003,Time and space
500004151,monument,020000003,021000003,Homes and buildings; Time and space
500004152,mood,020000003,021000002,Communication; People
500004153,moody,020000001,021000004,People
500004154,moon,020000003,021000001,Time and space
500004155,moonlight,020000003,021000004,Time and space
500004156,moonscape,020000003,021000004,Food and drink
500004157,moral,020000001,021000004,People
500004158,moral,020000003,021000003,People
500004159,morality,020000003,021000004,People
500004160,morally,020000002,021000004,Politics and society
500004161,more,020000002,021000003,Time and space
500004162,moreover,020000002,021000003,Notions
500004163,morning,020000003,021000001,Time and space
500004164,mortal,020000001,021000004,People
500004165,mortar,020000003,021000004,Homes and buildings; Politics and society; Science and technology
500004166,mortgage,020000003,021000004,Homes and buildings
500004167,mortify,020000004,021000004,People
500004168,mosque,020000003,021000002,Homes and buildings; Politics and society
500004169,mosquito,020000003,021000003,Animals
500004170,moss,020000003,021000003,The natural world
500004171,most,020000002,021000002,Time and space
500004172,mostly,020000002,021000002,Notions
500004173,mother,020000003,021000001,People
500004174,mother-in-law,020000003,021000004,People
500004175,motherland,020000003,021000003,People
500004176,motion,020000003,021000004,Science and technology
500004177,motionless,020000001,021000003,Notions
500004178,motivate,020000004,021000003,People
500004179,motivated,020000001,021000004,Work and business
500004180,motivation,020000003,021000003,Work and business
500004181,motive,020000003,021000003,Functions
500004182,motor,020000003,021000003,Science and technology; Travel
500004183,motorbike,020000003,021000004,Sport; Travel
500004184,motorcycle,020000003,021000003,Travel
500004185,motorist,020000003,021000004,Travel
500004186,motorway,020000003,021000002,Travel
500004187,motto,020000003,021000003,Appearance
500004188,mount,020000003,021000003,The natural world
500004189,mount,020000004,021000004,Notions
500004190,mountain,020000003,021000001,The natural world
500004191,mountaintop,020000003,021000003,The natural world
500004192,mourn,020000004,021000003,People
500004193,mournful,020000001,021000004,People
500004194,mouse,020000003,021000001,Animals; Science and technology
500004195,mouth,020000003,021000001,Appearance; The natural world
500004196,move,020000003,021000001,Homes and buildings; Leisure
500004197,move,020000004,021000002,Functions; Homes and buildings
500004198,movement,020000003,021000003,Culture; Politics and society
500004199,mover,020000003,021000004,Work and business
500004200,movie,020000003,021000001,Culture
500004201,moving,020000001,021000004,Culture
500004202,MP3 player,020000003,021000002,Culture; Science and technology
500004203,Mr./Mr,020000003,021000001,People
500004204,Mrs./Mrs,020000003,021000001,People
500004205,Ms./Ms,020000003,021000002,People
500004206,much,020000002,021000001,Communication
500004207,mud,020000003,021000003,Leisure; The natural world
500004208,muddy,020000001,021000004,Notions
500004209,mug,020000003,021000002,Food and drink
500004210,mule,020000003,021000003,Animals; Appearance; Politics and society
500004211,multiple,020000001,021000004,Health
500004212,multiply,020000004,021000004,Notions; Science and technology
500004213,mum,020000003,021000001,People
500004214,mumble,020000003,021000004,Communication
500004215,mumble,020000004,021000004,Communication
500004216,murder,020000003,021000002,Politics and society
500004217,murder,020000004,021000003,Politics and society
500004218,murderer,020000003,021000003,Politics and society
500004219,murmur,020000003,021000004,Communication
500004220,muscle,020000003,021000003,Appearance
500004221,muse,020000004,021000004,Notions
500004222,museum,020000003,021000002,Homes and buildings
500004223,mushroom,020000003,021000002,Food and drink; The natural world
500004224,music,020000003,021000001,Culture; Leisure; People
500004225,musical,020000001,021000002,Culture; People
500004226,musical,020000003,021000004,Culture
500004227,musician,020000003,021000001,Culture
500004228,mustache/moustache,020000003,021000004,Appearance
500004229,mustard,020000003,021000003,Appearance; Food and drink
500004230,mutability,020000003,021000004,Functions
500004231,mutable,020000001,021000004,Functions
500004232,mutter,020000003,021000004,Communication
500004233,mutter,020000004,021000004,Communication
500004234,mutton,020000003,021000004,Food and drink
500004235,mutual,020000001,021000003,Politics and society
500004236,mysterious,020000001,021000002,Politics and society
500004237,mystery,020000003,021000002,Culture; Politics and society
500004238,mystify,020000004,021000004,Notions
500004239,myth,020000003,021000003,Culture; Time and space
500004240,nail,020000003,021000003,Appearance
500004241,naked,020000001,021000003,Science and technology
500004242,name,020000003,021000001,Functions; People
500004243,name,020000004,021000003,Functions; People
500004244,nano,020000003,021000004,Notions
500004245,nap,020000003,021000003,Sport
500004246,napkin,020000003,021000002,Food and drink
500004247,narcissistic,020000001,021000004,Notions
500004248,narrate,020000004,021000003,Culture
500004249,narrative,020000001,021000003,Communication
500004250,narrator,020000003,021000004,Culture
500004251,narrow,020000001,021000003,Notions
500004252,narrowly,020000002,021000004,Appearance
500004253,nasty,020000001,021000003,Notions; People
500004254,nation,020000003,021000002,People; Time and space
500004255,national,020000001,021000002,Politics and society
500004256,nationalist,020000003,021000003,Politics and society
500004257,nationality,020000003,021000001,People
500004258,nationwide,020000001,021000004,Politics and society
500004259,nationwide,020000002,021000004,Politics and society
500004260,native,020000001,021000002,Science and technology
500004261,native speaker,020000003,021000004,Communication
500004262,natural,020000001,021000002,Culture; The natural world
500004263,naturally,020000002,021000003,Health
500004264,nature,020000003,021000002,The natural world
500004265,naughty,020000001,021000004,Notions
500004266,naval,020000001,021000004,Politics and society
500004267,navigate,020000004,021000004,Communication; Travel
500004268,navigation,020000003,021000004,Travel
500004269,navy,020000003,021000004,Politics and society; Travel
500004270,navy blue,020000001,021000003,Appearance
500004271,near,020000001,021000003,People
500004272,near,020000002,021000003,People
500004273,nearby,020000001,021000003,Time and space
500004274,nearby,020000002,021000003,Time and space
500004275,nearly,020000002,021000002,Notions
500004276,neat,020000001,021000004,Food and drink
500004277,necessarily,020000002,021000004,Communication
500004278,necessary,020000001,021000002,Functions
500004279,necessity,020000003,021000004,Functions
500004280,neck,020000003,021000001,Appearance
500004281,necklace,020000003,021000003,Appearance
500004282,nectar,020000003,021000003,Food and drink
500004283,need,020000003,021000004,Functions
500004284,need,020000004,021000002,Functions
500004285,needle,020000003,021000003,Health; The natural world
500004286,needless,020000001,021000004,Functions
500004287,needy,020000001,021000004,People
500004288,negative,020000001,021000002,Communication; Functions; Science and technology
500004289,negatively,020000002,021000004,Health
500004290,neglect,020000003,021000004,Homes and buildings
500004291,negotiate,020000004,021000003,Functions; Politics and society
500004292,negotiation,020000003,021000003,Functions; Politics and society
500004293,neighbor/neighbour,020000003,021000001,People
500004294,neighborhood/neighbourhood,020000003,021000003,People
500004295,neighboring/neighbouring,020000001,021000004,Notions
500004296,neither,020000002,021000004,Politics and society
500004297,nephew,020000003,021000003,People
500004298,nerve,020000003,021000004,Appearance; People; Science and technology
500004299,nerves,020000003,021000004,Notions
500004300,nervous,020000001,021000002,People
500004301,nervously,020000002,021000004,Notions
500004302,nervousness,020000003,021000003,Notions
500004303,ness,020000003,021000003,Politics and society
500004304,net,020000001,021000002,Sport
500004305,net,020000003,021000003,Sport
500004306,netsurfer/net surfer,020000003,021000004,Communication
500004307,network,020000003,021000003,Culture; Science and technology
500004308,neurosis,020000003,021000004,Health; People
500004309,neutral,020000001,021000003,Appearance; Politics and society
500004310,never,020000002,021000001,Time and space
500004311,nevertheless,020000002,021000003,Notions
500004312,new,020000001,021000001,Time and space
500004313,newborn,020000001,021000003,People
500004314,newcomer,020000003,021000003,Time and space
500004315,newly,020000002,021000003,Notions
500004316,news,020000003,021000001,Culture
500004317,newscaster,020000003,021000004,Culture
500004318,newspaper,020000003,021000001,Culture
500004319,newsworthy,020000001,021000004,Culture
500004320,next,020000002,021000002,Politics and society
500004321,next door,020000002,021000003,Homes and buildings
500004322,next-door,020000001,021000003,Homes and buildings
500004323,nice,020000001,021000001,People
500004324,nicely,020000002,021000004,Notions
500004325,nickname,020000003,021000003,People
500004326,niece,020000003,021000003,People
500004327,night,020000003,021000001,Time and space
500004328,nightclub,020000003,021000004,Homes and buildings; Travel
500004329,nightlife,020000003,021000003,People; Politics and society
500004330,nightmare,020000003,021000004,Notions
500004331,no,020000002,021000001,Communication
500004332,nobility,020000003,021000004,People; Politics and society
500004333,noble,020000001,021000004,People; Politics and society
500004334,nobleman,020000003,021000004,Politics and society
500004335,nod,020000003,021000003,Functions
500004336,nod,020000004,021000004,Functions
500004337,noise,020000003,021000001,Science and technology
500004338,noisily,020000002,021000003,Notions
500004339,noisy,020000001,021000002,Notions
500004340,nomad,020000003,021000004,Politics and society
500004341,nomination,020000003,021000004,Functions; Politics and society
500004342,nominee,020000003,021000004,Functions
500004343,nonetheless,020000002,021000003,Notions
500004344,nonprofessional,020000001,021000004,Notions
500004345,nonsense,020000003,021000003,Communication
500004346,non-smoking,020000001,021000004,Functions
500004347,noon,020000003,021000002,Time and space
500004348,normal,020000001,021000002,Functions
500004349,normally,020000002,021000003,Notions
500004350,north,020000001,021000002,The natural world
500004351,north,020000002,021000002,The natural world
500004352,north,020000003,021000002,The natural world
500004353,northeast,020000001,021000003,Notions
500004354,northeast,020000003,021000003,Notions
500004355,northeastern,020000001,021000003,Notions
500004356,northern,020000001,021000003,The natural world
500004357,northward/northwards,020000002,021000004,Time and space
500004358,northwest,020000001,021000003,Notions
500004359,northwest,020000003,021000003,Notions
500004360,northwestern,020000001,021000003,Notions
500004361,nose,020000003,021000001,Appearance; Travel
500004362,nostril,020000003,021000004,Appearance
500004363,not,020000002,021000001,Communication
500004364,note,020000003,021000001,Culture; Leisure
500004365,note,020000004,021000001,Culture; Leisure
500004366,notebook,020000003,021000001,People; Science and technology
500004367,notice,020000003,021000002,Culture; Functions; Homes and buildings
500004368,notice,020000004,021000003,Culture; Functions; Homes and buildings
500004369,noticeable,020000001,021000003,Notions
500004370,noticeboard,020000003,021000003,Notions
500004371,notion,020000003,021000003,Notions
500004372,notorious,020000001,021000003,Notions
500004373,nought,020000003,021000004,Science and technology
500004374,noun,020000003,021000002,Communication
500004375,nourish,020000004,021000004,Food and drink
500004376,nourishment,020000003,021000004,Food and drink
500004377,novel,020000003,021000002,Culture
500004378,novelist,020000003,021000003,Culture
500004379,novelty,020000003,021000004,Appearance
500004380,November,020000003,021000001,Time and space
500004381,now,020000002,021000001,Time and space
500004382,nowadays,020000002,021000002,Time and space
500004383,nowhere,020000002,021000003,Appearance
500004384,nuclear,020000001,021000003,Politics and society; Science and technology; The natural world
500004385,nucleus,020000003,021000003,Science and technology
500004386,nuisance,020000003,021000004,People
500004387,number,020000003,021000001,Communication; Science and technology
500004388,numerical,020000001,021000004,Science and technology
500004389,numerous,020000001,021000003,Notions
500004390,nurse,020000003,021000001,Health
500004391,nurse,020000004,021000003,Health
500004392,nursery,020000003,021000004,Homes and buildings; People; The natural world
500004393,nut,020000003,021000004,Food and drink; Science and technology
500004394,nutrient,020000003,021000003,Science and technology
500004395,nutrition,020000003,021000003,Food and drink
500004396,nutritious,020000001,021000003,Food and drink
500004397,nutshell,020000003,021000004,Food and drink
500004398,oak,020000003,021000002,The natural world
500004399,oath,020000003,021000004,Communication
500004400,obedience,020000003,021000004,Notions
500004401,obedient,020000001,021000004,Communication
500004402,obey,020000004,021000004,Politics and society
500004403,obituary,020000003,021000004,Culture
500004404,object,020000003,021000003,Communication
500004405,object,020000004,021000004,Functions
500004406,objection,020000003,021000003,Functions
500004407,objective,020000001,021000004,Functions
500004408,objective,020000003,021000003,Notions
500004409,obligation,020000003,021000004,Functions
500004410,observation,020000003,021000003,Communication
500004411,observe,020000004,021000003,Functions; Politics and society
500004412,observer,020000003,021000004,Work and business
500004413,obsess,020000004,021000004,Politics and society
500004414,obsession,020000003,021000004,Politics and society
500004415,obsessive,020000001,021000004,Notions
500004416,obstacle,020000003,021000003,Notions; Sport
500004417,obtain,020000004,021000003,Notions
500004418,obvious,020000001,021000003,Politics and society
500004419,obviously,020000002,021000003,Communication
500004420,occasion,020000003,021000003,Notions
500004421,occasion,020000004,021000003,Notions
500004422,occasional,020000001,021000003,Time and space
500004423,occasionally,020000002,021000003,Notions
500004424,occupation,020000003,021000002,Homes and buildings; Politics and society
500004425,occupy,020000004,021000003,Homes and buildings; Politics and society
500004426,occur,020000004,021000003,Notions
500004427,ocean,020000003,021000003,The natural world
500004428,o'clock,020000002,021000001,Communication
500004429,October,020000003,021000001,Time and space
500004430,odd,020000001,021000004,Appearance
500004431,off,020000001,021000001,Work and business
500004432,off,020000002,021000002,Work and business
500004433,offend,020000004,021000004,People; Politics and society
500004434,offender,020000003,021000004,Politics and society
500004435,offense/offence,020000003,021000004,Politics and society; Sport
500004436,offensive,020000001,021000003,People
500004437,offer,020000003,021000002,Homes and buildings; Leisure
500004438,offer,020000004,021000002,Homes and buildings; Leisure
500004439,offhand,020000002,021000004,Notions
500004440,office,020000003,021000001,Homes and buildings; Politics and society; Travel
500004441,officer,020000003,021000001,Politics and society
500004442,official,020000001,021000002,Work and business
500004443,official,020000003,021000004,People; Work and business
500004444,officially,020000002,021000003,Politics and society
500004445,offshore,020000001,021000004,The natural world; Travel
500004446,often,020000002,021000001,Time and space
500004447,oil,020000003,021000002,Appearance; Culture; Food and drink; The natural world; Travel
500004448,oily,020000001,021000003,Food and drink
500004449,ointment,020000003,021000004,Health
500004450,OK/okay,020000001,021000001,People
500004451,OK/okay,020000002,021000001,People
500004452,old,020000001,021000001,People
500004453,old-fashioned,020000001,021000003,Appearance
500004454,olive,020000003,021000004,Appearance; Food and drink; The natural world
500004455,olive oil,020000003,021000002,Food and drink
500004456,Olympia,020000003,021000004,Time and space
500004457,Olympiad,020000003,021000004,Science and technology
500004458,Olympic,020000001,021000002,Sport
500004459,Olympics,020000003,021000001,Leisure; Politics and society
500004460,omelet/omelette,020000003,021000002,Food and drink
500004461,on,020000002,021000002,Politics and society
500004462,once,020000002,021000001,Communication
500004463,onion,020000003,021000002,Food and drink
500004464,online,020000001,021000002,Communication; Leisure
500004465,online,020000002,021000002,Communication; Leisure
500004466,only,020000001,021000001,Communication
500004467,only,020000002,021000001,Communication
500004468,onstage,020000001,021000003,Culture
500004469,open,020000001,021000001,People
500004470,open,020000004,021000001,Science and technology
500004471,opening,020000003,021000003,Culture
500004472,openly,020000002,021000004,Notions
500004473,opera,020000003,021000001,Culture
500004474,operate,020000004,021000002,Health
500004475,operation,020000003,021000003,Health; Science and technology
500004476,operator,020000003,021000004,Communication; Science and technology; Travel
500004477,opinion,020000003,021000002,Functions
500004478,opponent,020000003,021000004,Functions; Leisure
500004479,opportunity,020000003,021000002,Notions
500004480,oppose,020000004,021000002,Functions
500004481,opposite,020000001,021000002,Work and business
500004482,opposite,020000002,021000003,Work and business
500004483,opposite,020000003,021000003,Work and business
500004484,opposition,020000003,021000003,Functions; Politics and society
500004485,oppress,020000004,021000003,Politics and society
500004486,oppression,020000003,021000003,Politics and society
500004487,optimism,020000003,021000004,Notions; People
500004488,optimist,020000003,021000004,Notions
500004489,optimistic,020000001,021000004,Notions; People
500004490,option,020000003,021000003,Functions; Science and technology
500004491,optional,020000001,021000004,People
500004492,oral,020000001,021000004,Appearance; Communication
500004493,oral,020000003,021000003,Communication; People
500004494,orange,020000001,021000001,Appearance
500004495,orange,020000003,021000001,Appearance; Food and drink
500004496,orator,020000003,021000004,People; Work and business
500004497,orbit,020000003,021000003,Time and space
500004498,orchestra,020000003,021000003,Culture
500004499,orchestral,020000001,021000004,Notions
500004500,orchid,020000003,021000004,The natural world
500004501,order,020000003,021000001,Animals; Food and drink; Leisure; Politics and society
500004502,order,020000004,021000002,Food and drink; Functions; Leisure; Politics and society
500004503,orderly,020000001,021000003,Notions
500004504,ordinary,020000001,021000003,Communication
500004505,organ,020000003,021000003,Appearance; Culture
500004506,organic,020000001,021000003,Food and drink; Science and technology; The natural world
500004507,organism,020000003,021000003,Science and technology
500004508,organization/organisation,020000003,021000003,Politics and society
500004509,organize/organise,020000004,021000002,Work and business
500004510,organized/organised,020000001,021000002,People
500004511,organizer/organiser,020000003,021000004,Notions
500004512,origin,020000003,021000003,Time and space
500004513,original,020000001,021000002,Culture
500004514,original,020000003,021000004,Culture
500004515,originality,020000003,021000004,Time and space
500004516,originally,020000002,021000004,Time and space
500004517,originate,020000004,021000004,Travel
500004518,ornament,020000003,021000004,Homes and buildings
500004519,orphan,020000003,021000002,People
500004520,otherwise,020000002,021000003,Politics and society
500004521,ounce,020000003,021000004,Food and drink; Science and technology
500004522,out,020000002,021000001,Functions; Leisure; Sport
500004523,outback,020000003,021000004,The natural world
500004524,outbreak,020000003,021000004,Health
500004525,outcome,020000003,021000004,Notions
500004526,outdistance,020000004,021000004,Notions
500004527,outdo,020000004,021000004,Notions
500004528,outdoor,020000001,021000003,Homes and buildings
500004529,outdoors,020000002,021000003,Homes and buildings
500004530,outer,020000001,021000003,Time and space
500004531,outfit,020000003,021000004,Appearance
500004532,outgrow,020000004,021000004,Sport
500004533,outing,020000003,021000004,Travel
500004534,outlaw,020000003,021000003,Politics and society
500004535,outlet,020000003,021000004,Leisure
500004536,outline,020000003,021000004,Notions
500004537,outline,020000004,021000003,Notions
500004538,outlive,020000004,021000004,Time and space
500004539,outlook,020000003,021000004,Functions
500004540,out-of-date,020000001,021000003,Appearance
500004541,outpatient,020000003,021000004,Health
500004542,output,020000003,021000004,Science and technology
500004543,outrage,020000003,021000004,People
500004544,outrageous,020000001,021000004,Politics and society
500004545,outshine,020000004,021000004,Notions
500004546,outside,020000001,021000004,Travel
500004547,outside,020000002,021000001,Travel
500004548,outside,020000003,021000004,Travel
500004549,outsider,020000003,021000004,Politics and society; Sport
500004550,outskirts,020000003,021000004,Homes and buildings; The natural world
500004551,outstanding,020000001,021000003,Notions
500004552,outward,020000001,021000003,Politics and society
500004553,outwardly,020000002,021000004,Notions
500004554,outweigh,020000004,021000003,Notions
500004555,oval,020000001,021000004,Appearance
500004556,oven,020000003,021000002,Food and drink
500004557,over,020000002,021000002,Work and business
500004558,overall,020000001,021000004,Politics and society
500004559,overall,020000002,021000004,Politics and society
500004560,overboard,020000002,021000004,Travel
500004561,overbook,020000004,021000004,Travel
500004562,overcoat,020000003,021000004,Appearance
500004563,overcome,020000004,021000003,Notions
500004564,overemphasize/overemphasise,020000004,021000004,Notions
500004565,overestimate,020000004,021000004,Notions
500004566,overhear,020000004,021000004,Notions
500004567,overjoyed,020000001,021000003,People
500004568,overlap,020000003,021000004,Time and space
500004569,overlook,020000004,021000004,Homes and buildings
500004570,overly,020000002,021000004,Notions
500004571,overnight,020000001,021000003,Notions
500004572,overnight,020000002,021000003,Notions
500004573,overseas,020000001,021000004,Animals
500004574,overseas,020000002,021000002,Animals
500004575,overshadow,020000004,021000004,Notions
500004576,oversize,020000001,021000004,Notions
500004577,overstep,020000004,021000004,Politics and society
500004578,overtake,020000004,021000004,Travel
500004579,overthrow,020000004,021000004,Science and technology
500004580,overtime,020000002,021000004,Work and business
500004581,overtime,020000003,021000004,Work and business
500004582,overturn,020000004,021000004,Functions; Politics and society
500004583,overweight,020000001,021000002,Appearance; Health
500004584,overwhelm,020000004,021000003,Notions
500004585,overwhelming,020000001,021000003,Notions
500004586,overwork,020000003,021000003,Work and business
500004587,ow,020000003,021000004,Health
500004588,owe,020000004,021000003,Work and business
500004589,owing,020000001,021000003,Work and business
500004590,owl,020000003,021000004,Animals
500004591,own,020000001,021000001,Notions
500004592,own,020000004,021000003,Notions
500004593,owner,020000003,021000001,People; Work and business
500004594,ox,020000003,021000004,Animals
500004595,oxygen,020000003,021000003,Science and technology
500004596,ozone,020000003,021000004,Science and technology
500004597,p.m./P.M./pm/PM,020000002,021000001,Time and space
500004598,pa,020000003,021000004,People
500004599,pace,020000003,021000003,Science and technology; Sport
500004600,pacific,020000001,021000002,Politics and society
500004601,pack,020000003,021000002,Animals; Health; Leisure; Sport
500004602,pack,020000004,021000002,Travel
500004603,package,020000003,021000003,Homes and buildings; Travel
500004604,packed,020000001,021000004,Politics and society
500004605,packet,020000003,021000004,Homes and buildings
500004606,packing,020000003,021000003,Appearance
500004607,pad,020000003,021000004,Animals; Sport
500004608,paddle,020000003,021000003,Sport; Travel
500004609,page,020000003,021000001,Communication; Culture; Time and space
500004610,paid,020000001,021000003,Work and business
500004611,pain,020000003,021000003,Health; People
500004612,painful,020000001,021000003,Health; People
500004613,paint,020000003,021000001,Culture; Homes and buildings
500004614,paint,020000004,021000001,Culture; Homes and buildings
500004615,paintbrush,020000003,021000004,Culture
500004616,painter,020000003,021000002,Culture
500004617,painting,020000003,021000001,Culture; Leisure
500004618,pair,020000003,021000001,Appearance
500004619,pajamas/pyjamas,020000003,021000004,Appearance
500004620,pal,020000003,021000002,People
500004621,palace,020000003,021000001,Homes and buildings; Time and space
500004622,pale,020000001,021000003,Appearance; Health
500004623,pallet,020000003,021000004,Functions
500004624,palm,020000003,021000003,Appearance; The natural world
500004625,pan,020000003,021000002,Food and drink
500004626,pancake,020000003,021000004,Food and drink
500004627,pandemic,020000001,021000004,Health
500004628,panel,020000003,021000004,Culture
500004629,panic,020000003,021000002,People
500004630,panic,020000004,021000004,People
500004631,pants,020000003,021000001,Appearance
500004632,papaya,020000003,021000004,Food and drink
500004633,paper,020000003,021000001,Culture
500004634,paperless,020000001,021000004,Communication
500004635,paperwork,020000003,021000004,Homes and buildings
500004636,parachute,020000003,021000003,Sport; Travel
500004637,parade,020000003,021000004,Politics and society; Travel
500004638,paradise,020000003,021000003,Politics and society
500004639,paradox,020000003,021000004,Communication; Functions
500004640,paragraph,020000003,021000001,Communication
500004641,paralysis,020000003,021000004,Health
500004642,paralyze/paralyse,020000004,021000003,Health
500004643,paramedic,020000001,021000004,Health
500004644,paratrooper,020000003,021000004,Politics and society
500004645,parcel,020000003,021000003,Food and drink
500004646,pardon,020000003,021000001,Politics and society
500004647,pardon,020000004,021000003,Politics and society
500004648,parent,020000003,021000001,People
500004649,parental,020000001,021000003,People
500004650,park,020000003,021000001,Sport; Travel
500004651,park,020000004,021000002,Travel
500004652,parking,020000003,021000003,Travel
500004653,parliament,020000003,021000004,Politics and society
500004654,parrot,020000003,021000003,Animals
500004655,part,020000003,021000002,Culture
500004656,part,020000004,021000004,Appearance; People
500004657,partial,020000001,021000003,Functions
500004658,participant,020000003,021000003,Time and space
500004659,participate,020000004,021000003,Time and space
500004660,participation,020000003,021000004,Time and space
500004661,participle,020000003,021000003,Communication
500004662,particle,020000003,021000004,Communication; Science and technology
500004663,particular,020000001,021000004,Time and space
500004664,particularly,020000002,021000003,Notions
500004665,partisan,020000003,021000004,Politics and society
500004666,partly,020000002,021000002,Notions
500004667,partner,020000003,021000001,People
500004668,partnership,020000003,021000004,Work and business
500004669,part-time,020000001,021000003,Work and business
500004670,part-time,020000002,021000003,Work and business
500004671,party,020000003,021000001,Functions; People; Politics and society
500004672,pass,020000003,021000002,People; Sport; Travel
500004673,pass,020000004,021000002,Functions; People; Politics and society; Sport
500004674,passage,020000003,021000002,Culture; Homes and buildings; Politics and society; Travel
500004675,passenger,020000003,021000002,Travel
500004676,passion,020000003,021000003,Functions; People
500004677,passionate,020000001,021000004,People
500004678,passionately,020000002,021000004,Notions
500004679,passive,020000001,021000003,Communication
500004680,passport,020000003,021000003,Notions; Politics and society; Travel
500004681,password,020000003,021000003,Science and technology
500004682,past,020000001,021000003,Communication; Time and space
500004683,past,020000002,021000001,Communication; Time and space
500004684,pasta,020000003,021000002,Food and drink
500004685,pastor,020000003,021000004,Politics and society
500004686,pastoral,020000001,021000004,Politics and society
500004687,patch,020000003,021000004,Homes and buildings; Politics and society; Science and technology
500004688,path,020000003,021000002,Homes and buildings
500004689,patience,020000003,021000003,People
500004690,patient,020000001,021000003,People
500004691,patient,020000003,021000002,Health
500004692,patiently,020000002,021000004,Appearance
500004693,patriot,020000003,021000004,People
500004694,patriotic,020000001,021000004,Politics and society
500004695,patriotism,020000003,021000004,Politics and society
500004696,patrol,020000003,021000003,Politics and society
500004697,patron,020000003,021000004,Culture; Politics and society
500004698,pattern,020000003,021000003,Appearance; Homes and buildings
500004699,pause,020000003,021000003,Appearance
500004700,pause,020000004,021000003,Appearance
500004701,pave,020000004,021000004,Homes and buildings
500004702,pavement,020000003,021000004,The natural world; Travel
500004703,paw,020000003,021000004,Animals
500004704,pawnbroker,020000003,021000004,People; Work and business
500004705,pawnshop,020000003,021000004,Homes and buildings; Travel
500004706,pay,020000003,021000001,Leisure
500004707,pay,020000004,021000001,Leisure
500004708,payment,020000003,021000004,Leisure
500004709,PC,020000003,021000002,Politics and society; Science and technology
500004710,pea,020000003,021000002,Food and drink
500004711,peace,020000003,021000001,Politics and society
500004712,peaceful,020000001,021000002,Politics and society
500004713,peacefully,020000002,021000004,Politics and society
500004714,peach,020000003,021000004,Appearance; Food and drink
500004715,peak,020000003,021000004,Appearance; Notions; The natural world
500004716,peanut,020000003,021000003,Food and drink
500004717,pear,020000003,021000002,Food and drink
500004718,pearl,020000003,021000004,Appearance
500004719,pebble,020000003,021000004,Food and drink
500004720,peculiar,020000001,021000003,Health
500004721,pedal,020000003,021000004,Culture; Travel
500004722,pedantic,020000001,021000004,Appearance
500004723,pedestrian,020000003,021000004,Homes and buildings
500004724,pee,020000004,021000004,Health
500004725,peel,020000003,021000004,Food and drink
500004726,peel,020000004,021000004,Food and drink
500004727,peep,020000003,021000004,Communication
500004728,peer,020000003,021000004,Politics and society
500004729,peg,020000003,021000004,Travel
500004730,pen,020000003,021000001,Sport; The natural world
500004731,penalize/penalise,020000004,021000004,Politics and society
500004732,penalty,020000003,021000004,Politics and society; Sport
500004733,pence,020000003,021000002,Travel
500004734,pencil,020000003,021000001,Homes and buildings; Travel
500004735,penetrate,020000004,021000004,Notions
500004736,penfriend/pen friend,020000003,021000002,People
500004737,penguin,020000003,021000004,Animals
500004738,penicillin,020000003,021000004,Health
500004739,penniless,020000001,021000003,Politics and society
500004740,penny,020000003,021000003,Work and business
500004741,pension,020000003,021000004,People; Travel
500004742,pentagon,020000003,021000004,Appearance; Politics and society
500004743,people,020000003,021000001,Work and business
500004744,pepper,020000003,021000002,Food and drink
500004745,perceive,020000004,021000004,Notions
500004746,percent/per cent,020000003,021000003,Notions
500004747,percentage,020000003,021000004,Science and technology
500004748,perception,020000003,021000004,Functions
500004749,perfect,020000001,021000002,Communication
500004750,perfectly,020000002,021000002,Notions
500004751,perform,020000004,021000002,Culture
500004752,performance,020000003,021000002,Culture
500004753,performer,020000003,021000003,Culture
500004754,perfume,020000003,021000002,Leisure
500004755,perhaps,020000002,021000002,Functions
500004756,period,020000003,021000001,Communication; People; Time and space
500004757,permanence,020000003,021000004,Appearance
500004758,permanent,020000001,021000003,Appearance
500004759,permanently,020000002,021000003,Appearance
500004760,permeate,020000004,021000004,Time and space
500004761,permission,020000003,021000002,Functions
500004762,permit,020000004,021000003,Functions
500004763,perseverance,020000003,021000004,Notions
500004764,persist,020000004,021000004,Functions
500004765,persistence,020000003,021000004,Appearance
500004766,persistent,020000001,021000004,Appearance
500004767,person,020000003,021000001,Communication
500004768,personal,020000001,021000001,Health
500004769,personality,020000003,021000002,People
500004770,personally,020000002,021000003,Functions
500004771,personification,020000003,021000004,Leisure
500004772,personify,020000004,021000004,Notions
500004773,personnel,020000003,021000004,Work and business
500004774,perspective,020000003,021000004,Culture
500004775,perspiration,020000003,021000004,Appearance
500004776,persuade,020000004,021000003,Functions
500004777,persuasion,020000003,021000004,Functions
500004778,persuasive,020000001,021000003,Functions
500004779,pessimist,020000003,021000004,People
500004780,pessimistic,020000001,021000004,Notions
500004781,pet,020000003,021000001,Animals; The natural world
500004782,petrified,020000001,021000004,People
500004783,petrol,020000003,021000002,Science and technology; The natural world; Travel
500004784,petrol station,020000003,021000002,Travel
500004785,petty,020000001,021000004,People
500004786,pH,020000003,021000004,Science and technology
500004787,phantom,020000001,021000003,Notions
500004788,pharmacist,020000003,021000004,Health; Leisure
500004789,pharmacy,020000003,021000003,Health; Leisure
500004790,phase,020000003,021000004,Animals
500004791,phenomenon,020000003,021000003,Notions
500004792,philosopher,020000003,021000003,People; Work and business
500004793,philosophical,020000001,021000004,Notions
500004794,philosophy,020000003,021000003,People
500004795,phoenix/phenix,020000003,021000003,Animals
500004796,phone,020000003,021000001,Communication
500004797,phone,020000004,021000001,Communication
500004798,photo,020000003,021000001,Homes and buildings; Leisure
500004799,photocopy,020000003,021000003,Science and technology
500004800,photograph,020000003,021000002,Homes and buildings; Leisure
500004801,photograph,020000004,021000004,Science and technology
500004802,photographer,020000003,021000002,Appearance; Culture
500004803,photography,020000003,021000002,Leisure
500004804,phrasal verb,020000003,021000003,Communication
500004805,phrase,020000003,021000003,Communication
500004806,physical,020000001,021000002,Appearance; Science and technology
500004807,physically,020000002,021000002,Appearance
500004808,physician,020000003,021000004,Health
500004809,physics,020000003,021000003,People; Science and technology
500004810,pi,020000003,021000004,Communication
500004811,piano,020000003,021000001,Culture
500004812,pick,020000003,021000003,Culture
500004813,pick,020000004,021000001,Functions; The natural world
500004814,pickle,020000003,021000004,Food and drink
500004815,picky,020000001,021000004,Functions
500004816,picnic,020000003,021000001,Food and drink
500004817,picture,020000003,021000001,Culture; Homes and buildings
500004818,picture,020000004,021000004,Culture; Homes and buildings
500004819,picturesque,020000001,021000004,Homes and buildings
500004820,pie,020000003,021000003,Food and drink
500004821,piece,020000003,021000001,Culture; Leisure
500004822,piety,020000003,021000003,Politics and society
500004823,pig,020000003,021000001,Animals
500004824,pile,020000003,021000002,Homes and buildings
500004825,pilgrim,020000003,021000002,Politics and society; Time and space
500004826,pill,020000003,021000002,Health
500004827,pillow,020000003,021000003,Homes and buildings; Travel
500004828,pillowcase,020000003,021000004,Homes and buildings; Travel
500004829,pilot,020000003,021000002,Culture; Travel
500004830,pin,020000003,021000004,Homes and buildings
500004831,pin,020000004,021000003,Health
500004832,pine,020000003,021000004,The natural world
500004833,pineapple,020000003,021000003,Food and drink
500004834,pink,020000001,021000001,Appearance
500004835,pink,020000003,021000002,Appearance
500004836,pint,020000003,021000004,Food and drink; Science and technology
500004837,pipe,020000003,021000003,Culture
500004838,piracy,020000003,021000004,Politics and society; Science and technology; Travel
500004839,pirate,020000003,021000004,Politics and society; Travel
500004840,pit,020000003,021000003,Sport
500004841,pitch,020000003,021000004,Communication; Culture; Functions; Sport
500004842,pitch,020000004,021000004,Sport; Travel
500004843,pity,020000003,021000002,People
500004844,pizza,020000003,021000001,Food and drink
500004845,place,020000003,021000001,People; Science and technology
500004846,place,020000004,021000003,People; Science and technology
500004847,plague,020000003,021000004,Animals; Health
500004848,plain,020000001,021000003,Appearance; Homes and buildings; People
500004849,plan,020000003,021000001,Homes and buildings
500004850,plan,020000004,021000003,Homes and buildings
500004851,plane,020000003,021000001,Science and technology; Travel
500004852,planet,020000003,021000002,Time and space
500004853,planning,020000003,021000004,Politics and society
500004854,plant,020000003,021000002,The natural world
500004855,plant,020000004,021000003,Homes and buildings; The natural world
500004856,plastic,020000001,021000002,Science and technology
500004857,plastic,020000003,021000003,Science and technology; The natural world
500004858,plate,020000003,021000002,Food and drink; Time and space
500004859,platform,020000003,021000003,Appearance; Functions; Politics and society; Science and technology; Travel
500004860,play,020000003,021000001,Culture; Leisure; Sport
500004861,play,020000004,021000001,Culture; Leisure; Sport
500004862,player,020000003,021000001,Culture; Leisure; Sport
500004863,playful,020000001,021000002,Sport
500004864,playground,020000003,021000002,Leisure; People
500004865,playmate,020000003,021000004,People
500004866,playwright,020000003,021000004,Culture
500004867,plead,020000004,021000004,Functions; Politics and society
500004868,pleasant,020000001,021000002,People
500004869,pleasantly,020000002,021000003,Leisure
500004870,please,020000002,021000001,Functions
500004871,please,020000004,021000003,Functions
500004872,pleased,020000001,021000002,People
500004873,pleasing,020000001,021000002,Notions
500004874,pleasure,020000003,021000001,People
500004875,plenty,020000003,021000002,Communication
500004876,plot,020000003,021000004,Culture; Homes and buildings
500004877,pluck,020000004,021000004,Culture; Food and drink
500004878,plug,020000003,021000003,Homes and buildings
500004879,plug,020000004,021000004,Culture
500004880,plum,020000003,021000004,Food and drink
500004881,plumber,020000003,021000004,Food and drink
500004882,plural,020000003,021000002,Communication
500004883,plus,020000003,021000004,Science and technology
500004884,pneumonia,020000003,021000004,Health
500004885,pocket,020000003,021000001,Appearance; Sport
500004886,pocket money,020000003,021000003,Travel
500004887,poem,020000003,021000001,Culture
500004888,poet,020000003,021000003,Culture
500004889,poetry,020000003,021000003,Culture; Leisure
500004890,point,020000003,021000001,Communication; Functions; Science and technology; Sport; Travel
500004891,point,020000004,021000002,Functions
500004892,point of view,020000003,021000004,Functions
500004893,pointless,020000001,021000004,Functions
500004894,poison,020000003,021000003,Health
500004895,poison,020000004,021000004,Health
500004896,poisonous,020000001,021000003,Animals; The natural world
500004897,polar bear,020000003,021000004,Animals
500004898,pole,020000003,021000003,Science and technology; The natural world
500004899,police,020000003,021000002,Politics and society
500004900,police officer,020000003,021000002,Politics and society
500004901,police station,020000003,021000002,Homes and buildings; Politics and society
500004902,policeman,020000003,021000002,Politics and society
500004903,policewoman,020000003,021000002,Politics and society
500004904,policy,020000003,021000003,Politics and society
500004905,polio,020000003,021000004,Health
500004906,polish,020000003,021000004,Communication; Homes and buildings
500004907,polite,020000001,021000002,People
500004908,politely,020000002,021000003,Notions
500004909,politeness,020000003,021000004,Notions
500004910,political,020000001,021000002,Politics and society
500004911,politically,020000002,021000004,Politics and society
500004912,politician,020000003,021000003,Politics and society
500004913,politics,020000003,021000003,People; Politics and society
500004914,polity,020000003,021000004,Politics and society
500004915,pollutant,020000003,021000003,Politics and society
500004916,pollute,020000004,021000002,The natural world
500004917,pollution,020000003,021000001,The natural world
500004918,polo,020000003,021000004,Sport
500004919,pond,020000003,021000003,Homes and buildings; The natural world
500004920,ponder,020000004,021000004,Time and space
500004921,pool,020000003,021000001,Leisure; Sport; The natural world; Travel
500004922,poor,020000001,021000001,Health; Politics and society
500004923,pop,020000003,021000001,Culture
500004924,pop,020000004,021000004,People; Politics and society
500004925,popcorn,020000003,021000003,Food and drink
500004926,popular,020000001,021000002,Food and drink
500004927,popularity,020000003,021000004,Politics and society
500004928,popularize/popularise,020000004,021000004,Politics and society
500004929,population,020000003,021000002,People
500004930,porch,020000003,021000004,Homes and buildings
500004931,pork,020000003,021000003,Food and drink
500004932,port,020000003,021000003,Food and drink; Science and technology; Sport; The natural world; Travel
500004933,portion,020000003,021000004,Food and drink
500004934,portrait,020000003,021000002,Culture; Science and technology
500004935,pose,020000003,021000004,Culture
500004936,posh,020000001,021000004,Politics and society
500004937,position,020000003,021000002,Functions
500004938,positive,020000001,021000003,Communication; Functions; Notions; People; Science and technology
500004939,positively,020000002,021000003,Functions
500004940,possess,020000004,021000003,Notions
500004941,possessed,020000001,021000004,Science and technology
500004942,possession,020000003,021000003,Politics and society
500004943,possessive,020000001,021000003,Communication; People
500004944,possibility,020000003,021000003,Functions
500004945,possible,020000001,021000002,Functions
500004946,possibly,020000002,021000002,Functions
500004947,post,020000003,021000001,Communication; Homes and buildings; Sport
500004948,post,020000004,021000002,Communication
500004949,post office,020000003,021000002,Homes and buildings
500004950,postal,020000001,021000004,Notions
500004951,postcard,020000003,021000003,Travel
500004952,poster,020000003,021000001,Leisure; Travel
500004953,postman,020000003,021000003,People; Work and business
500004954,postpone,020000004,021000004,Time and space
500004955,pot,020000003,021000003,Food and drink; Homes and buildings; Politics and society; Sport
500004956,potato,020000003,021000001,Food and drink
500004957,potent,020000001,021000004,Health
500004958,potential,020000001,021000004,People
500004959,potential,020000003,021000003,People
500004960,potentially,020000002,021000004,Communication
500004961,pottery,020000003,021000003,Culture; Leisure
500004962,pound,020000003,021000003,Food and drink; Science and technology
500004963,pound,020000004,021000004,Food and drink; Science and technology
500004964,pour,020000004,021000002,Food and drink; The natural world
500004965,poverty,020000003,021000003,Politics and society
500004966,powder,020000003,021000003,The natural world
500004967,powder,020000004,021000004,The natural world
500004968,power,020000003,021000002,Politics and society; Science and technology; The natural world
500004969,powerful,020000001,021000002,Health
500004970,powerfully,020000002,021000004,Health
500004971,practical,020000001,021000003,Notions; People
500004972,practicality,020000003,021000004,Notions
500004973,practically,020000002,021000004,Notions
500004974,practice,020000003,021000001,Culture; Health
500004975,practice/practise,020000004,021000001,Communication; Culture; People
500004976,praise,020000003,021000003,Time and space
500004977,praise,020000004,021000004,Time and space
500004978,prance,020000003,021000004,Notions
500004979,prawn,020000003,021000004,Animals
500004980,pray,020000004,021000001,Politics and society
500004981,prayer,020000003,021000003,Politics and society
500004982,precede,020000004,021000004,Communication
500004983,precious,020000001,021000003,Work and business
500004984,precise,020000001,021000002,Appearance
500004985,precisely,020000002,021000004,Functions
500004986,predicament,020000003,021000004,Notions
500004987,predicate,020000004,021000004,Homes and buildings
500004988,predicative,020000001,021000004,Communication
500004989,predict,020000004,021000002,Functions
500004990,predictable,020000001,021000004,People
500004991,prediction,020000003,021000002,Functions
500004992,predictive,020000001,021000004,Communication; Science and technology
500004993,predictor,020000003,021000004,People; Work and business
500004994,prefect,020000003,021000004,People; Politics and society
500004995,prefer,020000004,021000002,Functions
500004996,preferable,020000001,021000004,Functions
500004997,preferably,020000002,021000004,Functions
500004998,preference,020000003,021000003,Functions
500004999,prefix,020000003,021000003,Communication; People
500005000,pregnant,020000001,021000003,People
500005001,prehistoric,020000001,021000004,Time and space
500005002,prehuman,020000003,021000004,Notions
500005003,preindustrial,020000001,021000004,Notions
500005004,prejudge,020000004,021000004,Time and space
500005005,prejudice,020000003,021000003,Functions; Politics and society
500005006,preliminary,020000001,021000004,Time and space
500005007,preoccupy,020000004,021000004,Notions
500005008,preparation,020000003,021000003,Health
500005009,prepare,020000004,021000002,Food and drink
500005010,prepared,020000001,021000003,Functions
500005011,preposition,020000003,021000003,Communication
500005012,preschool,020000001,021000003,Homes and buildings
500005013,prescribe,020000004,021000004,Health
500005014,prescription,020000003,021000003,Health
500005015,presence,020000003,021000003,Communication
500005016,present,020000001,021000003,Time and space
500005017,present,020000003,021000001,Communication
500005018,present,020000004,021000004,Culture; Health
500005019,presentation,020000003,021000003,Health
500005020,presenter,020000003,021000004,Culture
500005021,preservation,020000003,021000003,Animals
500005022,preserve,020000004,021000003,Homes and buildings
500005023,presidency,020000003,021000004,Work and business
500005024,president,020000003,021000003,People; Politics and society
500005025,presidential,020000001,021000004,Politics and society
500005026,press,020000003,021000003,Culture
500005027,press,020000004,021000003,Food and drink; Functions; Science and technology
500005028,pressure,020000003,021000002,Functions; Science and technology; The natural world
500005029,prestige,020000003,021000004,Politics and society
500005030,prestigious,020000001,021000004,Notions
500005031,presumably,020000002,021000004,Functions
500005032,pretend,020000001,021000004,People
500005033,pretend,020000004,021000002,People
500005034,pretty,020000001,021000001,Appearance
500005035,pretty,020000002,021000002,Appearance
500005036,prevail,020000004,021000004,Notions
500005037,prevent,020000004,021000002,Notions
500005038,prevention,020000003,021000004,Politics and society
500005039,preventive,020000001,021000004,Notions
500005040,previous,020000001,021000003,Time and space
500005041,previously,020000002,021000004,Time and space
500005042,price,020000003,021000001,Leisure; Sport
500005043,price,020000004,021000004,Leisure; Sport
500005044,priceless,020000001,021000004,Notions
500005045,prick,020000003,021000004,Health
500005046,pride,020000003,021000002,Animals; People
500005047,priest,020000003,021000003,Politics and society
500005048,primarily,020000002,021000003,Notions
500005049,primary,020000001,021000004,People
500005050,primary school,020000003,021000003,People
500005051,prime,020000001,021000004,Notions
500005052,prime minister,020000003,021000004,Politics and society
500005053,primitive,020000001,021000003,Time and space
500005054,prince,020000003,021000001,Politics and society
500005055,princess,020000003,021000001,Politics and society
500005056,principal,020000001,021000002,People
500005057,principal,020000003,021000004,People
500005058,principle,020000003,021000003,People; Science and technology
500005059,print,020000003,021000003,Culture
500005060,print,020000004,021000002,Culture; Science and technology
500005061,printer,020000003,021000002,Science and technology
500005062,prior,020000001,021000004,Time and space
500005063,priority,020000003,021000004,Travel
500005064,prison,020000003,021000003,Homes and buildings; Politics and society
500005065,prisoner,020000003,021000003,Politics and society
500005066,privacy,020000003,021000003,Politics and society
500005067,private,020000001,021000002,Health; Homes and buildings
500005068,privately,020000002,021000004,Homes and buildings
500005069,privilege,020000003,021000004,Communication
500005070,prize,020000003,021000003,Politics and society
500005071,pro,020000003,021000002,Sport
500005072,probability,020000003,021000003,Functions; Science and technology
500005073,probable,020000001,021000004,Functions
500005074,probably,020000002,021000002,Functions
500005075,probe,020000003,021000004,Health; Science and technology; Time and space
500005076,problem,020000003,021000001,Notions; Politics and society; Science and technology
500005077,procedure,020000003,021000004,Health; Science and technology
500005078,proceed,020000004,021000003,Travel
500005079,process,020000003,021000003,Politics and society
500005080,process,020000004,021000004,Science and technology
500005081,proclaim,020000004,021000003,Communication
500005082,procrastination,020000003,021000003,Functions
500005083,produce,020000004,021000002,Culture; Notions; The natural world
500005084,producer,020000003,021000003,Culture; The natural world
500005085,product,020000003,021000002,Appearance; Leisure; Notions; Science and technology
500005086,production,020000003,021000002,Culture
500005087,productive,020000001,021000003,Notions; The natural world
500005088,profession,020000003,021000003,People; Work and business
500005089,professional,020000001,021000002,People
500005090,professional,020000003,021000004,People
500005091,professor,020000003,021000003,People
500005092,profile,020000003,021000004,Communication
500005093,profit,020000003,021000004,Work and business
500005094,profitable,020000001,021000004,Work and business
500005095,program/programme,020000003,021000001,Culture; People; Science and technology
500005096,program/programme,020000004,021000003,Science and technology
500005097,programmer/programer,020000003,021000004,Science and technology
500005098,programming/programing,020000003,021000004,Culture; Science and technology
500005099,progress,020000003,021000003,Notions
500005100,progress,020000004,021000004,Notions
500005101,progressive,020000001,021000002,Communication
500005102,prohibit,020000004,021000004,Functions; Politics and society
500005103,prohibition,020000003,021000003,Functions; Politics and society
500005104,project,020000003,021000004,People
500005105,project,020000004,021000004,People
500005106,projection,020000003,021000004,Communication
500005107,prom,020000003,021000004,People
500005108,prominence,020000003,021000004,Politics and society
500005109,prominent,020000001,021000003,Notions
500005110,promise,020000003,021000002,Notions
500005111,promise,020000004,021000003,Notions
500005112,promote,020000004,021000003,Notions
500005113,promotion,020000003,021000003,Leisure; Notions
500005114,prompt,020000001,021000004,Culture; Functions; Science and technology
500005115,prompt,020000003,021000004,Culture; Science and technology
500005116,prompt,020000004,021000004,Culture; Functions
500005117,promptly,020000002,021000004,Time and space
500005118,pronoun,020000003,021000003,Communication
500005119,pronounce,020000004,021000002,Communication
500005120,pronunciation,020000003,021000002,Communication
500005121,proof,020000003,021000003,Functions; Science and technology
500005122,proper,020000001,021000002,People
500005123,properly,020000002,021000003,Notions
500005124,property,020000003,021000003,Homes and buildings; Science and technology
500005125,proponent,020000003,021000004,Notions
500005126,proportion,020000003,021000003,Appearance
500005127,proposal,020000003,021000003,Functions; People
500005128,propose,020000004,021000003,Functions; People
500005129,proposed,020000001,021000004,Notions
500005130,prose,020000003,021000004,Culture
500005131,prosecute,020000004,021000004,Politics and society
500005132,prospect,020000003,021000004,Notions
500005133,prosper,020000004,021000004,Notions
500005134,prosperity,020000003,021000003,Notions
500005135,prosperous,020000001,021000003,Notions
500005136,protect,020000004,021000003,The natural world
500005137,protection,020000003,021000003,Politics and society; The natural world
500005138,protective,020000001,021000003,People
500005139,protest,020000003,021000003,Functions; Politics and society
500005140,protest,020000004,021000004,Functions; Politics and society
500005141,proud,020000001,021000003,People
500005142,proudly,020000002,021000004,Notions
500005143,prove,020000004,021000003,Functions; Science and technology
500005144,proven,020000001,021000004,Notions
500005145,proverb,020000003,021000003,Communication
500005146,provide,020000004,021000002,Functions
500005147,province,020000003,021000004,People
500005148,provision,020000003,021000004,Politics and society
500005149,proximity,020000003,021000004,Politics and society
500005150,psychological,020000001,021000003,Science and technology
500005151,psychologically,020000002,021000004,Culture
500005152,psychologist,020000003,021000002,Science and technology
500005153,psychology,020000003,021000004,People
500005154,pub,020000003,021000003,Food and drink; Homes and buildings
500005155,public,020000001,021000003,Politics and society
500005156,public,020000003,021000002,Politics and society
500005157,public transport,020000003,021000003,Travel
500005158,publication,020000003,021000004,Culture
500005159,publicity,020000003,021000004,Work and business
500005160,publicize/publicise,020000004,021000004,Politics and society
500005161,publicly,020000002,021000003,Politics and society
500005162,publish,020000004,021000002,Communication; Culture
500005163,publisher,020000003,021000003,Culture
500005164,pudding,020000003,021000004,Food and drink
500005165,pull,020000004,021000002,Health
500005166,pullover,020000003,021000003,Appearance
500005167,pulse,020000003,021000004,Appearance; Food and drink; The natural world
500005168,pump,020000003,021000003,Appearance; Science and technology
500005169,pumpkin,020000003,021000004,Food and drink
500005170,punch,020000003,021000004,Food and drink
500005171,punch,020000004,021000004,Food and drink
500005172,punctual,020000001,021000004,Time and space
500005173,punctuality,020000003,021000004,Time and space
500005174,punctuation,020000003,021000002,Communication
500005175,punish,020000004,021000003,Politics and society
500005176,punishment,020000003,021000003,Politics and society
500005177,pupil,020000003,021000003,Appearance; People
500005178,puppy,020000003,021000003,Animals
500005179,purchase,020000003,021000004,Homes and buildings; Leisure
500005180,purchase,020000004,021000004,Leisure
500005181,pure,020000001,021000003,Animals
500005182,purify,020000004,021000003,Notions
500005183,purple,020000001,021000002,Appearance
500005184,purple,020000003,021000001,Appearance
500005185,purpose,020000003,021000002,Work and business
500005186,purposeful,020000001,021000004,Functions
500005187,purse,020000003,021000003,Appearance; Sport
500005188,pursue,020000004,021000002,Notions; Politics and society
500005189,pursuit,020000003,021000004,Politics and society
500005190,push,020000003,021000003,Notions
500005191,push,020000004,021000001,Functions; People; Politics and society
500005192,put,020000004,021000001,Communication
500005193,puzzle,020000003,021000003,Leisure
500005194,puzzled,020000001,021000004,Functions
500005195,quake,020000003,021000003,Notions
500005196,qualification,020000003,021000004,People; Sport
500005197,qualified,020000001,021000003,People
500005198,qualify,020000004,021000003,People; Sport
500005199,quality,020000001,021000003,People
500005200,quality,020000003,021000002,People
500005201,quantify,020000004,021000004,Time and space
500005202,quantity,020000003,021000003,Time and space
500005203,quarantine,020000003,021000004,Health
500005204,quarrel,020000003,021000004,Functions; People
500005205,quarrel,020000004,021000004,Functions
500005206,quarrelsome,020000001,021000004,Functions
500005207,quarter,020000003,021000001,Sport; Time and space
500005208,queen,020000003,021000002,Animals; Leisure; Politics and society; Time and space
500005209,queer,020000001,021000004,Politics and society
500005210,query,020000003,021000004,Communication
500005211,question,020000003,021000001,Politics and society
500005212,question,020000004,021000004,Politics and society
500005213,question mark,020000003,021000003,Communication
500005214,questionnaire,020000003,021000003,Politics and society
500005215,queue,020000003,021000003,Leisure; Travel
500005216,queue,020000004,021000004,Leisure
500005217,quick,020000001,021000002,Work and business
500005218,quickly,020000002,021000001,Appearance
500005219,quiet,020000001,021000001,Communication
500005220,quiet,020000003,021000004,Communication
500005221,quietly,020000002,021000002,Politics and society
500005222,quit,020000001,021000004,Health; Politics and society; Science and technology
500005223,quit,020000004,021000002,Health; Politics and society; Science and technology
500005224,quite,020000002,021000002,Functions
500005225,quiz,020000003,021000002,Culture; Leisure
500005226,quotable,020000001,021000004,Notions
500005227,quotation,020000003,021000004,Culture
500005228,quote,020000003,021000004,Communication
500005229,quote,020000004,021000004,Communication; Culture
500005230,rabbit,020000003,021000001,Animals; Food and drink
500005231,race,020000003,021000003,Animals; Notions; Politics and society; Sport
500005232,race,020000004,021000003,Notions; People; Sport
500005233,racial,020000001,021000003,Sport
500005234,racism,020000003,021000004,Politics and society
500005235,racist,020000003,021000004,Politics and society
500005236,rack,020000003,021000004,Food and drink; Leisure
500005237,racket,020000003,021000002,Sport
500005238,radar,020000003,021000004,Travel
500005239,radiate,020000004,021000004,Science and technology
500005240,radiation,020000003,021000003,Science and technology
500005241,radical,020000003,021000004,Politics and society
500005242,radically,020000002,021000004,Notions
500005243,radio,020000003,021000001,Culture; Travel
500005244,radium,020000003,021000004,Science and technology
500005245,rafter,020000003,021000004,Homes and buildings
500005246,rag,020000003,021000004,Appearance; Culture; Politics and society
500005247,rage,020000003,021000003,People
500005248,rail,020000003,021000003,Travel
500005249,railroad,020000003,021000003,Travel
500005250,railway,020000003,021000003,Travel
500005251,rain,020000003,021000001,The natural world
500005252,rain,020000004,021000001,The natural world
500005253,rainbow,020000003,021000004,The natural world
500005254,raincoat,020000003,021000002,Appearance
500005255,rainfall,020000003,021000003,The natural world
500005256,rainforest,020000003,021000003,The natural world
500005257,rainstorm,020000003,021000004,The natural world
500005258,rainy,020000001,021000001,The natural world
500005259,raise,020000004,021000002,Communication; Notions; People; Politics and society; The natural world
500005260,rally,020000003,021000004,Politics and society; Sport
500005261,ram,020000003,021000004,Animals; Science and technology
500005262,ramp,020000003,021000004,Health; Travel
500005263,range,020000003,021000002,Food and drink; Leisure; The natural world
500005264,range,020000004,021000004,Food and drink; Leisure; The natural world
500005265,ranger,020000003,021000004,Politics and society
500005266,rank,020000003,021000003,Politics and society
500005267,rap,020000003,021000002,Culture
500005268,rap,020000004,021000003,Culture
500005269,rape,020000003,021000004,Politics and society; The natural world
500005270,rape,020000004,021000004,Politics and society
500005271,rapid,020000001,021000003,Appearance
500005272,rapidly,020000002,021000003,Notions
500005273,rare,020000001,021000003,Food and drink; Time and space
500005274,rarely,020000002,021000003,Notions
500005275,rash,020000001,021000004,Health
500005276,raspberry,020000003,021000003,Food and drink
500005277,rat,020000003,021000001,Animals
500005278,rate,020000003,021000002,Homes and buildings; Leisure
500005279,rate,020000004,021000004,Homes and buildings; Leisure
500005280,rather,020000002,021000002,Communication
500005281,rating,020000003,021000002,Culture; Politics and society; Travel
500005282,ration,020000003,021000003,Food and drink
500005283,rational,020000001,021000003,People
500005284,rattle,020000003,021000004,Leisure
500005285,ravage,020000003,021000004,Notions
500005286,raw,020000001,021000002,Work and business
500005287,ray,020000003,021000002,Animals; Science and technology; Time and space
500005288,razor,020000003,021000003,Appearance
500005289,reach,020000003,021000003,Communication
500005290,reach,020000004,021000002,Communication
500005291,react,020000004,021000003,Health; Notions; Science and technology
500005292,reaction,020000003,021000004,Health; Notions; Science and technology
500005293,read,020000004,021000001,Functions; People
500005294,reader,020000003,021000001,Culture; People
500005295,readily,020000002,021000004,Notions
500005296,reading,020000003,021000001,Leisure; Politics and society
500005297,ready,020000001,021000001,Time and space
500005298,real,020000001,021000001,Work and business
500005299,real,020000002,021000001,Work and business
500005300,real estate,020000003,021000004,Homes and buildings
500005301,realistic,020000001,021000003,Culture
500005302,reality,020000003,021000003,Communication
500005303,realization/realisation,020000003,021000004,Work and business
500005304,realize/realise,020000004,021000002,Notions
500005305,really,020000002,021000001,Functions
500005306,rear,020000001,021000004,Time and space
500005307,rearrange,020000004,021000003,Time and space
500005308,reason,020000003,021000001,Functions; Notions
500005309,reasonable,020000001,021000003,Notions
500005310,reasonably,020000002,021000004,Notions
500005311,rebel,020000003,021000004,People; Politics and society
500005312,rebel,020000004,021000004,People; Politics and society
500005313,rebellious,020000001,021000004,People
500005314,rebuild,020000004,021000003,Homes and buildings
500005315,recall,020000004,021000003,Time and space
500005316,receipt,020000003,021000002,Leisure
500005317,receive,020000004,021000002,Culture; Sport
500005318,recent,020000001,021000002,Time and space
500005319,recently,020000002,021000002,Time and space
500005320,reception,020000003,021000003,Culture; People; Sport; Travel
500005321,receptionist,020000003,021000002,Travel
500005322,recession,020000003,021000004,Work and business
500005323,recipe,020000003,021000004,Food and drink
500005324,recite,020000004,021000003,Communication
500005325,reckon,020000004,021000004,Functions
500005326,reclaim,020000004,021000003,Time and space
500005327,recognition,020000003,021000004,Work and business
500005328,recognize/recognise,020000004,021000003,Notions
500005329,recollect,020000004,021000004,Notions
500005330,recollection,020000003,021000004,Functions
500005331,recommend,020000004,021000003,Functions
500005332,recommendable,020000001,021000004,Notions
500005333,recommendation,020000003,021000004,Functions
500005334,reconsider,020000004,021000004,Functions
500005335,record,020000003,021000003,Culture; Notions; Politics and society; Sport
500005336,record,020000004,021000002,Culture; Politics and society
500005337,recording,020000003,021000003,Culture
500005338,recover,020000004,021000003,Health; Notions
500005339,recovery,020000003,021000003,Health; Notions
500005340,recreation,020000003,021000004,Leisure
500005341,recruit,020000004,021000004,Politics and society
500005342,rectangular,020000001,021000004,Appearance
500005343,recycle,020000004,021000002,The natural world
500005344,recycled,020000001,021000003,Notions
500005345,recycling,020000003,021000003,The natural world
500005346,red,020000001,021000001,Appearance; People; Politics and society
500005347,red,020000003,021000002,Appearance; Politics and society
500005348,redo,020000004,021000004,Notions
500005349,reduce,020000004,021000003,Leisure; Notions
500005350,reduction,020000003,021000003,Leisure; Notions
500005351,redundant,020000001,021000004,Politics and society
500005352,reed,020000003,021000004,Culture; The natural world
500005353,reef,020000003,021000003,The natural world
500005354,refer,020000004,021000002,Functions
500005355,referee,020000003,021000003,Functions; Sport
500005356,reference,020000003,021000004,Travel
500005357,referent,020000001,021000004,Notions
500005358,refinery,020000003,021000004,Homes and buildings; The natural world
500005359,reflect,020000004,021000002,Science and technology
500005360,reflection,020000003,021000003,Food and drink
500005361,reflective,020000001,021000004,Animals
500005362,reform,020000003,021000004,Politics and society
500005363,refrain,020000003,021000004,Culture
500005364,refresh,020000003,021000004,Science and technology
500005365,refreshments,020000003,021000003,Food and drink
500005366,refrigerator,020000003,021000002,Homes and buildings
500005367,refuge,020000003,021000004,Homes and buildings; Notions; Politics and society
500005368,refugee,020000003,021000004,Politics and society
500005369,refund,020000003,021000003,Leisure
500005370,refusal,020000003,021000003,Notions
500005371,refuse,020000003,021000003,Communication
500005372,refuse,020000004,021000003,Communication
500005373,refute,020000004,021000004,Communication
500005374,regain,020000004,021000003,Time and space
500005375,regard,020000003,021000004,Appearance
500005376,regard,020000004,021000003,Appearance
500005377,regardless,020000002,021000004,Notions
500005378,reggae,020000003,021000004,Culture
500005379,regime,020000003,021000004,Food and drink; Politics and society
500005380,region,020000003,021000003,The natural world
500005381,regional,020000001,021000003,Notions
500005382,register,020000003,021000003,Communication; Culture; Leisure; People
500005383,register,020000004,021000003,Functions; Science and technology
500005384,registration,020000003,021000003,People
500005385,regret,020000003,021000004,People
500005386,regret,020000004,021000002,People
500005387,regrettably,020000002,021000004,Functions
500005388,regular,020000001,021000002,Communication; Time and space
500005389,regularly,020000002,021000002,Time and space
500005390,regulate,020000004,021000004,Functions
500005391,regulation,020000003,021000003,Functions; Politics and society
500005392,rehearsal,020000003,021000004,Culture
500005393,reinforce,020000004,021000004,Homes and buildings; Science and technology
500005394,reinforcement,020000003,021000004,Politics and society
500005395,reject,020000004,021000003,Health
500005396,rejection,020000003,021000004,Health
500005397,rejoin,020000004,021000004,Time and space
500005398,relate,020000004,021000003,Communication
500005399,related,020000001,021000004,People
500005400,relation,020000003,021000003,People; Politics and society
500005401,relationship,020000003,021000003,People; Politics and society
500005402,relative,020000001,021000003,Communication
500005403,relative,020000003,021000003,People
500005404,relatively,020000002,021000003,Notions
500005405,relativity,020000003,021000004,Politics and society
500005406,relax,020000004,021000002,Leisure
500005407,relaxation,020000003,021000004,Leisure
500005408,relaxed,020000001,021000002,People
500005409,relaxing,020000001,021000003,Notions
500005410,relay,020000003,021000004,Science and technology; Sport
500005411,release,020000003,021000002,Culture
500005412,release,020000004,021000003,Culture
500005413,relevant,020000001,021000004,Work and business
500005414,reliable,020000001,021000003,People
500005415,relic,020000003,021000004,Politics and society; Time and space
500005416,relief,020000003,021000004,Homes and buildings; People; Politics and society; The natural world
500005417,relieve,020000004,021000004,Health
500005418,relieved,020000001,021000004,People
500005419,religion,020000003,021000003,Politics and society
500005420,religious,020000001,021000003,Politics and society
500005421,reluctant,020000001,021000004,Politics and society
500005422,rely,020000004,021000003,Notions
500005423,remain,020000004,021000002,Politics and society
500005424,remainder,020000003,021000003,Communication
500005425,remaining,020000001,021000004,Notions
500005426,remains,020000003,021000004,Homes and buildings; People
500005427,remark,020000003,021000004,Functions
500005428,remark,020000004,021000003,Functions
500005429,remarkable,020000001,021000003,Politics and society
500005430,remarkably,020000002,021000004,Politics and society
500005431,remedy,020000003,021000003,Health
500005432,remember,020000004,021000001,Work and business
500005433,remembrance,020000003,021000003,People; Politics and society
500005434,remind,020000004,021000002,Functions
500005435,reminder,020000003,021000004,Communication
500005436,remote,020000001,021000002,Science and technology
500005437,remote control,020000003,021000003,Culture; Homes and buildings
500005438,remove,020000004,021000003,Appearance
500005439,renew,020000004,021000003,Homes and buildings
500005440,rent,020000003,021000002,Homes and buildings
500005441,rent,020000004,021000002,Homes and buildings
500005442,rental,020000003,021000004,Homes and buildings
500005443,reorganize/reorganise,020000004,021000004,Notions
500005444,repaint,020000003,021000004,Notions
500005445,repair,020000003,021000002,Travel
500005446,repair,020000004,021000002,Travel
500005447,repay,020000004,021000003,Work and business
500005448,repeat,020000004,021000001,Food and drink
500005449,repeatedly,020000002,021000003,Notions
500005450,repertoire,020000003,021000004,Culture
500005451,repetition,020000003,021000004,Time and space
500005452,replace,020000004,021000002,Appearance
500005453,replacement,020000003,021000004,Work and business
500005454,replica,020000003,021000004,Culture; Leisure
500005455,reply,020000003,021000002,Communication
500005456,reply,020000004,021000003,Communication
500005457,report,020000003,021000002,Culture; People
500005458,report,020000004,021000003,Culture; Politics and society
500005459,reporter,020000003,021000001,Culture
500005460,represent,020000004,021000002,Culture; Functions; Politics and society
500005461,representative,020000003,021000003,Politics and society
500005462,repress,020000004,021000004,Politics and society
500005463,repression,020000003,021000004,Politics and society
500005464,reprint,020000003,021000004,Culture
500005465,reproduce,020000004,021000003,Science and technology
500005466,reprove,020000004,021000004,Communication
500005467,republic,020000003,021000003,Politics and society
500005468,reputation,020000003,021000003,Functions
500005469,request,020000003,021000002,Science and technology
500005470,request,020000004,021000003,Science and technology
500005471,require,020000004,021000003,Functions
500005472,requirement,020000003,021000003,Functions
500005473,rescue,020000003,021000003,Notions; Politics and society
500005474,rescue,020000004,021000003,Notions; Politics and society
500005475,research,020000003,021000002,People; Science and technology
500005476,research,020000004,021000004,People; Science and technology
500005477,researcher,020000003,021000003,People; Work and business
500005478,resemble,020000004,021000003,Appearance
500005479,reservation,020000003,021000003,Food and drink; Travel
500005480,reserve,020000003,021000003,Functions; Leisure; Sport; The natural world
500005481,reserve,020000004,021000003,Food and drink
500005482,residence,020000003,021000004,People
500005483,resident,020000001,021000003,Health; Travel
500005484,resident,020000003,021000004,Health; Travel
500005485,residential,020000001,021000003,Homes and buildings; People
500005486,resign,020000004,021000004,Work and business
500005487,resignation,020000003,021000004,Work and business
500005488,resist,020000004,021000003,Notions
500005489,resistance,020000003,021000004,Functions; Health; Politics and society; Science and technology
500005490,resolution,020000003,021000004,Functions; Politics and society
500005491,resolve,020000004,021000003,Functions
500005492,resonant,020000001,021000004,Science and technology
500005493,resort,020000003,021000003,Travel
500005494,resource,020000003,021000003,The natural world
500005495,respect,020000003,021000003,Notions
500005496,respect,020000004,021000003,Functions; Notions; Politics and society
500005497,respectable,020000001,021000003,Politics and society
500005498,respectably,020000002,021000004,Politics and society
500005499,respected,020000001,021000004,Notions
500005500,respiration,020000003,021000004,Appearance; Science and technology
500005501,respiratory,020000001,021000004,Science and technology
500005502,respond,020000004,021000003,Health
500005503,response,020000003,021000002,Homes and buildings
500005504,responsibility,020000003,021000003,Work and business
500005505,responsible,020000001,021000003,Notions; People
500005506,rest,020000003,021000003,Culture; Health
500005507,rest,020000004,021000003,Health; Sport
500005508,restaurant,020000003,021000001,Food and drink
500005509,restore,020000004,021000003,Culture; Homes and buildings
500005510,restrict,020000004,021000003,Functions
500005511,restriction,020000003,021000004,Functions
500005512,result,020000003,021000001,Notions; People; Politics and society; Science and technology; Sport
500005513,result,020000004,021000003,Notions
500005514,resume,020000004,021000004,Time and space
500005515,retail,020000003,021000003,Leisure
500005516,retailer,020000003,021000004,Work and business
500005517,retain,020000004,021000003,Politics and society
500005518,retard,020000004,021000004,Notions
500005519,retell,020000004,021000003,Communication
500005520,retina,020000003,021000004,Appearance
500005521,retire,020000004,021000002,People
500005522,retired,020000001,021000002,Work and business
500005523,retirement,020000003,021000004,People
500005524,retreat,020000003,021000004,Functions; Politics and society
500005525,retreat,020000004,021000004,Politics and society
500005526,retrieve,020000004,021000004,Science and technology
500005527,retrospect,020000003,021000003,Time and space
500005528,return,020000003,021000002,Science and technology; Travel
500005529,return,020000004,021000002,Functions; Leisure; Sport
500005530,reunification,020000003,021000003,Politics and society
500005531,reunify,020000004,021000003,Politics and society
500005532,reunion,020000003,021000002,Politics and society
500005533,reveal,020000004,021000002,Functions
500005534,revelation,020000003,021000004,Communication
500005535,revenge,020000003,021000004,Sport
500005536,revenue,020000003,021000004,Work and business
500005537,reverence,020000003,021000004,Notions
500005538,reverse,020000004,021000004,Communication; Functions; Travel
500005539,review,020000003,021000001,Culture; Functions; People
500005540,review,020000004,021000004,Culture; Functions; People
500005541,revise,020000004,021000003,Functions; People
500005542,revision,020000003,021000003,People
500005543,revival,020000003,021000004,Culture
500005544,revive,020000004,021000004,Health
500005545,revolution,020000003,021000004,Politics and society; Time and space
500005546,revolutionary,020000001,021000004,Politics and society
500005547,revolutionize/revolutionise,020000004,021000004,Notions
500005548,revolve,020000004,021000004,Time and space
500005549,reward,020000003,021000003,Work and business
500005550,reward,020000004,021000004,Work and business
500005551,rewrite,020000004,021000003,Communication
500005552,rhinoceros,020000003,021000004,Animals
500005553,rhyme,020000004,021000004,Culture
500005554,rhythm,020000003,021000002,Culture
500005555,rhythmic,020000001,021000004,Notions
500005556,rib,020000003,021000004,Appearance; Food and drink
500005557,ribbon,020000003,021000001,Appearance
500005558,rice,020000003,021000001,Food and drink; The natural world
500005559,rich,020000001,021000001,Food and drink; Politics and society
500005560,rid,020000004,021000003,Notions
500005561,riddle,020000003,021000004,Leisure
500005562,riddle,020000004,021000003,Leisure
500005563,ride,020000003,021000001,Sport
500005564,ride,020000004,021000001,Sport; Travel
500005565,rider,020000003,021000004,Sport; Travel
500005566,ridge,020000003,021000004,The natural world
500005567,ridiculous,020000001,021000003,Notions
500005568,right,020000001,021000001,Functions
500005569,right,020000002,021000001,Functions; Politics and society
500005570,right,020000003,021000002,Politics and society
500005571,righteousness,020000003,021000004,Politics and society
500005572,right-hand,020000001,021000002,Politics and society
500005573,rightly,020000002,021000004,Functions
500005574,rim,020000003,021000004,Appearance
500005575,ring,020000003,021000002,Appearance; People; Politics and society; Sport; The natural world
500005576,ring,020000004,021000001,Communication
500005577,rip,020000004,021000004,Science and technology
500005578,ripe,020000001,021000003,Food and drink; The natural world
500005579,rise,020000003,021000003,Notions
500005580,rise,020000004,021000003,Notions; Time and space
500005581,risk,020000003,021000003,Notions
500005582,risk,020000004,021000004,Notions
500005583,risky,020000001,021000004,Functions
500005584,rite,020000003,021000004,Politics and society
500005585,ritual,020000003,021000004,Politics and society
500005586,rival,020000003,021000004,People
500005587,river,020000003,021000001,The natural world
500005588,road,020000003,021000002,Travel
500005589,roadside,020000003,021000003,Travel
500005590,roam,020000003,021000004,Travel
500005591,roar,020000004,021000004,Animals; Travel
500005592,roast,020000001,021000004,Food and drink; People
500005593,roast,020000004,021000002,Food and drink; People
500005594,rob,020000004,021000002,Politics and society
500005595,robbery,020000003,021000002,Politics and society
500005596,robin,020000003,021000002,Animals
500005597,robot,020000003,021000003,Science and technology
500005598,rock,020000003,021000002,Culture; Food and drink; The natural world
500005599,rock,020000004,021000004,Culture; Food and drink; The natural world
500005600,rocket,020000003,021000004,Politics and society; Time and space; Travel
500005601,rocky,020000001,021000004,Notions
500005602,role,020000003,021000001,Culture
500005603,roll,020000003,021000002,Food and drink
500005604,roll,020000004,021000004,Communication; Travel
500005605,rolling,020000001,021000003,The natural world
500005606,romance,020000003,021000002,Culture; People
500005607,romantic,020000001,021000002,People
500005608,roof,020000003,021000002,Appearance; Homes and buildings; Travel
500005609,room,020000003,021000001,Homes and buildings; Travel
500005610,room,020000004,021000003,Homes and buildings; Travel
500005611,roommate,020000003,021000004,People
500005612,root,020000003,021000002,Appearance; Food and drink; Notions; Science and technology; The natural world
500005613,rope,020000003,021000002,Sport
500005614,rose,020000003,021000001,The natural world
500005615,rosy,020000001,021000004,Appearance; Notions
500005616,rotten,020000001,021000003,Health
500005617,rough,020000001,021000003,Homes and buildings; Travel
500005618,roughly,020000002,021000002,Notions
500005619,round,020000001,021000003,Appearance
500005620,round,020000002,021000002,Appearance; Health; Sport; Travel
500005621,round,020000003,021000003,Health; Sport
500005622,round,020000004,021000004,Travel
500005623,roundabout,020000003,021000002,Leisure; Travel
500005624,route,020000003,021000004,Travel
500005625,routine,020000003,021000003,Culture; People
500005626,row,020000003,021000001,Functions; People
500005627,row,020000004,021000004,Functions; Sport; Travel
500005628,royal,020000001,021000002,Politics and society
500005629,royalty,020000003,021000004,Work and business
500005630,rub,020000004,021000004,Health
500005631,rubber,020000003,021000003,People
500005632,rubbish,020000003,021000003,The natural world
500005633,rubble,020000003,021000004,Homes and buildings
500005634,rude,020000001,021000001,People
500005635,rudely,020000002,021000003,Politics and society
500005636,rug,020000003,021000004,Homes and buildings
500005637,rugby,020000003,021000002,Sport
500005638,ruin,020000003,021000003,Homes and buildings; Time and space
500005639,ruin,020000004,021000002,Homes and buildings; Time and space
500005640,ruinous,020000001,021000004,Work and business
500005641,rule,020000003,021000001,Functions; Leisure; Politics and society
500005642,rule,020000004,021000004,Functions; Politics and society
500005643,ruler,020000003,021000001,People; Politics and society; Science and technology
500005644,rumor/rumour,020000003,021000002,Notions
500005645,run,020000003,021000001,Sport; The natural world; Travel
500005646,run,020000004,021000001,Appearance; Health; Politics and society; Science and technology; Travel
500005647,runaway,020000003,021000003,Homes and buildings; Politics and society
500005648,runner,020000003,021000002,Politics and society; Sport
500005649,running,020000003,021000002,Politics and society; Sport
500005650,runway,020000003,021000003,Travel
500005651,rural,020000001,021000004,Homes and buildings; The natural world
500005652,rush,020000003,021000002,The natural world
500005653,rush,020000004,021000003,The natural world
500005654,rush hour,020000003,021000004,Travel
500005655,rusty,020000001,021000004,Communication
500005656,sack,020000004,021000004,Politics and society; Sport
500005657,sacred,020000001,021000003,Politics and society
500005658,sad,020000001,021000001,People
500005659,sadly,020000002,021000002,People
500005660,sadness,020000003,021000003,People
500005661,safari,020000003,021000003,Travel
500005662,safe,020000001,021000002,Appearance
500005663,safeguard,020000003,021000003,Notions
500005664,safeguard,020000004,021000004,Notions
500005665,safely,020000002,021000003,Functions
500005666,safety,020000003,021000003,Sport
500005667,sag,020000003,021000004,Notions
500005668,sage,020000003,021000004,Food and drink
500005669,sail,020000004,021000004,Sport; Travel
500005670,sailing,020000003,021000002,Sport; Travel
500005671,sailor,020000003,021000001,Sport; Travel
500005672,sake,020000003,021000002,Food and drink
500005673,salad,020000003,021000001,Food and drink
500005674,salary,020000003,021000004,People; Work and business
500005675,sale,020000003,021000001,Leisure
500005676,salesman,020000003,021000003,Leisure
500005677,salesmanship,020000003,021000004,Work and business
500005678,salesperson,020000003,021000004,People; Work and business
500005679,saleswoman,020000003,021000004,Leisure
500005680,salmon,020000003,021000003,Animals
500005681,salon,020000003,021000004,Appearance; Leisure
500005682,salsa,020000003,021000004,Culture; Food and drink
500005683,salt,020000003,021000002,Food and drink; Science and technology
500005684,salty,020000001,021000004,Food and drink
500005685,same,020000001,021000001,Communication
500005686,same,020000002,021000001,Communication
500005687,sample,020000003,021000002,Culture; Health; Leisure; Science and technology
500005688,sand,020000003,021000003,Science and technology; The natural world; Travel
500005689,sandal,020000003,021000003,Appearance
500005690,sandstone,020000003,021000004,Homes and buildings
500005691,sandwich,020000003,021000001,Food and drink
500005692,sandy,020000001,021000002,Appearance; The natural world; Travel
500005693,sanitary,020000001,021000004,Health
500005694,sanitation,020000003,021000004,Notions
500005695,satellite,020000003,021000003,Culture; Time and space
500005696,satisfaction,020000003,021000003,Notions
500005697,satisfactory,020000001,021000004,Functions
500005698,satisfied,020000001,021000003,Notions; People
500005699,satisfy,020000004,021000002,People
500005700,Saturday,020000003,021000001,Time and space
500005701,sauce,020000003,021000002,Food and drink
500005702,saucepan,020000003,021000003,Food and drink
500005703,saucer,020000003,021000003,Food and drink
500005704,sausage,020000003,021000002,Food and drink
500005705,save,020000004,021000001,Science and technology; Sport
500005706,saving/savings,020000003,021000004,Leisure
500005707,saw,020000003,021000001,Functions
500005708,saw,020000004,021000004,Functions
500005709,say,020000003,021000004,Functions
500005710,say,020000004,021000001,Functions
500005711,scale,020000003,021000002,Animals; Culture; Food and drink; Science and technology
500005712,scan,020000003,021000003,Health; People
500005713,scan,020000004,021000004,Health; Science and technology
500005714,scandal,020000003,021000004,Communication
500005715,scar,020000003,021000004,Health
500005716,scarcely,020000002,021000004,Communication
500005717,scare,020000004,021000003,Notions
500005718,scared,020000001,021000003,People
500005719,scarf,020000003,021000002,Appearance
500005720,scarlet,020000003,021000004,Appearance
500005721,scary,020000001,021000003,Notions
500005722,scatter,020000004,021000003,Politics and society
500005723,scene,020000003,021000002,Culture; Functions; People; Politics and society
500005724,scenery,020000003,021000002,Culture; The natural world
500005725,scenic,020000001,021000003,Appearance
500005726,scent,020000003,021000004,Animals
500005727,schedule,020000003,021000002,Culture; People; Travel
500005728,schedule,020000004,021000004,Culture; People; Travel
500005729,scheduled,020000001,021000004,Notions
500005730,scheme,020000003,021000004,Work and business
500005731,scholar,020000003,021000003,People
500005732,scholarship,020000003,021000003,People
500005733,scholasticism,020000003,021000004,People
500005734,school,020000003,021000001,Animals; Culture; Homes and buildings; People
500005735,schoolchild,020000003,021000002,People
500005736,schoolgirl,020000003,021000004,Homes and buildings
500005737,schoolmate,020000003,021000003,People
500005738,schoolteacher,020000003,021000003,People; Work and business
500005739,schoolwork,020000003,021000002,People
500005740,science,020000003,021000001,People; Science and technology
500005741,science fiction,020000003,021000003,Culture
500005742,scientific,020000001,021000002,Science and technology
500005743,scientifically,020000002,021000004,Science and technology
500005744,scientist,020000003,021000001,Science and technology
500005745,scissors,020000003,021000002,Appearance
500005746,scold,020000004,021000003,Communication
500005747,scooter,020000003,021000004,Travel
500005748,scope,020000003,021000003,Functions
500005749,score,020000003,021000003,Culture; Leisure; People; Science and technology; Sport
500005750,score,020000004,021000003,Leisure; Notions; People; Sport
500005751,scramble,020000004,021000004,Food and drink
500005752,scratch,020000003,021000003,Health
500005753,scratch,020000004,021000004,Health
500005754,scream,020000003,021000002,People
500005755,scream,020000004,021000003,People
500005756,screen,020000003,021000002,Culture; Health; Homes and buildings; Science and technology
500005757,screen,020000004,021000004,Culture; Health
500005758,screw,020000003,021000002,Science and technology; Travel
500005759,screw,020000004,021000004,Science and technology
500005760,scribble,020000003,021000004,Communication
500005761,script,020000003,021000002,Culture; People; Science and technology
500005762,scrooge,020000003,021000004,Work and business
500005763,scuba,020000003,021000004,Leisure
500005764,sculpture,020000003,021000003,Culture; Leisure
500005765,scythe,020000003,021000004,Homes and buildings
500005766,sea,020000003,021000001,The natural world; Travel
500005767,seafood,020000003,021000002,Food and drink
500005768,seal,020000003,021000004,Animals
500005769,search,020000003,021000002,Science and technology
500005770,search,020000004,021000003,Science and technology
500005771,seaside,020000003,021000002,The natural world; Travel
500005772,season,020000003,021000003,Appearance; Culture; Time and space
500005773,seasonal,020000001,021000004,Time and space
500005774,seat,020000003,021000001,Politics and society; Travel
500005775,seawater,020000003,021000003,Food and drink
500005776,seaweed,020000003,021000003,The natural world
500005777,second,020000001,021000001,People; Time and space
500005778,second,020000002,021000003,People; Time and space
500005779,second,020000003,021000002,People; Time and space
500005780,second person,020000003,021000004,Culture
500005781,secondary,020000001,021000004,Notions
500005782,secondary school,020000003,021000003,People
500005783,second-hand,020000001,021000003,Travel
500005784,second-hand,020000002,021000003,Travel
500005785,secondly,020000002,021000004,Time and space
500005786,secret,020000001,021000003,Notions
500005787,secret,020000003,021000002,Notions
500005788,secretary,020000003,021000002,Politics and society
500005789,secretly,020000002,021000003,Politics and society
500005790,section,020000003,021000001,Homes and buildings
500005791,sector,020000003,021000004,Politics and society
500005792,secure,020000001,021000003,Notions; People
500005793,security,020000003,021000003,People; Politics and society; Travel
500005794,see,020000004,021000001,Functions
500005795,seed,020000003,021000002,Homes and buildings; Sport; The natural world
500005796,seek,020000004,021000002,Notions
500005797,seem,020000004,021000002,Communication
500005798,seesaw,020000003,021000004,Homes and buildings; Travel
500005799,segment,020000003,021000004,Food and drink; Science and technology
500005800,seize,020000004,021000003,Politics and society
500005801,seldom,020000002,021000004,Notions
500005802,select,020000001,021000003,Science and technology
500005803,select,020000004,021000004,Science and technology
500005804,selection,020000003,021000003,Politics and society
500005805,self,020000003,021000001,Appearance
500005806,self-confidence,020000003,021000004,People
500005807,self-confident,020000001,021000004,People
500005808,selfish,020000001,021000003,People
500005809,selfless,020000001,021000004,Politics and society
500005810,self-service,020000001,021000003,Food and drink; Leisure
500005811,sell,020000004,021000001,Homes and buildings; Leisure
500005812,seller,020000003,021000004,Leisure
500005813,semester,020000003,021000002,People; Time and space
500005814,semicolon,020000003,021000004,Communication
500005815,semi-final,020000003,021000004,Sport
500005816,seminar,020000003,021000004,People
500005817,senator,020000003,021000004,Politics and society
500005818,send,020000004,021000002,Communication
500005819,senior,020000001,021000002,People; Politics and society; Sport
500005820,senior,020000003,021000002,People; Politics and society; Sport
500005821,sensation,020000003,021000003,People
500005822,sense,020000003,021000002,Health
500005823,sense,020000004,021000004,Health
500005824,sensible,020000001,021000004,People
500005825,sensitive,020000001,021000004,People
500005826,sentence,020000003,021000001,Communication; Politics and society
500005827,sentence,020000004,021000004,Politics and society
500005828,separate,020000001,021000002,People
500005829,separate,020000004,021000004,People
500005830,separately,020000002,021000004,Notions
500005831,separation,020000003,021000003,People
500005832,September,020000003,021000001,Time and space
500005833,sequence,020000003,021000003,Culture
500005834,serene,020000001,021000004,Notions
500005835,serial,020000001,021000004,Notions
500005836,series,020000003,021000003,Culture; Sport
500005837,serious,020000001,021000003,Health; Politics and society
500005838,seriously,020000002,021000002,Notions
500005839,servant,020000003,021000004,People
500005840,serve,020000004,021000002,Food and drink; Leisure; Notions; Politics and society; Sport
500005841,server,020000003,021000003,Food and drink; Science and technology; Sport
500005842,service,020000003,021000003,Food and drink; Leisure; Politics and society; Science and technology; Sport; Travel
500005843,service,020000004,021000003,Science and technology; Travel
500005844,session,020000003,021000003,People; Politics and society; Time and space
500005845,set,020000003,021000002,Culture; People; Science and technology; Sport
500005846,set,020000004,021000001,Appearance; Culture; Health; People
500005847,setback,020000003,021000004,Notions
500005848,setting,020000003,021000003,Culture; Food and drink
500005849,settle,020000004,021000003,Functions; Politics and society
500005850,settlement,020000003,021000003,Functions; People; Politics and society
500005851,settler,020000003,021000003,Politics and society
500005852,severe,020000001,021000003,Health
500005853,severely,020000002,021000003,Health
500005854,sew,020000004,021000002,Leisure
500005855,sex,020000003,021000003,Appearance
500005856,sexism,020000003,021000004,Politics and society
500005857,sexual,020000001,021000004,Appearance
500005858,sexy,020000001,021000004,Appearance
500005859,shabby,020000001,021000004,Appearance
500005860,shade,020000003,021000002,Appearance; Functions
500005861,shadow,020000003,021000002,Animals
500005862,shadow,020000004,021000003,Animals
500005863,shadowy,020000001,021000003,Notions
500005864,shake,020000003,021000001,Health
500005865,shake,020000004,021000003,Functions; People
500005866,shaken,020000001,021000004,People
500005867,Shakespearean,020000001,021000004,Notions
500005868,shaky,020000001,021000004,Functions; Health; Notions
500005869,shallow,020000001,021000003,Time and space
500005870,shame,020000003,021000003,People
500005871,shameful,020000001,021000003,People
500005872,shampoo,020000003,021000002,Appearance
500005873,shape,020000003,021000002,Appearance
500005874,shape,020000004,021000003,Science and technology
500005875,share,020000003,021000002,Communication
500005876,share,020000004,021000001,Communication
500005877,sharp,020000001,021000003,Appearance; Culture; People
500005878,sharp,020000002,021000004,Appearance; Culture; People
500005879,sharply,020000002,021000004,Time and space
500005880,shatter,020000004,021000004,Science and technology
500005881,shave,020000004,021000003,Appearance
500005882,shed,020000003,021000004,Homes and buildings; The natural world
500005883,sheep,020000003,021000001,Animals
500005884,sheer,020000001,021000003,Appearance
500005885,sheet,020000003,021000003,Science and technology
500005886,shelf,020000003,021000001,Homes and buildings; Leisure
500005887,shell,020000003,021000002,Animals; Homes and buildings; Politics and society; Travel
500005888,shell,020000004,021000004,Politics and society
500005889,shelter,020000003,021000003,Homes and buildings; Politics and society
500005890,sheriff,020000003,021000003,Politics and society
500005891,shield,020000003,021000004,Politics and society; Time and space
500005892,shift,020000003,021000004,Science and technology
500005893,shift,020000004,021000003,Functions
500005894,shine,020000004,021000002,Time and space
500005895,shiny,020000001,021000003,Appearance
500005896,ship,020000003,021000001,Travel
500005897,ship,020000004,021000003,Travel
500005898,shipping,020000003,021000004,Leisure; People; Travel
500005899,shipwreck,020000003,021000004,Travel
500005900,shirt,020000003,021000001,Appearance
500005901,shiver,020000004,021000003,Health; People
500005902,shock,020000003,021000002,Appearance; Health; Science and technology; The natural world
500005903,shock,020000004,021000004,People
500005904,shocked,020000001,021000003,Notions
500005905,shocking,020000001,021000003,Politics and society
500005906,shoe,020000003,021000001,Appearance; Leisure
500005907,shoot,020000004,021000002,Culture; Politics and society; Sport
500005908,shooting,020000003,021000004,Culture; Politics and society
500005909,shop,020000003,021000001,Leisure
500005910,shop,020000004,021000003,Leisure
500005911,shop assistant,020000003,021000002,Leisure
500005912,shopkeeper,020000003,021000004,People
500005913,shoplift,020000004,021000004,Leisure; Politics and society
500005914,shoplifter,020000003,021000004,Leisure; Politics and society
500005915,shoplifting,020000003,021000004,Leisure; Politics and society
500005916,shopper,020000003,021000003,Leisure
500005917,shopping,020000003,021000001,Leisure
500005918,shore,020000003,021000002,The natural world
500005919,short,020000001,021000001,Appearance
500005920,short,020000002,021000001,Appearance
500005921,short/shorts,020000003,021000002,Appearance; Culture; Food and drink
500005922,shortage,020000003,021000003,Politics and society
500005923,shortly,020000002,021000003,Appearance
500005924,shortness,020000003,021000004,Health
500005925,short-term,020000001,021000004,Time and space
500005926,shot,020000003,021000002,Culture; Functions; Health; Notions; Sport
500005927,shoulder,020000003,021000001,Appearance; Food and drink; The natural world; Travel
500005928,shout,020000003,021000002,Food and drink
500005929,shout,020000004,021000003,Food and drink
500005930,show,020000003,021000002,Culture
500005931,show,020000004,021000001,Culture
500005932,showbiz,020000003,021000004,Communication; Leisure
500005933,showcase,020000003,021000004,Travel
500005934,shower,020000003,021000001,Homes and buildings; People; The natural world
500005935,shower,020000004,021000004,Homes and buildings; People; The natural world
500005936,shrimp,020000003,021000003,Animals
500005937,shrink,020000003,021000004,People
500005938,shrink,020000004,021000004,People
500005939,shrug,020000004,021000004,Notions
500005940,shut,020000001,021000003,Food and drink
500005941,shut,020000004,021000002,Food and drink
500005942,shy,020000001,021000001,People
500005943,sick,020000001,021000001,Health; Travel
500005944,sickness,020000003,021000003,Health; People
500005945,side,020000003,021000001,Functions; Sport
500005946,sidewalk,020000003,021000003,Travel
500005947,sigh,020000003,021000003,People
500005948,sigh,020000004,021000004,People
500005949,sight,020000003,021000001,Travel
500005950,sightseeing,020000003,021000002,Travel
500005951,sign,020000003,021000001,Science and technology
500005952,sign,020000004,021000003,Functions; Politics and society
500005953,signal,020000003,021000003,Culture; Travel
500005954,signature,020000003,021000003,Communication
500005955,significance,020000003,021000003,Notions
500005956,significant,020000001,021000002,Notions
500005957,significantly,020000002,021000004,Notions
500005958,signify,020000004,021000004,Notions
500005959,signpost,020000003,021000003,Travel
500005960,silence,020000003,021000002,Science and technology
500005961,silent,020000001,021000003,Culture
500005962,silently,020000002,021000002,Communication
500005963,silk,020000003,021000003,Appearance
500005964,silly,020000001,021000002,Food and drink
500005965,silver,020000001,021000002,Appearance
500005966,silver,020000003,021000002,Appearance; Science and technology; Sport
500005967,silverware,020000003,021000004,Food and drink
500005968,similar,020000001,021000002,Notions
500005969,similarity,020000003,021000003,Politics and society
500005970,similarly,020000002,021000003,Communication
500005971,simple,020000001,021000002,Time and space
500005972,simplification,020000003,021000004,Notions
500005973,simplify,020000004,021000003,Notions
500005974,simply,020000002,021000002,Notions
500005975,simultaneous,020000001,021000004,Time and space
500005976,simultaneously,020000002,021000003,Time and space
500005977,since,020000002,021000004,Time and space
500005978,sincere,020000001,021000004,Notions
500005979,sincerity,020000003,021000004,Notions
500005980,sing,020000004,021000001,Culture
500005981,singer,020000003,021000001,Culture
500005982,singing,020000003,021000002,Leisure
500005983,single,020000001,021000002,Travel
500005984,single,020000003,021000003,Culture; Sport; Travel
500005985,singular,020000001,021000002,Communication
500005986,singular,020000003,021000002,Communication
500005987,sink,020000003,021000002,Homes and buildings
500005988,sink,020000004,021000003,Notions; Politics and society; Sport
500005989,sir,020000003,021000001,People; Travel
500005990,sister,020000003,021000001,Health; People; Politics and society
500005991,sister-in-law,020000003,021000004,People
500005992,sit,020000004,021000001,People; Politics and society
500005993,site,020000003,021000001,Communication; Homes and buildings
500005994,sitting room,020000003,021000002,Homes and buildings
500005995,situation,020000003,021000002,Work and business
500005996,size,020000003,021000001,Appearance; Science and technology
500005997,skate,020000003,021000002,Animals; Appearance
500005998,skate,020000004,021000003,Sport
500005999,skateboard,020000003,021000004,Leisure
500006000,skateboarder,020000003,021000004,Leisure
500006001,skateboarding,020000003,021000002,Leisure; Sport
500006002,skating,020000003,021000002,Sport
500006003,skeleton,020000003,021000003,Appearance; Homes and buildings
500006004,sketch,020000004,021000004,Culture
500006005,ski,020000003,021000002,Sport
500006006,ski,020000004,021000003,Sport
500006007,skiing,020000003,021000002,Sport
500006008,skill,020000003,021000001,People
500006009,skilled,020000001,021000004,People
500006010,skillful/skilful,020000001,021000004,Functions
500006011,skillfully/skilfully,020000002,021000004,Notions
500006012,skim,020000004,021000004,Politics and society
500006013,skin,020000003,021000003,Appearance; Communication; Food and drink; Science and technology
500006014,skip,020000004,021000004,People
500006015,skirt,020000003,021000001,Appearance
500006016,sky,020000003,021000001,The natural world
500006017,skylark,020000003,021000004,Animals
500006018,skyscraper,020000003,021000003,Homes and buildings
500006019,skyward/skywards,020000002,021000004,Notions
500006020,slam,020000004,021000004,Travel
500006021,slang,020000003,021000004,Communication
500006022,slap,020000003,021000004,Time and space
500006023,slap,020000004,021000004,Time and space
500006024,slash,020000003,021000004,Communication; Science and technology
500006025,slaughter,020000003,021000004,The natural world
500006026,slave,020000003,021000002,People; Politics and society
500006027,slavery,020000003,021000003,People; Politics and society
500006028,sleep,020000003,021000003,Health
500006029,sleep,020000004,021000001,Health
500006030,sleepless,020000001,021000002,Functions
500006031,sleepy,020000001,021000002,Notions
500006032,sleeve,020000003,021000003,Appearance
500006033,slice,020000003,021000002,Sport
500006034,slice,020000004,021000004,Food and drink
500006035,slide,020000003,021000002,Culture; Leisure; Science and technology
500006036,slide,020000004,021000004,Culture; Leisure; Science and technology
500006037,slight,020000001,021000004,Appearance
500006038,slight,020000003,021000003,Appearance
500006039,slightly,020000002,021000003,Notions
500006040,slim,020000001,021000002,Appearance
500006041,slip,020000003,021000003,Appearance
500006042,slip,020000004,021000003,Appearance
500006043,sliver,020000003,021000004,Appearance
500006044,slogan,020000003,021000003,Politics and society
500006045,slope,020000003,021000003,Sport; The natural world
500006046,sloppy,020000001,021000004,Appearance
500006047,slot,020000003,021000003,Appearance
500006048,slow,020000001,021000001,Travel
500006049,slow,020000002,021000003,Travel
500006050,slow,020000004,021000003,Travel
500006051,slowly,020000002,021000002,Notions
500006052,small,020000001,021000001,Food and drink
500006053,smart,020000001,021000001,Appearance; People
500006054,smash,020000004,021000004,Travel
500006055,smell,020000003,021000001,Food and drink
500006056,smell,020000004,021000003,Politics and society
500006057,smile,020000003,021000001,Appearance; People
500006058,smile,020000004,021000003,Appearance; People
500006059,smith,020000003,021000001,People; Work and business
500006060,smoke,020000003,021000001,Politics and society; The natural world
500006061,smoke,020000004,021000002,Politics and society
500006062,smoker,020000003,021000003,Politics and society
500006063,smokestack,020000003,021000004,Travel
500006064,smoking,020000003,021000001,Politics and society
500006065,smooth,020000001,021000002,Notions
500006066,smoothly,020000002,021000002,People
500006067,snack,020000003,021000002,Food and drink
500006068,snake,020000003,021000001,Animals
500006069,snap,020000004,021000004,People; Sport
500006070,sneak,020000004,021000004,Communication
500006071,sneer,020000003,021000004,Appearance
500006072,sneeze,020000003,021000003,Health
500006073,sneeze,020000004,021000004,Health
500006074,sniff,020000004,021000004,Travel
500006075,snore,020000003,021000004,Notions
500006076,snore,020000004,021000004,Notions
500006077,snow,020000003,021000001,The natural world
500006078,snow,020000004,021000002,The natural world
500006079,snowball,020000003,021000004,Leisure
500006080,snowboard,020000003,021000003,Sport
500006081,snowboarding,020000003,021000002,Sport
500006082,snowstorm,020000003,021000003,The natural world
500006083,snowy,020000001,021000001,The natural world
500006084,so,020000002,021000002,Functions
500006085,soak,020000003,021000004,The natural world
500006086,soak,020000004,021000004,The natural world
500006087,soaked,020000001,021000004,Notions
500006088,soaking,020000001,021000004,Notions
500006089,soap,020000003,021000002,Appearance
500006090,soap opera,020000003,021000003,Culture
500006091,soar,020000004,021000004,Animals; Travel
500006092,sob,020000004,021000004,Communication
500006093,so-called,020000001,021000004,Communication
500006094,soccer,020000003,021000001,Sport
500006095,sociable,020000001,021000004,People
500006096,social,020000001,021000001,Politics and society
500006097,social networking,020000003,021000003,Communication
500006098,socialize/socialise,020000004,021000004,People
500006099,socially,020000002,021000003,Politics and society
500006100,society,020000003,021000002,Politics and society
500006101,sock,020000003,021000002,Appearance
500006102,soda,020000003,021000002,Food and drink
500006103,sofa,020000003,021000001,Homes and buildings
500006104,soft,020000001,021000002,Appearance; Communication; Food and drink; People
500006105,soft drink,020000003,021000002,Food and drink
500006106,softly,020000002,021000002,Notions
500006107,softness,020000003,021000004,Health
500006108,software,020000003,021000002,Science and technology
500006109,soil,020000003,021000004,Homes and buildings; The natural world
500006110,soil,020000004,021000003,Homes and buildings; The natural world
500006111,solar,020000001,021000004,Science and technology; The natural world; Time and space
500006112,soldier,020000003,021000002,Politics and society
500006113,solid,020000001,021000003,Appearance; Functions
500006114,solidity,020000003,021000004,Politics and society
500006115,soliloquy,020000003,021000004,Culture
500006116,solo,020000001,021000004,Culture
500006117,solo,020000002,021000004,Culture
500006118,solo,020000003,021000004,Culture
500006119,solution,020000003,021000002,Science and technology
500006120,solve,020000004,021000001,Politics and society; Science and technology
500006121,solvent,020000003,021000004,Science and technology
500006122,someday,020000002,021000002,Notions
500006123,somehow,020000002,021000003,Functions
500006124,someplace,020000002,021000003,Communication
500006125,sometime,020000002,021000003,Time and space
500006126,sometimes,020000002,021000003,Time and space
500006127,somewhat,020000002,021000004,Notions
500006128,somewhere,020000002,021000002,Communication
500006129,son,020000003,021000001,People
500006130,song,020000003,021000001,Animals; Culture
500006131,son-in-law,020000003,021000004,People
500006132,sonnet,020000003,021000004,Culture
500006133,soon,020000002,021000001,Communication
500006134,soothe,020000004,021000003,Health
500006135,sophisticated,020000001,021000004,Politics and society
500006136,sophomore,020000003,021000003,People
500006137,sore,020000001,021000003,Health; People
500006138,sorrow,020000003,021000003,People
500006139,sorry,020000001,021000001,People
500006140,sort,020000003,021000003,Science and technology
500006141,sort,020000004,021000004,Science and technology
500006142,soul,020000003,021000003,Culture; Politics and society
500006143,sound,020000001,021000004,Culture
500006144,sound,020000003,021000002,Culture
500006145,sound,020000004,021000002,Culture
500006146,soundtrack,020000003,021000004,Culture
500006147,soup,020000003,021000001,Food and drink
500006148,sour,020000001,021000003,Food and drink
500006149,source,020000003,021000002,Culture; The natural world
500006150,south,020000001,021000002,The natural world
500006151,south,020000002,021000002,The natural world
500006152,south,020000003,021000002,The natural world
500006153,southeast,020000001,021000003,Notions
500006154,southeast,020000003,021000003,Notions
500006155,southern,020000001,021000003,The natural world
500006156,southward/southwards,020000002,021000004,Time and space
500006157,southwest,020000001,021000003,Notions
500006158,southwest,020000003,021000003,Notions
500006159,souvenir,020000003,021000003,Travel
500006160,Soviet,020000003,021000004,People; Politics and society
500006161,soybean,020000003,021000004,Food and drink
500006162,spa,020000003,021000004,Leisure
500006163,space,020000003,021000002,Time and space
500006164,spaceship,020000003,021000002,Time and space; Travel
500006165,spaghetti,020000003,021000002,Food and drink
500006166,span,020000004,021000004,Homes and buildings
500006167,spare,020000001,021000004,Leisure
500006168,spare,020000004,021000004,Leisure
500006169,sparerib,020000003,021000004,Food and drink
500006170,spark,020000003,021000004,Appearance
500006171,sparkle,020000003,021000003,People
500006172,sparkling,020000001,021000004,Food and drink
500006173,sparrow,020000003,021000004,Animals
500006174,speak,020000004,021000001,Communication
500006175,speaker,020000003,021000002,Culture; Politics and society
500006176,special,020000001,021000001,Politics and society
500006177,specialist,020000003,021000003,Health
500006178,specialize/specialise,020000004,021000003,Work and business
500006179,specially,020000002,021000003,Functions
500006180,specialty,020000003,021000004,Food and drink
500006181,species,020000003,021000004,Animals; Science and technology
500006182,specific,020000001,021000002,Time and space
500006183,specifically,020000002,021000004,Notions
500006184,specify,020000004,021000004,Politics and society
500006185,spectacle,020000003,021000004,Appearance
500006186,spectacular,020000001,021000003,Notions
500006187,spectator,020000003,021000003,Sport
500006188,speech,020000003,021000001,Culture; Politics and society
500006189,speed,020000003,021000002,Politics and society; Sport
500006190,speed,020000004,021000003,Politics and society
500006191,speeder,020000003,021000004,Politics and society
500006192,spell,020000003,021000001,Time and space
500006193,spell,020000004,021000002,Communication
500006194,spellbound,020000001,021000004,Notions
500006195,spelling,020000003,021000003,Communication
500006196,spend,020000004,021000001,Leisure
500006197,sphere,020000003,021000003,Appearance
500006198,spice,020000003,021000003,Food and drink; Politics and society
500006199,spicy,020000001,021000003,Food and drink
500006200,spider,020000003,021000003,Animals
500006201,spill,020000004,021000002,Communication
500006202,spin,020000004,021000004,Food and drink
500006203,spinach,020000003,021000003,Food and drink
500006204,spiral,020000001,021000003,Appearance
500006205,spirit,020000003,021000003,Food and drink; People; Politics and society
500006206,spiritual,020000001,021000003,Politics and society
500006207,spite,020000003,021000004,Communication
500006208,splash,020000003,021000004,Food and drink
500006209,splash,020000004,021000002,Food and drink
500006210,splatter,020000003,021000004,Food and drink
500006211,split,020000001,021000002,Functions; People
500006212,split,020000003,021000003,Functions
500006213,split,020000004,021000004,Functions; People
500006214,spoil,020000004,021000003,Work and business
500006215,spokesman,020000003,021000004,Politics and society
500006216,spokeswoman,020000003,021000004,Politics and society
500006217,sponge,020000003,021000003,Animals; Food and drink
500006218,sponsor,020000003,021000003,Culture; People; Politics and society
500006219,sponsor,020000004,021000004,People; Politics and society
500006220,spoon,020000003,021000002,Food and drink
500006221,sport,020000003,021000001,Sport
500006222,sports,020000001,021000003,Notions
500006223,sports center/sports centre,020000003,021000002,Homes and buildings
500006224,sportsmanship,020000003,021000003,Sport
500006225,spot,020000003,021000001,Appearance; Culture; Health; The natural world
500006226,spot,020000004,021000004,Appearance; Culture; Health; The natural world
500006227,spray,020000003,021000004,The natural world
500006228,spray,020000004,021000004,The natural world
500006229,spread,020000003,021000002,Food and drink; Health
500006230,spread,020000004,021000004,Food and drink; Health
500006231,spreadsheet,020000003,021000004,Science and technology
500006232,spring,020000003,021000001,The natural world; Time and space
500006233,sprint,020000003,021000004,Science and technology; Sport
500006234,spur,020000003,021000004,The natural world; Travel
500006235,spy,020000003,021000001,Politics and society
500006236,squad,020000003,021000004,Politics and society
500006237,square,020000001,021000002,Appearance; Functions; Leisure; People; Science and technology
500006238,square,020000003,021000002,Appearance; Homes and buildings; Science and technology
500006239,squash,020000003,021000004,Food and drink; Sport
500006240,squash,020000004,021000004,Food and drink; Sport
500006241,squeeze,020000004,021000004,Food and drink
500006242,stab,020000004,021000004,Politics and society
500006243,stability,020000003,021000004,Politics and society
500006244,stable,020000001,021000003,Science and technology
500006245,stack,020000003,021000004,Science and technology
500006246,stadium,020000003,021000002,Homes and buildings; Sport
500006247,staff,020000003,021000002,Culture; People
500006248,stage,020000003,021000001,Culture
500006249,stagger,020000003,021000004,Notions
500006250,stain,020000003,021000004,Appearance
500006251,stain,020000004,021000004,Appearance
500006252,stair,020000003,021000002,Homes and buildings
500006253,stake,020000003,021000004,Sport
500006254,stall,020000003,021000003,Culture; Leisure; The natural world
500006255,stammer,020000004,021000004,Communication
500006256,stamp,020000003,021000002,People
500006257,stamp,020000004,021000004,Work and business
500006258,stand,020000003,021000001,Functions; Leisure; Sport
500006259,stand,020000004,021000002,Functions; Politics and society
500006260,standard,020000001,021000004,Culture
500006261,standard,020000003,021000003,Culture
500006262,standby,020000001,021000004,Travel
500006263,standstill,020000003,021000004,Notions
500006264,stanza,020000003,021000004,Culture
500006265,star,020000003,021000001,Appearance; Culture; Time and space; Travel
500006266,star,020000004,021000003,Appearance; Culture; Time and space; Travel
500006267,stare,020000004,021000003,Appearance
500006268,start,020000003,021000001,Notions
500006269,start,020000004,021000001,People
500006270,startle,020000004,021000004,People
500006271,starvation,020000003,021000004,Politics and society
500006272,starve,020000004,021000004,Politics and society
500006273,starving,020000001,021000004,Notions
500006274,state,020000001,021000004,Politics and society
500006275,state,020000003,021000002,Politics and society
500006276,state,020000004,021000004,Politics and society
500006277,statement,020000003,021000002,Functions; Politics and society
500006278,statesman,020000003,021000004,Politics and society
500006279,statewide,020000002,021000004,Politics and society
500006280,station,020000003,021000001,Culture; Homes and buildings; Politics and society; The natural world; Travel
500006281,statistics,020000003,021000004,People
500006282,statue,020000003,021000002,Culture
500006283,status,020000003,021000003,Politics and society
500006284,stay,020000003,021000003,Travel
500006285,stay,020000004,021000001,Travel
500006286,steadily,020000002,021000003,Notions
500006287,steady,020000001,021000003,Sport
500006288,steak,020000003,021000002,Food and drink
500006289,steal,020000004,021000002,Politics and society; Sport
500006290,steam,020000003,021000003,Food and drink
500006291,steel,020000003,021000003,Science and technology
500006292,steely,020000001,021000004,Appearance
500006293,steep,020000001,021000003,The natural world
500006294,steer,020000004,021000004,Sport; Travel
500006295,steering wheel,020000003,021000004,Travel
500006296,stem,020000004,021000003,Food and drink
500006297,step,020000003,021000002,Health; Homes and buildings
500006298,step,020000004,021000001,Health; Homes and buildings
500006299,stepfather,020000003,021000004,People
500006300,stepmother,020000003,021000004,People
500006301,stereotype,020000003,021000004,Politics and society
500006302,stern,020000001,021000004,Politics and society
500006303,stew,020000003,021000004,Food and drink
500006304,stick,020000003,021000004,Sport; Travel
500006305,stick,020000004,021000003,Science and technology
500006306,sticker,020000003,021000003,Communication
500006307,sticky,020000001,021000003,Health
500006308,stiff,020000001,021000004,Health
500006309,still,020000001,021000001,Food and drink
500006310,still,020000002,021000002,Food and drink
500006311,stimulant,020000003,021000004,Politics and society
500006312,stimulate,020000004,021000004,People
500006313,stimulation,020000003,021000004,Health
500006314,stingy,020000001,021000004,Work and business
500006315,stink,020000004,021000004,Notions
500006316,stir,020000004,021000003,Food and drink; Functions; People
500006317,stitch,020000003,021000004,Health
500006318,stock,020000003,021000004,Food and drink; Leisure
500006319,stock market,020000003,021000004,Work and business
500006320,stockpile,020000003,021000004,Politics and society
500006321,stomach,020000003,021000002,Appearance
500006322,stomachache,020000003,021000002,Health
500006323,stone,020000003,021000001,Appearance; Homes and buildings; Science and technology
500006324,stonework,020000003,021000004,Homes and buildings
500006325,stool,020000003,021000004,Health; Homes and buildings
500006326,stop,020000003,021000001,Travel
500006327,stop,020000004,021000001,Travel
500006328,stopover,020000003,021000004,Travel
500006329,stopwatch,020000003,021000004,Sport
500006330,storage,020000003,021000003,Science and technology
500006331,store,020000003,021000001,Leisure
500006332,store,020000004,021000004,Leisure
500006333,storm,020000003,021000002,The natural world
500006334,stormy,020000001,021000003,Functions; People; The natural world
500006335,story/storey,020000003,021000001,Culture; Homes and buildings
500006336,storyteller,020000003,021000003,Culture
500006337,stove,020000003,021000002,Food and drink; Homes and buildings
500006338,straight,020000001,021000002,Appearance; Food and drink; Functions; People; Politics and society
500006339,straight,020000002,021000001,Appearance; Food and drink; Functions; People; Politics and society
500006340,straighten,020000004,021000004,Health
500006341,straightforward,020000001,021000004,People
500006342,strain,020000003,021000003,Culture; Health; Science and technology
500006343,strain,020000004,021000004,Food and drink
500006344,strait,020000003,021000004,Food and drink
500006345,strand,020000003,021000004,Appearance; The natural world
500006346,strange,020000001,021000001,Communication
500006347,strangely,020000002,021000003,Notions
500006348,stranger,020000003,021000002,Time and space
500006349,strangle,020000004,021000004,Notions
500006350,strategic,020000001,021000003,Politics and society
500006351,strategy,020000003,021000002,Politics and society
500006352,straw,020000003,021000003,The natural world
500006353,strawberry,020000003,021000003,Food and drink
500006354,stream,020000003,021000003,People; The natural world
500006355,stream,020000004,021000003,Culture; People
500006356,street,020000003,021000001,Functions; Homes and buildings; Travel
500006357,strength,020000003,021000002,Health; People
500006358,strengthen,020000004,021000003,Health
500006359,stress,020000003,021000003,Communication; People; Science and technology
500006360,stress,020000004,021000004,Communication; People
500006361,stressed,020000001,021000003,Communication; People
500006362,stressful,020000001,021000003,Notions
500006363,stretch,020000004,021000003,Health; Science and technology
500006364,stricken,020000001,021000003,Health
500006365,strict,020000001,021000001,Functions; People
500006366,strictly,020000002,021000004,Functions
500006367,stride,020000004,021000004,Appearance
500006368,strike,020000003,021000002,Politics and society; Sport
500006369,strike,020000004,021000003,Politics and society
500006370,striking,020000001,021000004,Appearance
500006371,string,020000003,021000002,Culture; Sport
500006372,strip,020000003,021000003,Sport; Travel
500006373,strip,020000004,021000004,Appearance; Homes and buildings
500006374,stripe,020000003,021000003,Appearance; Functions
500006375,strive,020000004,021000004,Notions
500006376,stroke,020000003,021000004,Health; Notions; Sport; Travel
500006377,stroke,020000004,021000004,Animals
500006378,strong,020000001,021000001,Food and drink; Functions; Health; Notions; People; The natural world
500006379,strongly,020000002,021000002,Functions
500006380,structure,020000003,021000002,Homes and buildings
500006381,struggle,020000003,021000003,Functions; Notions
500006382,struggle,020000004,021000004,Functions; Notions
500006383,stubborn,020000001,021000003,Functions; People
500006384,stubbornly,020000002,021000004,Functions
500006385,stuck,020000001,021000003,Communication
500006386,student,020000003,021000001,People
500006387,studio,020000003,021000003,Culture; Homes and buildings
500006388,study,020000003,021000002,Culture; Homes and buildings; People; Science and technology
500006389,study,020000004,021000001,People; Science and technology
500006390,stuff,020000003,021000002,Food and drink; People
500006391,stuff,020000004,021000004,Food and drink; People
500006392,stuffed,020000001,021000003,People
500006393,stumble,020000004,021000003,Communication
500006394,stun,020000004,021000003,People
500006395,stunning,020000001,021000003,Appearance
500006396,stupid,020000001,021000003,Culture
500006397,style,020000003,021000002,Appearance; Culture
500006398,stylish,020000001,021000003,Appearance
500006399,stylist,020000003,021000004,Appearance
500006400,subconscious,020000001,021000003,Notions
500006401,subcontinent,020000003,021000004,The natural world
500006402,subculture,020000003,021000004,Politics and society
500006403,subdivision,020000003,021000004,Homes and buildings
500006404,subject,020000003,021000001,Communication; People; Science and technology
500006405,subjunctive,020000003,021000004,Communication
500006406,submarine,020000003,021000003,Travel
500006407,submit,020000004,021000004,Functions
500006408,subplot,020000003,021000004,Culture
500006409,subside,020000004,021000004,Notions
500006410,substance,020000003,021000004,Science and technology
500006411,substantial,020000001,021000003,Notions
500006412,substitute,020000003,021000003,Sport
500006413,substitute,020000004,021000004,Sport
500006414,subtitle,020000003,021000004,Culture
500006415,subtle,020000001,021000004,Appearance
500006416,subtract,020000004,021000004,Science and technology
500006417,suburb,020000003,021000004,Homes and buildings; The natural world
500006418,subway,020000003,021000001,Travel
500006419,succeed,020000004,021000002,Notions
500006420,success,020000003,021000002,Notions
500006421,successful,020000001,021000001,Notions
500006422,successfully,020000002,021000002,Notions
500006423,successive,020000001,021000004,Time and space
500006424,suck,020000004,021000004,Travel
500006425,sudden,020000001,021000002,Time and space
500006426,suddenly,020000002,021000003,Time and space
500006427,sue,020000004,021000004,Politics and society
500006428,suffer,020000004,021000003,Health
500006429,suffering,020000003,021000004,Health
500006430,sufficient,020000001,021000003,Functions
500006431,sufficiently,020000002,021000004,Functions
500006432,suffix,020000003,021000003,Communication
500006433,sugar,020000003,021000001,Food and drink
500006434,suggest,020000004,021000002,Functions
500006435,suggestion,020000003,021000001,Functions
500006436,suicide,020000003,021000003,Politics and society
500006437,suit,020000003,021000002,Appearance; Leisure
500006438,suit,020000004,021000002,Appearance; Leisure
500006439,suitable,020000001,021000002,Politics and society
500006440,suitably,020000002,021000004,Politics and society
500006441,suitcase,020000003,021000002,Travel
500006442,sulfur/sulphur,020000003,021000004,Science and technology
500006443,sum,020000003,021000001,Science and technology
500006444,summarize/summarise,020000004,021000003,Notions
500006445,summary,020000003,021000002,People
500006446,summer,020000003,021000001,Time and space
500006447,summit,020000003,021000003,Politics and society; The natural world
500006448,sun,020000003,021000001,Science and technology; The natural world; Time and space
500006449,sunbathe,020000004,021000003,Travel
500006450,sunbeam,020000003,021000004,Time and space
500006451,Sunday,020000003,021000001,Time and space
500006452,sundial,020000003,021000003,Homes and buildings
500006453,sunflower,020000003,021000002,The natural world
500006454,sunglasses,020000003,021000002,Appearance
500006455,sunlight,020000003,021000002,Time and space
500006456,sunny,020000001,021000001,People; The natural world
500006457,sunrise,020000003,021000003,Time and space
500006458,sunset,020000003,021000003,Time and space
500006459,sunshine,020000003,021000001,The natural world
500006460,super,020000001,021000001,Notions
500006461,superb,020000001,021000004,Notions
500006462,superintendent,020000003,021000004,Politics and society
500006463,superior,020000001,021000003,Politics and society
500006464,superlative,020000003,021000002,Communication
500006465,supermarket,020000003,021000001,Leisure
500006466,supernatural,020000001,021000004,Science and technology
500006467,superstar,020000003,021000002,Culture
500006468,superstition,020000003,021000003,Science and technology
500006469,supervise,020000004,021000004,Notions
500006470,supervision,020000003,021000004,Work and business
500006471,supervisor,020000003,021000004,People; Work and business
500006472,supper,020000003,021000002,Food and drink
500006473,supplement,020000003,021000004,Culture
500006474,supplier,020000003,021000004,Work and business
500006475,supply,020000003,021000003,Work and business
500006476,supply,020000004,021000004,Food and drink
500006477,support,020000003,021000002,Culture; Health; Notions
500006478,support,020000004,021000003,Culture; Functions; Homes and buildings; Notions; Politics and society
500006479,supporter,020000003,021000003,Politics and society
500006480,supportive,020000001,021000003,Notions
500006481,suppose,020000004,021000003,Functions
500006482,supposedly,020000002,021000003,Functions
500006483,suppress,020000004,021000004,Politics and society
500006484,sure,020000001,021000001,Functions; People
500006485,sure,020000002,021000002,Functions; People
500006486,surely,020000002,021000003,Functions
500006487,surf,020000003,021000001,The natural world
500006488,surf,020000004,021000002,Communication; Sport
500006489,surface,020000003,021000003,Appearance; Travel
500006490,surfing,020000003,021000002,Communication; Culture; Sport
500006491,surge,020000003,021000004,Notions
500006492,surgeon,020000003,021000003,Health
500006493,surgery,020000003,021000003,Health
500006494,surname,020000003,021000002,People
500006495,surprise,020000003,021000001,People
500006496,surprise,020000004,021000003,People
500006497,surprised,020000001,021000002,People
500006498,surprising,020000001,021000002,People
500006499,surprisingly,020000002,021000003,Notions
500006500,surrender,020000004,021000004,Politics and society
500006501,surround,020000004,021000003,Politics and society
500006502,surrounding,020000001,021000003,Time and space
500006503,surroundings,020000003,021000004,Time and space
500006504,surveillance,020000003,021000004,Politics and society
500006505,survey,020000003,021000001,Functions; Homes and buildings; Science and technology
500006506,survival,020000003,021000003,Politics and society
500006507,survive,020000004,021000002,Time and space
500006508,survivor,020000003,021000003,People; Politics and society
500006509,suspect,020000003,021000003,Politics and society
500006510,suspect,020000004,021000004,Functions; Politics and society
500006511,suspend,020000004,021000004,People
500006512,suspicion,020000003,021000003,People
500006513,suspicious,020000001,021000004,People; Politics and society
500006514,suspiciously,020000002,021000004,Politics and society
500006515,sustain,020000004,021000004,Functions; Health
500006516,swallow,020000004,021000002,Food and drink
500006517,swan,020000003,021000004,Animals
500006518,swarm,020000003,021000003,Animals
500006519,swear,020000004,021000003,Communication
500006520,sweat,020000003,021000003,Health
500006521,sweat,020000004,021000002,Health
500006522,sweater,020000003,021000002,Appearance
500006523,sweatshirt,020000003,021000003,Appearance
500006524,sweep,020000004,021000004,Appearance; Homes and buildings
500006525,sweet,020000001,021000001,Food and drink; People
500006526,sweet,020000003,021000002,Food and drink
500006527,sweetheart,020000003,021000002,People
500006528,swell,020000004,021000003,Health
500006529,swift,020000001,021000004,Functions
500006530,swim,020000003,021000001,Animals; Sport
500006531,swim,020000004,021000001,Animals; Sport
500006532,swimmer,020000003,021000003,Sport
500006533,swimming,020000003,021000001,Sport
500006534,swimming costume,020000003,021000002,Appearance; Sport
500006535,swimming pool,020000003,021000001,Homes and buildings; Sport
500006536,swimsuit,020000003,021000002,Appearance; Sport
500006537,swing,020000003,021000004,Functions; Homes and buildings; Leisure; Sport
500006538,swing,020000004,021000004,Functions; Notions
500006539,switch,020000003,021000003,Science and technology; Travel
500006540,switch,020000004,021000003,Science and technology; Travel
500006541,swollen,020000001,021000003,Health
500006542,sword,020000003,021000003,Politics and society; Time and space
500006543,syllable,020000003,021000004,Communication
500006544,symbol,020000003,021000002,Science and technology
500006545,symbolic,020000001,021000004,Culture
500006546,sympathetic,020000001,021000004,Functions; People
500006547,sympathize/sympathise,020000004,021000004,Functions
500006548,sympathy,020000003,021000003,People
500006549,symphony,020000003,021000002,Culture
500006550,symptom,020000003,021000003,Health
500006551,syndrome,020000003,021000003,Functions; Health
500006552,synonym,020000003,021000004,People
500006553,system,020000003,021000002,Science and technology
500006554,systematic,020000001,021000003,Notions
500006555,table,020000003,021000001,Homes and buildings
500006556,table tennis,020000003,021000002,Leisure; Sport
500006557,tablecloth,020000003,021000004,Food and drink
500006558,tablespoon,020000003,021000002,Food and drink; Science and technology
500006559,tablet,020000003,021000003,Health; Science and technology
500006560,tabloid,020000001,021000004,Culture
500006561,tabloid,020000003,021000004,Culture
500006562,tack,020000004,021000004,Travel
500006563,tackle,020000004,021000004,Sport
500006564,tactile,020000001,021000004,Notions
500006565,tag,020000003,021000004,Leisure
500006566,tail,020000003,021000004,Animals; Appearance; Functions; Travel
500006567,take,020000003,021000003,Culture; Functions
500006568,take,020000004,021000001,Appearance; Functions; Notions; People; Politics and society; Sport; Travel
500006569,takeaway,020000003,021000003,Food and drink
500006570,takeoff/take-off,020000003,021000003,Time and space; Travel
500006571,tale,020000003,021000003,Culture
500006572,talent,020000003,021000002,Politics and society
500006573,talented,020000001,021000003,People
500006574,talk,020000003,021000003,Work and business
500006575,talk,020000004,021000001,Work and business
500006576,talkative,020000001,021000003,People
500006577,tall,020000001,021000001,Appearance
500006578,tame,020000001,021000004,Animals
500006579,tan,020000003,021000004,Appearance; Travel
500006580,tank,020000003,021000003,Politics and society; Sport; The natural world; Travel
500006581,tanned,020000001,021000004,Appearance
500006582,tap,020000003,021000002,Communication
500006583,tap,020000004,021000004,Communication
500006584,tape,020000003,021000002,Culture
500006585,tape,020000004,021000003,Health
500006586,target,020000003,021000002,Notions; Politics and society
500006587,task,020000003,021000002,People
500006588,taste,020000003,021000003,Food and drink; Functions
500006589,taste,020000004,021000003,Food and drink
500006590,tasteless,020000001,021000003,Food and drink
500006591,tasty,020000001,021000003,Food and drink
500006592,tatter,020000003,021000004,Appearance
500006593,tattoo,020000003,021000004,Appearance
500006594,taunt,020000003,021000004,People
500006595,tax,020000003,021000003,Leisure
500006596,taxi,020000003,021000001,Travel
500006597,tea,020000003,021000001,Food and drink
500006598,teach,020000004,021000001,People
500006599,teacher,020000003,021000001,People
500006600,teaching,020000003,021000003,People
500006601,team,020000003,021000001,Leisure; The natural world
500006602,teammate,020000003,021000003,Sport
500006603,teamwork,020000003,021000003,Sport
500006604,tear,020000003,021000002,Health
500006605,tear,020000004,021000003,Health
500006606,tease,020000003,021000003,Appearance; People
500006607,tease,020000004,021000004,Appearance; People
500006608,teaspoon,020000003,021000004,Food and drink; Science and technology
500006609,technical,020000001,021000004,Science and technology
500006610,technically,020000002,021000004,Work and business
500006611,technique,020000003,021000003,People
500006612,technological,020000001,021000003,Science and technology
500006613,technology,020000003,021000001,Leisure; Science and technology
500006614,teen,020000003,021000003,People
500006615,teenage,020000001,021000002,People
500006616,teenager,020000003,021000002,People
500006617,telecommunications,020000003,021000003,Communication; Politics and society; Work and business
500006618,telegram,020000003,021000003,Communication; Work and business
500006619,telephone,020000003,021000001,Communication; Homes and buildings
500006620,telephone,020000004,021000002,Communication
500006621,telescope,020000003,021000004,Science and technology; Time and space
500006622,television,020000003,021000001,Culture; Homes and buildings
500006623,tell,020000004,021000001,Time and space
500006624,teller,020000003,021000003,People; Work and business
500006625,temper,020000003,021000003,People
500006626,temperate,020000001,021000004,The natural world
500006627,temperature,020000003,021000002,Health; The natural world
500006628,temple,020000003,021000001,Appearance; Homes and buildings; Politics and society
500006629,temporarily,020000002,021000004,Appearance
500006630,temporary,020000001,021000003,Appearance
500006631,tempt,020000004,021000003,Functions
500006632,temptation,020000003,021000004,Notions
500006633,tend,020000004,021000003,Homes and buildings
500006634,tendency,020000003,021000003,Culture
500006635,tender,020000001,021000004,Food and drink; Health; People
500006636,tenderly,020000002,021000004,Notions
500006637,tenderness,020000003,021000004,Health
500006638,tennis,020000003,021000001,Sport
500006639,tense,020000001,021000003,People
500006640,tense,020000003,021000003,Communication
500006641,tension,020000003,021000003,Culture; Politics and society
500006642,tent,020000003,021000003,Travel
500006643,term,020000003,021000003,Functions; People; Politics and society; Time and space
500006644,terminal,020000003,021000003,Homes and buildings; Science and technology; Travel
500006645,terrace,020000003,021000004,Homes and buildings; Sport; The natural world
500006646,terrible,020000001,021000001,Health; People
500006647,terribly,020000002,021000003,Notions
500006648,terrific,020000001,021000003,Notions
500006649,terrified,020000001,021000003,Notions
500006650,terrify,020000004,021000002,People
500006651,terrifying,020000001,021000004,People
500006652,territory,020000003,021000004,People
500006653,terror,020000003,021000003,People; Politics and society
500006654,terrorism,020000003,021000003,Politics and society
500006655,terrorist,020000001,021000002,Politics and society
500006656,terrorist,020000003,021000003,Politics and society
500006657,test,020000003,021000001,Health; People; Science and technology
500006658,test,020000004,021000004,Health; People; Science and technology
500006659,testify,020000004,021000004,Politics and society
500006660,testimony,020000003,021000004,Politics and society
500006661,text,020000003,021000002,Communication; Culture; People
500006662,text,020000004,021000002,Communication
500006663,text message,020000003,021000002,Communication
500006664,textbook,020000003,021000002,People
500006665,thank,020000004,021000001,Communication
500006666,thankful,020000001,021000003,People
500006667,thanks,020000003,021000001,Notions
500006668,that,020000002,021000004,Time and space
500006669,theater/theatre,020000003,021000001,Culture; Homes and buildings
500006670,theft,020000003,021000003,Politics and society
500006671,theme,020000003,021000004,Culture
500006672,then,020000002,021000001,Communication
500006673,theorist,020000003,021000004,People; Work and business
500006674,theory,020000003,021000003,Functions; Science and technology
500006675,therapist,020000003,021000004,Health
500006676,therapy,020000003,021000004,Health
500006677,there,020000002,021000001,Functions
500006678,thereafter,020000002,021000004,Time and space
500006679,therefore,020000002,021000002,Notions
500006680,thermometer,020000003,021000004,Health
500006681,thesis,020000003,021000004,Functions; People; Science and technology
500006682,thick,020000001,021000001,Appearance; Food and drink; People
500006683,thickly,020000002,021000004,Health
500006684,thickness,020000003,021000004,Appearance
500006685,thief,020000003,021000002,Politics and society
500006686,thigh,020000003,021000004,Appearance
500006687,thin,020000001,021000001,Appearance; Food and drink
500006688,thing,020000003,021000001,Communication
500006689,think,020000004,021000001,Functions
500006690,thinker,020000003,021000004,People; Work and business
500006691,third,020000001,021000002,Time and space
500006692,third person,020000003,021000004,Culture
500006693,thirdly,020000002,021000004,Notions
500006694,thirst,020000003,021000004,Food and drink; People
500006695,thirst,020000004,021000003,Food and drink; People
500006696,thirsty,020000001,021000002,Food and drink; People
500006697,thorough,020000001,021000003,Notions
500006698,thoroughly,020000002,021000004,Notions
500006699,though,020000002,021000004,Notions
500006700,thought,020000003,021000002,Science and technology
500006701,thoughtful,020000001,021000004,People
500006702,thoughtless,020000001,021000004,Politics and society
500006703,thread,020000003,021000004,Communication
500006704,threat,020000003,021000003,Politics and society
500006705,threaten,020000004,021000004,Communication
500006706,threatening,020000001,021000003,Animals
500006707,thrill,020000003,021000004,People
500006708,thrilled,020000001,021000004,People
500006709,thriller,020000003,021000003,Culture
500006710,thrilling,020000001,021000004,Leisure
500006711,throat,020000003,021000004,Appearance
500006712,through,020000002,021000003,Time and space; Travel
500006713,throw,020000003,021000001,People; Sport
500006714,throw,020000004,021000002,People; Sport
500006715,thumb,020000003,021000003,Appearance
500006716,thump,020000004,021000003,Communication
500006717,thunder,020000003,021000003,The natural world
500006718,thunderous,020000001,021000003,People
500006719,thunderstorm,020000003,021000002,The natural world
500006720,Thursday,020000003,021000001,Time and space
500006721,thus,020000002,021000003,Notions
500006722,tick,020000003,021000003,Animals
500006723,tick,020000004,021000003,Animals
500006724,ticket,020000003,021000001,Politics and society; Travel
500006725,tickle,020000004,021000004,Health
500006726,tide,020000003,021000003,Functions; The natural world; Travel
500006727,tidy,020000001,021000002,Time and space
500006728,tidy,020000004,021000002,Time and space
500006729,tie,020000003,021000002,Appearance; Culture; Leisure; People; Sport; Travel
500006730,tie,020000004,021000003,Leisure
500006731,tiger,020000003,021000001,Animals
500006732,tight,020000001,021000001,Appearance; People
500006733,tight,020000002,021000004,Appearance; People
500006734,tighten,020000004,021000003,Health
500006735,tightly,020000002,021000003,Notions
500006736,tightrope,020000003,021000004,Politics and society
500006737,tights,020000003,021000002,Appearance
500006738,tile,020000003,021000003,Homes and buildings
500006739,time,020000003,021000001,Time and space
500006740,time,020000004,021000004,Time and space
500006741,timeless,020000001,021000004,Time and space
500006742,timeliness,020000003,021000004,Politics and society
500006743,timely,020000001,021000003,Politics and society
500006744,timetable,020000003,021000002,People; Travel
500006745,timing,020000003,021000004,Science and technology
500006746,tin,020000003,021000003,Food and drink; Science and technology
500006747,tiny,020000001,021000003,Appearance
500006748,tip,020000003,021000002,Food and drink; Functions; Sport
500006749,tip,020000004,021000004,Food and drink; Notions
500006750,tiptoe,020000004,021000004,Time and space
500006751,tire,020000004,021000003,People
500006752,tired,020000001,021000001,People
500006753,tiredness,020000003,021000004,People
500006754,tiresome,020000001,021000004,Notions
500006755,tiring,020000001,021000003,Notions
500006756,tissue,020000003,021000003,Appearance; Science and technology
500006757,title,020000003,021000002,Culture; Politics and society
500006758,toast,020000003,021000002,Food and drink; Notions; Politics and society
500006759,tobacco,020000003,021000003,Politics and society
500006760,today,020000002,021000001,Time and space
500006761,today,020000003,021000001,Time and space
500006762,toe,020000003,021000002,Appearance
500006763,toenail,020000003,021000004,Appearance
500006764,together,020000002,021000001,Functions; People
500006765,toil,020000004,021000004,Work and business
500006766,toilet,020000003,021000001,Homes and buildings
500006767,tolerant,020000001,021000004,Functions; People; Politics and society
500006768,tolerate,020000004,021000004,Health
500006769,toll,020000003,021000004,Communication; The natural world; Travel
500006770,tomato,020000003,021000001,Food and drink
500006771,tomb,020000003,021000004,Homes and buildings
500006772,tomorrow,020000002,021000001,Time and space
500006773,tomorrow,020000003,021000001,Time and space
500006774,ton,020000003,021000004,Science and technology
500006775,tone,020000003,021000002,Appearance; Communication; Culture
500006776,tongue,020000003,021000003,Appearance
500006777,tonight,020000002,021000001,Time and space
500006778,tonight,020000003,021000002,Time and space
500006779,tonne,020000003,021000004,Science and technology
500006780,too,020000002,021000001,Communication
500006781,tool,020000003,021000001,Homes and buildings
500006782,tooth,020000003,021000001,Appearance
500006783,toothache,020000003,021000002,Health
500006784,toothbrush,020000003,021000002,Travel
500006785,toothpaste,020000003,021000003,Appearance
500006786,top,020000001,021000003,Appearance
500006787,top,020000003,021000001,Appearance
500006788,topic,020000003,021000001,Communication
500006789,torch,020000003,021000004,Science and technology
500006790,tornado,020000003,021000003,The natural world
500006791,tortoiseshell,020000003,021000004,Animals
500006792,torture,020000004,021000004,People; Politics and society
500006793,toss,020000004,021000003,Functions
500006794,total,020000001,021000003,Leisure; Science and technology
500006795,total,020000003,021000003,Leisure; Science and technology
500006796,totally,020000002,021000003,Notions
500006797,touch,020000003,021000001,Health
500006798,touch,020000004,021000003,Health
500006799,tough,020000001,021000004,Food and drink; Functions; People
500006800,tour,020000003,021000002,Culture; Sport; Travel
500006801,tour,020000004,021000003,Culture; Travel
500006802,tour guide,020000003,021000002,People
500006803,tourism,020000003,021000003,Travel
500006804,tourist,020000003,021000002,Travel
500006805,tournament,020000003,021000003,Sport
500006806,towel,020000003,021000001,Homes and buildings; Travel
500006807,tower,020000003,021000001,Culture; Homes and buildings; Politics and society
500006808,town,020000003,021000001,The natural world
500006809,toxic,020000001,021000004,The natural world
500006810,toy,020000003,021000001,Leisure
500006811,trace,020000003,021000003,Communication; People; Politics and society
500006812,trace,020000004,021000004,Communication; People; Politics and society
500006813,track,020000003,021000002,Culture; Leisure; Sport; Travel
500006814,track,020000004,021000004,Science and technology
500006815,tracksuit,020000003,021000003,Appearance
500006816,trade,020000003,021000002,Leisure; Politics and society
500006817,trade,020000004,021000004,Leisure; Politics and society
500006818,trader,020000003,021000004,Work and business
500006819,tradition,020000003,021000002,Politics and society
500006820,traditional,020000001,021000002,Homes and buildings
500006821,traditionally,020000002,021000003,Appearance
500006822,traffic,020000003,021000002,Travel
500006823,traffic jam,020000003,021000003,Travel
500006824,traffic light,020000003,021000002,Travel
500006825,tragedy,020000003,021000003,Culture
500006826,tragic,020000001,021000003,Culture; People
500006827,trail,020000003,021000003,Leisure
500006828,trail,020000004,021000004,Leisure
500006829,trailer,020000003,021000004,Culture; Travel
500006830,train,020000003,021000001,Travel
500006831,train,020000004,021000002,Health; People; Sport
500006832,trainee,020000003,021000004,People
500006833,trainer,020000003,021000004,Appearance; Sport
500006834,training,020000003,021000002,People; Sport
500006835,trait,020000003,021000004,Notions
500006836,traitor,020000003,021000004,Politics and society
500006837,tram,020000003,021000002,Travel
500006838,tramp,020000003,021000004,Politics and society
500006839,trample,020000003,021000004,Notions
500006840,transcript,020000003,021000004,People
500006841,transfer,020000003,021000004,Sport; Travel
500006842,transfer,020000004,021000003,Health; Sport
500006843,transform,020000004,021000003,Notions
500006844,transformation,020000003,021000003,Notions
500006845,transfusion,020000003,021000004,Health
500006846,transient,020000001,021000004,Appearance
500006847,transistor,020000003,021000004,Culture; Science and technology
500006848,transition,020000003,021000004,Sport
500006849,transitional,020000001,021000003,Politics and society
500006850,transitive,020000001,021000004,Communication
500006851,translate,020000004,021000003,Communication
500006852,translation,020000003,021000004,Culture
500006853,translator,020000003,021000004,People; Work and business
500006854,transmission,020000003,021000004,Culture
500006855,transmit,020000004,021000004,Culture
500006856,transparent,020000001,021000004,Functions
500006857,transport,020000003,021000003,Travel
500006858,transport,020000004,021000004,Travel
500006859,transportation,020000003,021000003,Work and business
500006860,trap,020000003,021000002,Sport
500006861,trash,020000003,021000003,The natural world
500006862,travel,020000003,021000002,Sport
500006863,travel,020000004,021000001,Sport
500006864,travel agent,020000003,021000003,Travel
500006865,traveler/traveller,020000003,021000002,Travel
500006866,traverse,020000003,021000004,Food and drink
500006867,tray,020000003,021000004,Food and drink
500006868,tread,020000004,021000004,Communication
500006869,treasure,020000003,021000002,People
500006870,treat,020000003,021000003,Health
500006871,treat,020000004,021000004,Health
500006872,treatment,020000003,021000003,Health
500006873,treaty,020000003,021000004,Functions; Politics and society
500006874,tree,020000003,021000001,The natural world
500006875,trek,020000003,021000004,Leisure
500006876,tremble,020000004,021000003,People
500006877,tremendous,020000001,021000003,Notions
500006878,tremendously,020000002,021000004,Notions
500006879,tremor,020000003,021000004,People; The natural world
500006880,trend,020000003,021000003,Notions
500006881,trial,020000003,021000004,Politics and society; Science and technology
500006882,triangle,020000003,021000004,Appearance; Culture
500006883,tribe,020000003,021000004,Animals; Politics and society
500006884,trick,020000003,021000002,People
500006885,trick,020000004,021000004,People
500006886,tricky,020000001,021000004,Notions
500006887,trigger,020000003,021000003,Notions
500006888,trim,020000003,021000003,Travel
500006889,trio,020000003,021000004,Culture
500006890,trip,020000003,021000001,Travel
500006891,trip,020000004,021000004,Travel
500006892,triumph,020000003,021000003,Notions
500006893,trivial,020000001,021000004,Notions
500006894,trolley,020000003,021000004,Leisure; Sport
500006895,troop,020000003,021000004,Politics and society
500006896,trophy,020000003,021000004,Sport
500006897,tropic,020000001,021000004,Health
500006898,tropical,020000001,021000003,The natural world
500006899,trouble,020000003,021000002,Health; Notions; People
500006900,trouble,020000004,021000003,Health; Notions; People
500006901,troublesome,020000001,021000004,Notions
500006902,trousers,020000003,021000001,Appearance
500006903,truck,020000003,021000001,Travel
500006904,TRUE,020000001,021000001,Functions
500006905,truly,020000002,021000002,Communication
500006906,trumpet,020000003,021000003,Culture
500006907,trunk,020000003,021000004,Animals; Appearance; The natural world; Travel
500006908,trust,020000003,021000004,People
500006909,trust,020000004,021000002,People
500006910,trustworthy,020000001,021000003,People
500006911,trusty,020000001,021000004,Appearance
500006912,truth,020000003,021000002,Functions
500006913,truthful,020000001,021000004,People
500006914,truthfulness,020000003,021000004,Notions
500006915,try,020000003,021000001,Sport
500006916,try,020000004,021000002,Politics and society
500006917,T-shirt/tee-shirt,020000003,021000001,Appearance
500006918,tub,020000003,021000004,Homes and buildings
500006919,tube,020000003,021000001,Culture; Travel
500006920,tuberculosis,020000003,021000004,Health
500006921,Tuesday,020000003,021000001,Time and space
500006922,tug,020000003,021000004,Travel
500006923,tuition,020000003,021000004,People
500006924,tulip,020000003,021000004,The natural world
500006925,tumble,020000004,021000003,Notions
500006926,tumor/tumour,020000003,021000004,Health
500006927,tuna,020000003,021000003,Animals
500006928,tune,020000003,021000002,Culture
500006929,tunnel,020000003,021000004,Travel
500006930,turbulence,020000003,021000003,Functions; Travel
500006931,turbulent,020000001,021000004,Functions
500006932,turkey,020000003,021000001,Animals; Food and drink; Notions
500006933,turn,020000003,021000001,Health; Leisure; Travel
500006934,turn,020000004,021000001,Travel
500006935,turning,020000003,021000003,Travel
500006936,turtle,020000003,021000003,Animals
500006937,tutor,020000003,021000004,People
500006938,TV,020000003,021000001,Culture
500006939,twice,020000002,021000002,Politics and society
500006940,twin,020000003,021000003,People; Travel
500006941,twinkle,020000003,021000004,People
500006942,twist,020000003,021000003,Culture; Travel
500006943,twist,020000004,021000003,Health; Science and technology
500006944,twisted,020000001,021000004,Appearance
500006945,type,020000003,021000001,Science and technology
500006946,type,020000004,021000003,Science and technology
500006947,typhoid,020000003,021000004,Health
500006948,typical,020000001,021000003,Notions
500006949,typically,020000002,021000003,Communication
500006950,tyranny,020000003,021000004,Politics and society
500006951,tyrant,020000003,021000004,Politics and society
500006952,ugly,020000001,021000001,Appearance
500006953,ultimate,020000001,021000004,Appearance
500006954,ultimately,020000002,021000004,Notions
500006955,umbrella,020000003,021000001,The natural world
500006956,unable,020000001,021000003,Time and space
500006957,unacceptable,020000001,021000004,Functions
500006958,unafraid,020000001,021000003,Functions
500006959,unashamedly,020000002,021000004,Politics and society
500006960,unattractive,020000001,021000004,Appearance
500006961,unauthorized/unauthorised,020000001,021000004,Notions
500006962,unavailable,020000001,021000004,Communication
500006963,unaware,020000001,021000004,Notions
500006964,unbearable,020000001,021000004,People
500006965,unbeatable,020000001,021000004,Notions
500006966,unbelievable,020000001,021000003,Notions
500006967,uncertain,020000001,021000002,Functions
500006968,uncertainty,020000003,021000003,Functions
500006969,unchanged,020000001,021000004,Notions
500006970,uncharacteristic,020000001,021000004,Notions
500006971,uncle,020000003,021000001,People
500006972,unclear,020000001,021000003,Functions
500006973,unclearly,020000002,021000004,Notions
500006974,uncomfortable,020000001,021000002,Appearance; People
500006975,uncomfortably,020000002,021000004,Notions
500006976,uncommon,020000001,021000004,Notions
500006977,unconcerned,020000001,021000004,People
500006978,unconscious,020000001,021000004,Health
500006979,uncontrollable,020000001,021000003,Notions
500006980,uncover,020000004,021000003,Politics and society
500006981,underage,020000001,021000003,People
500006982,underestimate,020000004,021000004,Functions
500006983,undergo,020000004,021000003,Notions
500006984,undergraduate,020000003,021000004,People
500006985,underground,020000001,021000004,Politics and society
500006986,underground,020000002,021000004,Politics and society
500006987,underline,020000003,021000001,Communication
500006988,underline,020000004,021000003,Communication
500006989,underneath,020000002,021000004,Communication
500006990,underpants,020000003,021000003,Appearance
500006991,undersea,020000001,021000004,Animals
500006992,understand,020000004,021000002,Functions
500006993,understandable,020000001,021000004,Notions
500006994,understanding,020000001,021000004,People
500006995,understanding,020000003,021000004,Functions
500006996,undertake,020000004,021000004,Functions
500006997,underwater,020000001,021000002,Food and drink
500006998,underwater,020000002,021000004,Food and drink
500006999,underwear,020000003,021000004,Appearance
500007000,undo,020000004,021000003,Notions
500007001,undoubtedly,020000002,021000004,Notions
500007002,undreamed,020000001,021000004,Notions
500007003,undress,020000004,021000003,Appearance
500007004,undressed,020000001,021000004,Appearance
500007005,unease,020000003,021000004,People
500007006,uneasily,020000002,021000004,Politics and society
500007007,uneasy,020000001,021000002,People
500007008,unemployed,020000001,021000003,Politics and society
500007009,unemployment,020000003,021000003,Politics and society
500007010,unenthusiastic,020000001,021000004,Notions
500007011,uneven,020000001,021000004,Sport
500007012,unexpected,020000001,021000003,Notions
500007013,unexpectedly,020000002,021000003,Notions
500007014,unfair,020000001,021000002,Politics and society
500007015,unfairly,020000002,021000003,Politics and society
500007016,unfamiliar,020000001,021000004,Notions
500007017,unfashionable,020000001,021000004,Appearance
500007018,unfit,020000001,021000003,Health
500007019,unfold,020000004,021000003,Politics and society
500007020,unforeseen,020000001,021000004,Notions
500007021,unforgettable,020000001,021000002,Notions
500007022,unfortunate,020000001,021000003,Communication
500007023,unfortunately,020000002,021000002,Communication
500007024,unfriendly,020000001,021000003,People
500007025,ungodly,020000001,021000004,Time and space
500007026,unhappiness,020000003,021000004,People
500007027,unhappy,020000001,021000002,People
500007028,unhealthy,020000001,021000002,Food and drink; Health
500007029,unheard,020000001,021000003,Notions
500007030,unhelpful,020000001,021000004,Leisure
500007031,uniform,020000001,021000002,Appearance; People; Politics and society
500007032,uniform,020000003,021000002,Appearance; People; Politics and society
500007033,unify,020000004,021000003,Politics and society
500007034,unimaginable,020000001,021000004,Notions
500007035,unimaginably,020000002,021000004,Notions
500007036,unimportant,020000001,021000002,Notions
500007037,uninterested,020000001,021000003,People
500007038,uninteresting,020000001,021000003,Notions
500007039,union,020000003,021000003,People
500007040,unique,020000001,021000003,Time and space
500007041,unit,020000003,021000002,Health; Homes and buildings; Science and technology
500007042,unite,020000004,021000003,Politics and society
500007043,united,020000001,021000004,Functions
500007044,universal,020000001,021000004,Politics and society
500007045,universe,020000003,021000003,Time and space
500007046,university,020000003,021000002,People
500007047,unjustly,020000002,021000004,Notions
500007048,unkind,020000001,021000004,Notions
500007049,unknown,020000001,021000002,Notions
500007050,unlike,020000001,021000002,Notions
500007051,unlikely,020000001,021000003,Functions
500007052,unlimited,020000001,021000004,Functions
500007053,unload,020000004,021000004,Travel
500007054,unlock,020000004,021000004,Communication; Science and technology
500007055,unlucky,020000001,021000003,Notions
500007056,unmistakable,020000001,021000004,Notions
500007057,unmistakably,020000002,021000004,Notions
500007058,unnatural,020000001,021000004,Animals
500007059,unnecessary,020000001,021000002,Notions
500007060,unofficial,020000001,021000004,Work and business
500007061,unpack,020000004,021000003,Travel
500007062,unpleasant,020000001,021000002,Notions
500007063,unpopular,020000001,021000004,Politics and society
500007064,unpredictable,020000001,021000003,The natural world
500007065,unrealistic,020000001,021000004,Notions
500007066,unreasonable,020000001,021000004,Notions
500007067,unrelated,020000001,021000003,Notions
500007068,unreliable,020000001,021000004,Notions
500007069,unrest,020000003,021000004,Politics and society
500007070,unsafe,020000001,021000004,Functions
500007071,unsatisfactory,020000001,021000004,Notions
500007072,unselfish,020000001,021000004,Politics and society
500007073,unstoppable,020000001,021000004,Notions
500007074,unsuccessful,020000001,021000004,Notions
500007075,unsuitable,020000001,021000004,Politics and society
500007076,unsure,020000001,021000004,Functions
500007077,untalented,020000001,021000004,Functions
500007078,unthinkably,020000002,021000004,Notions
500007079,untidy,020000001,021000003,Time and space
500007080,untie,020000004,021000004,Notions
500007081,untreated,020000001,021000004,Health
500007082,untrimmed,020000001,021000004,Notions
500007083,unusual,020000001,021000002,Notions
500007084,unusually,020000002,021000003,Communication
500007085,unusualness,020000003,021000004,Notions
500007086,unwanted,020000001,021000003,Notions
500007087,unwell,020000001,021000003,Health
500007088,unwilling,020000001,021000004,Politics and society
500007089,unwise,020000001,021000004,Notions
500007090,unworldly,020000001,021000004,Work and business
500007091,up,020000002,021000002,Homes and buildings
500007092,upbringing,020000003,021000004,People
500007093,update,020000003,021000004,Notions
500007094,update,020000004,021000003,Notions
500007095,upgrade,020000003,021000004,Science and technology
500007096,upgrade,020000004,021000004,Science and technology; Travel
500007097,uplifted,020000001,021000003,People
500007098,upload,020000004,021000003,Science and technology
500007099,upper,020000001,021000003,Health
500007100,upright,020000001,021000004,Appearance; People
500007101,upright,020000002,021000004,Appearance; People
500007102,upset,020000001,021000002,Health; People
500007103,upset,020000004,021000004,Health; People
500007104,upside down,020000001,021000004,Appearance
500007105,upside down,020000002,021000004,Appearance
500007106,upstairs,020000001,021000003,Homes and buildings
500007107,upstairs,020000002,021000002,Homes and buildings
500007108,upstairs,020000003,021000003,Homes and buildings
500007109,up-to-date,020000001,021000003,Notions
500007110,upward,020000001,021000003,Notions
500007111,urban,020000001,021000004,Homes and buildings; The natural world
500007112,urge,020000003,021000003,Functions
500007113,urge,020000004,021000004,Functions
500007114,urgent,020000001,021000003,Notions
500007115,urgently,020000002,021000004,Notions
500007116,usage,020000003,021000003,Communication
500007117,use,020000003,021000002,Science and technology
500007118,use,020000004,021000001,Science and technology
500007119,used,020000001,021000002,Travel
500007120,useful,020000001,021000002,Politics and society
500007121,useless,020000001,021000003,Functions
500007122,user,020000003,021000004,Science and technology
500007123,usher,020000004,021000004,Homes and buildings
500007124,usual,020000001,021000002,Food and drink
500007125,usually,020000002,021000001,Time and space
500007126,utility,020000003,021000004,Science and technology
500007127,utilize/utilise,020000004,021000004,Functions
500007128,utter,020000004,021000004,Notions
500007129,utterly,020000002,021000004,Notions
500007130,vacancy,020000003,021000003,Travel
500007131,vacant,020000001,021000004,Homes and buildings
500007132,vacation,020000003,021000001,People; Travel
500007133,vaccine,020000003,021000004,Health
500007134,vague,020000001,021000003,Appearance
500007135,vain,020000001,021000003,Notions; People
500007136,valentine,020000003,021000004,People
500007137,valid,020000001,021000004,Politics and society
500007138,valley,020000003,021000002,The natural world
500007139,valuable,020000001,021000003,Work and business
500007140,value,020000003,021000002,Leisure; Science and technology
500007141,value,020000004,021000004,Leisure; Science and technology
500007142,van,020000003,021000003,Travel
500007143,vanish,020000004,021000004,Politics and society
500007144,vanity,020000003,021000004,Notions; People
500007145,variation,020000003,021000004,Culture
500007146,varied,020000001,021000004,Notions
500007147,variety,020000003,021000003,Culture
500007148,various,020000001,021000003,Notions
500007149,vary,020000004,021000003,Communication
500007150,vase,020000003,021000001,Homes and buildings
500007151,vast,020000001,021000003,Appearance
500007152,vegetable,020000003,021000001,Food and drink; The natural world
500007153,vegetarian,020000001,021000003,Food and drink
500007154,vegetarian,020000003,021000003,Food and drink
500007155,vehicle,020000003,021000003,Travel
500007156,vein,020000003,021000003,Appearance
500007157,venture,020000003,021000004,Work and business
500007158,venue,020000003,021000004,Notions
500007159,verb,020000003,021000002,Communication
500007160,verbal,020000001,021000004,Communication
500007161,verbally,020000002,021000004,Notions
500007162,verse,020000003,021000004,Culture; Politics and society
500007163,verse,020000004,021000004,Culture; Politics and society
500007164,version,020000003,021000004,Work and business
500007165,very,020000001,021000004,Communication
500007166,very,020000002,021000001,Communication
500007167,vessel,020000003,021000003,Travel
500007168,vet,020000003,021000003,The natural world
500007169,veteran,020000003,021000004,Politics and society
500007170,vibrate,020000004,021000004,Appearance
500007171,vibration,020000003,021000004,Time and space
500007172,vice,020000001,021000003,Functions
500007173,vice president,020000003,021000003,Work and business
500007174,victim,020000003,021000003,Health; Politics and society
500007175,victory,020000003,021000003,Notions; Politics and society; Sport
500007176,video,020000003,021000001,Culture; Science and technology
500007177,video clip,020000003,021000003,Communication; Leisure
500007178,video game,020000003,021000002,Leisure
500007179,view,020000003,021000002,Culture; Functions
500007180,view,020000004,021000003,Culture
500007181,viewer,020000003,021000004,Culture
500007182,viewpoint,020000003,021000003,Culture
500007183,vigor/vigour,020000003,021000004,People
500007184,vigorous,020000001,021000004,People
500007185,vigorously,020000002,021000004,Science and technology
500007186,villa,020000003,021000004,Homes and buildings; Travel
500007187,village,020000003,021000002,The natural world
500007188,villager,020000003,021000004,People
500007189,vinegar,020000003,021000004,Food and drink
500007190,violate,020000004,021000004,Functions; Politics and society
500007191,violence,020000003,021000003,Politics and society
500007192,violent,020000001,021000002,Politics and society
500007193,violently,020000002,021000003,Science and technology
500007194,violin,020000003,021000002,Culture
500007195,virtual,020000001,021000003,Science and technology
500007196,virtual reality,020000003,021000004,Science and technology
500007197,virtually,020000002,021000004,Science and technology
500007198,virtue,020000003,021000004,People
500007199,virus,020000003,021000003,Health; Science and technology
500007200,visa,020000003,021000003,Politics and society; Travel
500007201,visible,020000001,021000003,Functions
500007202,visibly,020000002,021000004,Notions
500007203,vision,020000003,021000003,Politics and society
500007204,visit,020000003,021000001,Communication
500007205,visit,020000004,021000001,Communication
500007206,visitor,020000003,021000002,Travel
500007207,visual,020000001,021000003,Notions
500007208,visually,020000002,021000003,Notions
500007209,vital,020000001,021000004,People
500007210,vitamin,020000003,021000004,Food and drink
500007211,vivid,020000001,021000003,Appearance; Culture
500007212,vividly,020000002,021000003,Notions
500007213,vocabulary,020000003,021000002,Communication
500007214,vocalist,020000003,021000004,Culture
500007215,voice,020000003,021000002,Communication; Culture; Functions
500007216,volcano,020000003,021000003,The natural world
500007217,volleyball,020000003,021000001,Sport
500007218,volume,020000003,021000003,Culture; Science and technology
500007219,volunteer,020000003,021000004,Politics and society
500007220,volunteer,020000004,021000003,Functions; Politics and society
500007221,vomit,020000003,021000004,Health; Travel
500007222,vote,020000003,021000001,Functions; Politics and society
500007223,vote,020000004,021000003,Functions; Politics and society
500007224,voter,020000003,021000004,Politics and society
500007225,vow,020000003,021000004,People
500007226,vowel,020000003,021000003,Communication
500007227,voyage,020000003,021000003,Time and space; Travel
500007228,wage,020000003,021000004,People; Work and business
500007229,wagon/waggon,020000003,021000003,Travel
500007230,waist,020000003,021000004,Appearance
500007231,waistcoat,020000003,021000004,Appearance
500007232,wait,020000003,021000004,Travel
500007233,wait,020000004,021000001,Travel
500007234,waiter,020000003,021000001,Food and drink
500007235,waitress,020000003,021000001,Food and drink
500007236,wake,020000003,021000001,People; Travel
500007237,wake,020000004,021000003,People; Travel
500007238,walk,020000003,021000001,Animals; Health; Sport
500007239,walk,020000004,021000001,Animals; Health; Sport
500007240,walkabout,020000003,021000004,Travel
500007241,walker,020000003,021000004,Health; People
500007242,walking,020000003,021000002,Health; Leisure; Travel
500007243,wall,020000003,021000001,Homes and buildings; Science and technology
500007244,wallboard,020000003,021000004,Homes and buildings
500007245,wallet,020000003,021000002,Appearance
500007246,walnut,020000003,021000004,Food and drink; The natural world
500007247,wander,020000004,021000002,Leisure
500007248,want,020000003,021000004,Functions
500007249,want,020000004,021000001,Functions
500007250,war,020000003,021000001,Politics and society
500007251,ward,020000003,021000003,Health; People
500007252,wardrobe,020000003,021000003,Appearance; Culture; Homes and buildings
500007253,warm,020000001,021000001,Functions; People; The natural world
500007254,warm,020000004,021000003,Food and drink; The natural world
500007255,warmly,020000002,021000003,Notions
500007256,warmth,020000003,021000003,The natural world
500007257,warn,020000004,021000003,Functions
500007258,warning,020000003,021000003,Functions
500007259,warranty,020000003,021000003,Functions; Travel
500007260,warrior,020000003,021000003,Politics and society
500007261,warship,020000003,021000004,Politics and society; Travel
500007262,wartime,020000003,021000004,Politics and society; Time and space
500007263,wash,020000003,021000001,Travel
500007264,wash,020000004,021000001,Homes and buildings
500007265,washbowl,020000003,021000003,Homes and buildings
500007266,washing machine,020000003,021000002,Homes and buildings
500007267,washing-up,020000003,021000002,Food and drink; Homes and buildings
500007268,wasp,020000003,021000004,Animals
500007269,waste,020000001,021000003,The natural world
500007270,waste,020000003,021000003,The natural world
500007271,waste,020000004,021000003,The natural world
500007272,wasteful,020000001,021000003,Functions
500007273,watch,020000003,021000001,Appearance
500007274,watch,020000004,021000001,Culture
500007275,water,020000003,021000001,Food and drink; Travel
500007276,water,020000004,021000004,Homes and buildings; The natural world
500007277,waterfall,020000003,021000003,The natural world
500007278,waterproof,020000001,021000004,Appearance
500007279,wave,020000003,021000002,Appearance; Science and technology
500007280,wave,020000004,021000003,Appearance
500007281,wax,020000003,021000003,Time and space
500007282,wax,020000004,021000003,Time and space
500007283,way,020000003,021000001,Notions
500007284,weak,020000001,021000002,Functions; Health
500007285,weaken,020000004,021000004,Functions; Health
500007286,weakly,020000002,021000004,Notions
500007287,weakness,020000003,021000003,Science and technology
500007288,wealth,020000003,021000002,People
500007289,wealthy,020000001,021000004,Work and business
500007290,weapon,020000003,021000003,Politics and society
500007291,wear,020000004,021000001,Appearance
500007292,wearisome,020000001,021000004,People
500007293,weary,020000001,021000004,People
500007294,weather,020000003,021000001,Culture; The natural world
500007295,weather forecast,020000003,021000003,Culture; The natural world
500007296,weave,020000003,021000004,Communication
500007297,web,020000003,021000002,Animals
500007298,web page,020000003,021000002,Leisure
500007299,webcam,020000003,021000003,Science and technology
500007300,website,020000003,021000002,Communication
500007301,wed,020000004,021000004,Notions
500007302,wedding,020000003,021000002,People; Politics and society
500007303,Wednesday,020000003,021000001,Time and space
500007304,weed,020000003,021000004,Homes and buildings; Politics and society; The natural world
500007305,week,020000003,021000001,Time and space
500007306,weekday,020000003,021000002,Time and space
500007307,weekend,020000003,021000001,Time and space
500007308,weekly,020000001,021000002,Time and space
500007309,weekly,020000002,021000002,Time and space
500007310,weep,020000003,021000002,Notions
500007311,weigh,020000004,021000002,Food and drink; Functions
500007312,weight,020000003,021000002,Appearance; Health; Science and technology
500007313,weird,020000001,021000003,Notions
500007314,welcome,020000001,021000003,Functions
500007315,welcome,020000003,021000004,Functions
500007316,welcome,020000004,021000001,Functions
500007317,welfare,020000003,021000004,Politics and society
500007318,well,020000001,021000001,Health
500007319,well,020000002,021000001,Functions
500007320,well-balanced,020000001,021000004,Politics and society
500007321,well-built,020000001,021000004,Health
500007322,well-dressed,020000001,021000003,Appearance
500007323,well-known,020000001,021000002,Politics and society
500007324,well-organized/well-organised,020000001,021000004,Notions
500007325,well-paid,020000001,021000004,Work and business
500007326,west,020000001,021000002,The natural world
500007327,west,020000002,021000002,The natural world
500007328,west,020000003,021000002,The natural world
500007329,western,020000001,021000004,The natural world
500007330,westward/westwards,020000002,021000003,Time and space
500007331,wet,020000001,021000002,The natural world
500007332,wetland,020000003,021000003,Notions
500007333,whale,020000003,021000003,Animals
500007334,wheat,020000003,021000004,Food and drink; The natural world
500007335,wheel,020000003,021000001,Travel
500007336,wheelchair,020000003,021000002,Health
500007337,when,020000002,021000001,Communication
500007338,whenever,020000002,021000003,Time and space
500007339,where,020000002,021000001,Communication
500007340,while,020000003,021000003,Time and space
500007341,whip,020000004,021000004,Food and drink; Politics and society
500007342,whiskey/whisky,020000003,021000004,Food and drink
500007343,whisper,020000003,021000003,Communication
500007344,whisper,020000004,021000004,Communication
500007345,whistle,020000003,021000003,Sport; Travel
500007346,whistle,020000004,021000004,Culture
500007347,white,020000001,021000001,Appearance; Politics and society
500007348,white,020000003,021000001,Appearance; Food and drink; Politics and society
500007349,whole,020000001,021000002,Time and space
500007350,whole,020000003,021000003,Time and space
500007351,why,020000002,021000001,Communication
500007352,wide,020000001,021000002,Appearance
500007353,wide,020000002,021000002,Appearance
500007354,widely,020000002,021000002,Politics and society
500007355,widen,020000004,021000004,Notions
500007356,widespread,020000001,021000003,Politics and society
500007357,widow,020000003,021000004,People
500007358,width,020000003,021000004,Science and technology; Sport
500007359,wife,020000003,021000001,People
500007360,wild,020000001,021000002,Animals; The natural world
500007361,wilderness,020000003,021000004,Politics and society
500007362,wildlife,020000003,021000003,Animals
500007363,wildly,020000002,021000003,Notions
500007364,will,020000003,021000004,Politics and society
500007365,willing,020000001,021000004,Work and business
500007366,willingly,020000002,021000004,Communication
500007367,willingness,020000003,021000003,Notions
500007368,win,020000003,021000004,Leisure; Notions
500007369,win,020000004,021000001,Leisure; Notions
500007370,wind,020000003,021000001,Culture; The natural world
500007371,wind,020000004,021000004,Travel
500007372,winding,020000001,021000004,Travel
500007373,window,020000003,021000001,Homes and buildings; Leisure; Science and technology
500007374,windscreen,020000003,021000003,Communication; Leisure
500007375,windshield,020000003,021000004,Travel
500007376,windsurfing,020000003,021000003,Sport
500007377,windy,020000001,021000002,The natural world
500007378,wine,020000003,021000002,Food and drink
500007379,wing,020000003,021000003,Animals; Culture; Food and drink; Politics and society; Sport; Travel
500007380,wink,020000003,021000004,Appearance
500007381,winner,020000003,021000002,Leisure; Notions
500007382,winter,020000003,021000001,Time and space
500007383,wipe,020000004,021000004,Science and technology
500007384,wire,020000003,021000003,Science and technology
500007385,wire,020000004,021000004,Science and technology
500007386,wisdom,020000003,021000002,People
500007387,wise,020000001,021000002,People
500007388,wish,020000003,021000001,Communication
500007389,wish,020000004,021000002,Communication
500007390,wit,020000003,021000004,People
500007391,withdraw,020000004,021000004,Work and business
500007392,withdrawal,020000003,021000004,Health; Politics and society
500007393,wither,020000004,021000003,The natural world
500007394,witness,020000003,021000004,Politics and society
500007395,witness,020000004,021000003,Politics and society
500007396,witty,020000001,021000004,People
500007397,wizard,020000001,021000003,Science and technology
500007398,wolf,020000003,021000004,Animals
500007399,woman,020000003,021000001,People; Politics and society
500007400,wonder,020000003,021000003,People
500007401,wonder,020000004,021000002,People
500007402,wonderful,020000001,021000001,People
500007403,wondrous,020000001,021000004,Appearance
500007404,wood,020000003,021000002,Science and technology; Sport; The natural world
500007405,woodcarving,020000003,021000004,Culture; Leisure
500007406,wooden,020000001,021000002,Notions
500007407,wool,020000003,021000002,Animals; Appearance
500007408,word,020000003,021000001,Communication; Politics and society
500007409,wordlessly,020000002,021000004,Notions
500007410,work,020000003,021000001,Culture
500007411,work,020000004,021000001,Culture
500007412,workaholic,020000001,021000004,Notions
500007413,workbench,020000003,021000004,Homes and buildings
500007414,worker,020000003,021000001,People; Work and business
500007415,working,020000001,021000003,Science and technology
500007416,workman,020000003,021000004,People; Work and business
500007417,workout,020000003,021000003,Health
500007418,workplace,020000003,021000003,People; Work and business
500007419,workshop,020000003,021000003,People; Travel; Work and business
500007420,worktable,020000003,021000004,Homes and buildings
500007421,world,020000003,021000001,Leisure
500007422,worldly,020000001,021000004,Notions
500007423,worldview,020000003,021000004,Notions
500007424,worldwide,020000001,021000004,Notions
500007425,worldwide,020000002,021000002,Notions
500007426,worm,020000003,021000004,Animals; Science and technology
500007427,worn,020000001,021000003,People
500007428,wornout/worn out/worn-out,020000001,021000004,People
500007429,worried,020000001,021000002,People
500007430,worry,020000003,021000001,People
500007431,worry,020000004,021000002,People
500007432,worrying,020000001,021000004,Notions
500007433,worse,020000001,021000002,Sport
500007434,worse,020000002,021000002,Sport
500007435,worse,020000003,021000004,Sport
500007436,worsen,020000004,021000004,Time and space
500007437,worship,020000003,021000004,People; Politics and society
500007438,worst,020000001,021000002,Sport
500007439,worst,020000002,021000004,Sport
500007440,worst,020000003,021000003,Sport
500007441,worth,020000001,021000003,Functions
500007442,worthless,020000001,021000004,Notions
500007443,worthwhile,020000001,021000003,Work and business
500007444,worthy,020000001,021000003,Functions
500007445,wound,020000003,021000003,Health; Politics and society
500007446,wound,020000004,021000004,Health; Politics and society
500007447,wrap,020000003,021000003,Communication
500007448,wrap,020000004,021000003,Communication
500007449,wrapping,020000003,021000003,Communication
500007450,wreck,020000003,021000004,Homes and buildings; Travel
500007451,wrist,020000003,021000003,Appearance
500007452,wristwatch,020000003,021000003,Appearance; Travel
500007453,write,020000004,021000001,Culture
500007454,writer,020000003,021000001,Culture
500007455,writing,020000003,021000002,Culture; Leisure
500007456,written,020000001,021000003,People
500007457,wrong,020000001,021000001,People
500007458,wrong,020000002,021000002,People
500007459,wrongly,020000002,021000004,Politics and society
500007460,X-ray,020000003,021000004,Health; Science and technology
500007461,yacht,020000003,021000004,Sport; Travel
500007462,yard,020000003,021000001,Homes and buildings; Science and technology; Travel
500007463,yawn,020000003,021000004,Notions
500007464,yawn,020000004,021000004,Notions
500007465,yeah,020000002,021000002,Communication
500007466,year,020000003,021000001,People; Time and space
500007467,yearn,020000004,021000004,Notions
500007468,yell,020000003,021000003,Health
500007469,yell,020000004,021000004,Health
500007470,yellow,020000001,021000001,Appearance
500007471,yellow,020000003,021000001,Appearance
500007472,yes,020000002,021000001,Communication
500007473,yesterday,020000002,021000001,Time and space
500007474,yet,020000002,021000001,Time and space
500007475,yield,020000004,021000004,Functions; The natural world; Travel
500007476,yoga,020000003,021000003,Leisure; Politics and society
500007477,yogurt/yoghurt/yoghourt,020000003,021000001,Food and drink
500007478,young,020000001,021000001,People
500007479,youth,020000003,021000002,People
500007480,youthful,020000001,021000004,People
500007481,yummy,020000001,021000004,Food and drink
500007482,zebra,020000003,021000004,Animals
500007483,zip,020000003,021000004,Appearance
500007484,zone,020000003,021000002,The natural world
500007485,zoo,020000003,021000001,Leisure
500007486,zoom,020000003,021000004,Notions