id,name,subunit,unit,num_strokes,radical,difficulty_1,difficulty_2,difficulty_3,topic,attribute_on,attribute_kun
800000001,あ,303000001,203000001,3,,,,,,,
800000002,い,303000001,203000001,2,,,,,,,
800000003,う,303000001,203000001,2,,,,,,,
800000004,え,303000001,203000001,2,,,,,,,
800000005,お,303000001,203000001,3,,,,,,,
800000006,か,303000001,203000001,3,,,,,,,
800000007,き,303000001,203000001,4,,,,,,,
800000008,く,303000001,203000001,1,,,,,,,
800000009,け,303000001,203000001,3,,,,,,,
800000010,こ,303000001,203000001,2,,,,,,,
800000011,さ,303000001,203000001,3,,,,,,,
800000012,し,303000001,203000001,1,,,,,,,
800000013,す,303000001,203000001,2,,,,,,,
800000014,せ,303000001,203000001,3,,,,,,,
800000015,そ,303000001,203000001,1,,,,,,,
800000016,た,303000001,203000001,4,,,,,,,
800000017,ち,303000001,203000001,2,,,,,,,
800000018,つ,303000001,203000001,1,,,,,,,
800000019,て,303000001,203000001,1,,,,,,,
800000020,と,303000001,203000001,2,,,,,,,
800000021,な,303000001,203000001,4,,,,,,,
800000022,に,303000001,203000001,3,,,,,,,
800000023,ぬ,303000001,203000001,2,,,,,,,
800000024,ね,303000001,203000001,2,,,,,,,
800000025,の,303000001,203000001,1,,,,,,,
800000026,は,303000001,203000001,3,,,,,,,
800000027,ひ,303000001,203000001,1,,,,,,,
800000028,ふ,303000001,203000001,4,,,,,,,
800000029,へ,303000001,203000001,1,,,,,,,
800000030,ほ,303000001,203000001,4,,,,,,,
800000031,ま,303000001,203000001,3,,,,,,,
800000032,み,303000001,203000001,2,,,,,,,
800000033,む,303000001,203000001,3,,,,,,,
800000034,め,303000001,203000001,2,,,,,,,
800000035,も,303000001,203000001,3,,,,,,,
800000036,や,303000001,203000001,3,,,,,,,
800000037,ゆ,303000001,203000001,2,,,,,,,
800000038,よ,303000001,203000001,2,,,,,,,
800000039,ら,303000001,203000001,2,,,,,,,
800000040,り,303000001,203000001,2,,,,,,,
800000041,る,303000001,203000001,1,,,,,,,
800000042,れ,303000001,203000001,2,,,,,,,
800000043,ろ,303000001,203000001,1,,,,,,,
800000044,わ,303000001,203000001,2,,,,,,,
800000045,を,303000001,203000001,3,,,,,,,
800000046,きゃ,303000002,203000001,,,,,,,,
800000047,きゅ,303000002,203000001,,,,,,,,
800000048,きょ,303000002,203000001,,,,,,,,
800000049,しゃ,303000002,203000001,,,,,,,,
800000050,しゅ,303000002,203000001,,,,,,,,
800000051,しょ,303000002,203000001,,,,,,,,
800000052,ちゃ,303000002,203000001,,,,,,,,
800000053,ちゅ,303000002,203000001,,,,,,,,
800000054,ちょ,303000002,203000001,,,,,,,,
800000055,にゃ,303000002,203000001,,,,,,,,
800000056,にゅ,303000002,203000001,,,,,,,,
800000057,にょ,303000002,203000001,,,,,,,,
800000058,ひゃ,303000002,203000001,,,,,,,,
800000059,ひゅ,303000002,203000001,,,,,,,,
800000060,ひょ,303000002,203000001,,,,,,,,
800000061,みゃ,303000002,203000001,,,,,,,,
800000062,みゅ,303000002,203000001,,,,,,,,
800000063,みょ,303000002,203000001,,,,,,,,
800000064,りゃ,303000002,203000001,,,,,,,,
800000065,りゅ,303000002,203000001,,,,,,,,
800000066,りょ,303000002,203000001,,,,,,,,
800000067,っ,303000003,203000001,1,,,,,,,
800000068,ん,303000004,203000001,1,,,,,,,
800000069,あ,303000005,203000001,,,,,,,,
800000070,い,303000005,203000001,,,,,,,,
800000071,う,303000005,203000001,,,,,,,,
800000072,え,303000005,203000001,,,,,,,,
800000073,お,303000005,203000001,,,,,,,,
800000074,が,303000006,203000001,5,,,,,,,
800000075,ぎ,303000006,203000001,6,,,,,,,
800000076,ぐ,303000006,203000001,3,,,,,,,
800000077,げ,303000006,203000001,5,,,,,,,
800000078,ご,303000006,203000001,4,,,,,,,
800000079,ざ,303000006,203000001,5,,,,,,,
800000080,じ,303000006,203000001,3,,,,,,,
800000081,ず,303000006,203000001,4,,,,,,,
800000082,ぜ,303000006,203000001,5,,,,,,,
800000083,ぞ,303000006,203000001,3,,,,,,,
800000084,だ,303000006,203000001,6,,,,,,,
800000085,ぢ,303000006,203000001,4,,,,,,,
800000086,づ,303000006,203000001,3,,,,,,,
800000087,で,303000006,203000001,3,,,,,,,
800000088,ど,303000006,203000001,4,,,,,,,
800000089,ば,303000006,203000001,5,,,,,,,
800000090,び,303000006,203000001,3,,,,,,,
800000091,ぶ,303000006,203000001,6,,,,,,,
800000092,べ,303000006,203000001,3,,,,,,,
800000093,ぼ,303000006,203000001,6,,,,,,,
800000094,ぱ,303000007,203000001,4,,,,,,,
800000095,ぴ,303000007,203000001,2,,,,,,,
800000096,ぷ,303000007,203000001,5,,,,,,,
800000097,ぺ,303000007,203000001,2,,,,,,,
800000098,ぽ,303000007,203000001,5,,,,,,,
800000099,ぎゃ,303000008,203000001,,,,,,,,
800000100,ぎゅ,303000008,203000001,,,,,,,,
800000101,ぎょ,303000008,203000001,,,,,,,,
800000102,じゃ,303000008,203000001,,,,,,,,
800000103,じゅ,303000008,203000001,,,,,,,,
800000104,じょ,303000008,203000001,,,,,,,,
800000105,ぢゃ,303000008,203000001,,,,,,,,
800000106,ぢゅ,303000008,203000001,,,,,,,,
800000107,ぢょ,303000008,203000001,,,,,,,,
800000108,びゃ,303000008,203000001,,,,,,,,
800000109,びゅ,303000008,203000001,,,,,,,,
800000110,びょ,303000008,203000001,,,,,,,,
800000111,ぴゃ,303000009,203000001,,,,,,,,
800000112,ぴゅ,303000009,203000001,,,,,,,,
800000113,ぴょ,303000009,203000001,,,,,,,,
800000114,ア,303000001,203000002,2,,,,,,,
800000115,イ,303000001,203000002,2,,,,,,,
800000116,ウ,303000001,203000002,3,,,,,,,
800000117,エ,303000001,203000002,3,,,,,,,
800000118,オ,303000001,203000002,3,,,,,,,
800000119,カ,303000001,203000002,2,,,,,,,
800000120,キ,303000001,203000002,3,,,,,,,
800000121,ク,303000001,203000002,2,,,,,,,
800000122,ケ,303000001,203000002,3,,,,,,,
800000123,コ,303000001,203000002,2,,,,,,,
800000124,サ,303000001,203000002,3,,,,,,,
800000125,シ,303000001,203000002,3,,,,,,,
800000126,ス,303000001,203000002,2,,,,,,,
800000127,セ,303000001,203000002,2,,,,,,,
800000128,ソ,303000001,203000002,2,,,,,,,
800000129,タ,303000001,203000002,3,,,,,,,
800000130,チ,303000001,203000002,3,,,,,,,
800000131,ツ,303000001,203000002,3,,,,,,,
800000132,テ,303000001,203000002,3,,,,,,,
800000133,ト,303000001,203000002,2,,,,,,,
800000134,ナ,303000001,203000002,2,,,,,,,
800000135,ニ,303000001,203000002,2,,,,,,,
800000136,ヌ,303000001,203000002,2,,,,,,,
800000137,ネ,303000001,203000002,4,,,,,,,
800000138,ノ,303000001,203000002,1,,,,,,,
800000139,ハ,303000001,203000002,2,,,,,,,
800000140,ヒ,303000001,203000002,2,,,,,,,
800000141,フ,303000001,203000002,1,,,,,,,
800000142,へ,303000001,203000002,1,,,,,,,
800000143,ホ,303000001,203000002,4,,,,,,,
800000144,マ,303000001,203000002,2,,,,,,,
800000145,ミ,303000001,203000002,3,,,,,,,
800000146,ム,303000001,203000002,2,,,,,,,
800000147,メ,303000001,203000002,2,,,,,,,
800000148,モ,303000001,203000002,3,,,,,,,
800000149,ヤ,303000001,203000002,2,,,,,,,
800000150,ユ,303000001,203000002,2,,,,,,,
800000151,ヨ,303000001,203000002,3,,,,,,,
800000152,ラ,303000001,203000002,2,,,,,,,
800000153,リ,303000001,203000002,2,,,,,,,
800000154,ル,303000001,203000002,2,,,,,,,
800000155,レ,303000001,203000002,1,,,,,,,
800000156,ロ,303000001,203000002,3,,,,,,,
800000157,ワ,303000001,203000002,2,,,,,,,
800000158,ヲ,303000001,203000002,3,,,,,,,
800000159,キャ,303000002,203000002,,,,,,,,
800000160,キュ,303000002,203000002,,,,,,,,
800000161,キョ,303000002,203000002,,,,,,,,
800000162,シャ,303000002,203000002,,,,,,,,
800000163,シュ,303000002,203000002,,,,,,,,
800000164,ショ,303000002,203000002,,,,,,,,
800000165,チャ,303000002,203000002,,,,,,,,
800000166,チュ,303000002,203000002,,,,,,,,
800000167,チョ,303000002,203000002,,,,,,,,
800000168,ニャ,303000002,203000002,,,,,,,,
800000169,ニュ,303000002,203000002,,,,,,,,
800000170,ニョ,303000002,203000002,,,,,,,,
800000171,ヒャ,303000002,203000002,,,,,,,,
800000172,ヒュ,303000002,203000002,,,,,,,,
800000173,ヒョ,303000002,203000002,,,,,,,,
800000174,ミャ,303000002,203000002,,,,,,,,
800000175,ミュ,303000002,203000002,,,,,,,,
800000176,ミョ,303000002,203000002,,,,,,,,
800000177,リャ,303000002,203000002,,,,,,,,
800000178,リュ,303000002,203000002,,,,,,,,
800000179,リョ,303000002,203000002,,,,,,,,
800000180,ッ,303000003,203000002,3,,,,,,,
800000181,ン,303000004,203000002,2,,,,,,,
800000182,ー,303000005,203000002,,,,,,,,
800000183,ー,303000005,203000002,,,,,,,,
800000184,ー,303000005,203000002,,,,,,,,
800000185,ー,303000005,203000002,,,,,,,,
800000186,ー,303000005,203000002,,,,,,,,
800000187,ガ,303000006,203000002,4,,,,,,,
800000188,ギ,303000006,203000002,5,,,,,,,
800000189,グ,303000006,203000002,4,,,,,,,
800000190,ゲ,303000006,203000002,5,,,,,,,
800000191,ゴ,303000006,203000002,4,,,,,,,
800000192,ザ,303000006,203000002,5,,,,,,,
800000193,ジ,303000006,203000002,5,,,,,,,
800000194,ズ,303000006,203000002,4,,,,,,,
800000195,ゼ,303000006,203000002,4,,,,,,,
800000196,ゾ,303000006,203000002,4,,,,,,,
800000197,ダ,303000006,203000002,5,,,,,,,
800000198,ヂ,303000006,203000002,5,,,,,,,
800000199,ヅ,303000006,203000002,5,,,,,,,
800000200,デ,303000006,203000002,5,,,,,,,
800000201,ド,303000006,203000002,4,,,,,,,
800000202,バ,303000006,203000002,4,,,,,,,
800000203,ビ,303000006,203000002,4,,,,,,,
800000204,ブ,303000006,203000002,3,,,,,,,
800000205,ベ,303000006,203000002,3,,,,,,,
800000206,ボ,303000006,203000002,6,,,,,,,
800000207,パ,303000007,203000002,3,,,,,,,
800000208,ピ,303000007,203000002,3,,,,,,,
800000209,プ,303000007,203000002,2,,,,,,,
800000210,ペ,303000007,203000002,2,,,,,,,
800000211,ポ,303000007,203000002,5,,,,,,,
800000212,ギャ,303000008,203000002,,,,,,,,
800000213,ギュ,303000008,203000002,,,,,,,,
800000214,ギョ,303000008,203000002,,,,,,,,
800000215,ジャ,303000008,203000002,,,,,,,,
800000216,ジュ,303000008,203000002,,,,,,,,
800000217,ジョ,303000008,203000002,,,,,,,,
800000218,ヂャ,303000008,203000002,,,,,,,,
800000219,ヂュ,303000008,203000002,,,,,,,,
800000220,ヂョ,303000008,203000002,,,,,,,,
800000221,ビャ,303000008,203000002,,,,,,,,
800000222,ビュ,303000008,203000002,,,,,,,,
800000223,ビョ,303000008,203000002,,,,,,,,
800000224,ピャ,303000009,203000002,,,,,,,,
800000225,ピュ,303000009,203000002,,,,,,,,
800000226,ピョ,303000009,203000002,,,,,,,,
800000227,厳,,203000003,17,030000204,031000006,000000006,031000017,,ゲン・ゴン,きび（しい）・おごそ（か）
800000228,単,,203000003,9,030000204,031000004,000000004,031000015,,タン,-
800000229,巣,,203000003,11,030000204,031000004,000000004,031000017,,ソウ,す
800000230,装,,203000003,12,030000024,031000006,000000006,031000016,,ソウ・ショウ,よそお（い）
800000231,裏,,203000003,13,030000024,031000006,000000006,031000016,,リ,うら
800000232,補,,203000003,12,030000024,031000006,000000006,031000016,,ホ,おぎな（う）
800000233,裁,,203000003,12,030000024,031000006,000000006,031000017,,サイ,さば（く）・た（つ）
800000234,複,,203000003,14,030000024,031000005,000000005,031000016,,フク,-
800000235,製,,203000003,14,030000024,031000005,000000005,031000017,,セイ,-
800000236,衣,,203000003,6,030000024,031000004,000000004,031000016,,イ,ころも
800000237,表,,203000003,8,030000024,031000003,000000003,031000015,,ヒョウ,おもて・あらわ（れる）
800000238,袋,,203000003,11,030000024,,,031000016,,タイ,ふくろ
800000239,被,,203000003,10,030000024,,,031000016,,ヒ,こうむ(る)
800000240,衰,,203000003,10,030000024,,,031000017,,スイ,おとろ(える)
800000241,衷,,203000003,10,030000024,,,031000017,,チュウ,-
800000242,裂,,203000003,12,030000024,,,031000017,,レツ,さ(く)・さ(ける)
800000243,裕,,203000003,12,030000024,,,031000017,,ユウ,-
800000244,裸,,203000003,13,030000024,,,031000017,,ラ,はだか
800000245,褐,,203000003,13,030000024,,,031000017,,カツ,-
800000246,褒,,203000003,15,030000024,,,031000017,,ホウ,ほ(める)
800000247,襟,,203000003,18,030000024,,,031000017,,キン,えり
800000248,襲,,203000003,22,030000024,,,031000017,,シュウ,おそ(う)
800000249,並,,203000003,8,030000042,031000006,000000006,031000016,,ヘイ,なみ・なら（べる）
800000250,不,,203000003,4,030000042,031000004,000000004,031000014,,フ・ブ,-
800000251,世,,203000003,5,030000042,031000003,000000003,031000014,,セイ・セ,よ
800000252,両,,203000003,6,030000042,031000003,000000003,031000015,,リョウ,-
800000253,丁,,203000003,2,030000042,031000003,000000003,031000017,,チョウ,-
800000254,万,,203000003,3,030000042,031000002,000000002,031000013,032000001,バン・マン,よろず
800000255,一,,203000003,1,030000042,031000001,000000001,031000013,032000001,イチ・イツ,ひと（つ）
800000256,三,,203000003,3,030000042,031000001,000000001,031000013,032000001,サン,みっ（つ）
800000257,七,,203000003,2,030000042,031000001,000000001,031000013,032000001,シチ,なな（つ）・なな
800000258,上,,203000003,3,030000042,031000001,000000001,031000013,032000025,ジョウ・ショウ,うえ・うわ・かみ・あ（げる）・のぼ（る）
800000259,下,,203000003,3,030000042,031000001,000000001,031000013,032000025,カ・ゲ,した・くだ（る）・くだ（さる）・さ（がる）・しも・もと・お（りる）
800000260,与,,203000003,3,030000042,,,031000015,032000009,ヨ,あた(える)
800000261,且,,203000003,5,030000042,,,031000017,,ショウ,かつ
800000262,丘,,203000003,5,030000042,,,031000017,,キュウ,おか
800000263,丙,,203000003,5,030000042,,,031000017,,ヘイ,-
800000264,翌,,203000003,11,030000082,031000006,000000006,031000016,,ヨク,-
800000265,習,,203000003,11,030000082,031000003,000000003,031000014,032000009,シュウ,なら（う）
800000266,羽,,203000003,6,030000082,031000002,000000002,031000016,,ウ,は・はね
800000267,翁,,203000003,10,030000082,,,031000017,,オウ,おきな
800000268,翻,,203000003,18,030000082,,,031000017,,ホン,ひるが(える)・ひるが(えす)
800000269,翼,,203000003,17,030000082,,,031000017,,ヨク,つばさ
800000270,雪,,203000003,11,030000044,031000002,000000002,031000014,032000005,セツ,ゆき
800000271,電,,203000003,13,030000044,031000002,000000002,031000013,032000004,デン,-
800000272,雲,,203000003,12,030000044,031000002,000000002,031000015,,ウン,くも
800000273,雨,,203000003,8,030000044,031000001,000000001,031000013,032000005,ウ,あめ・あま
800000274,零,,203000003,13,030000044,,,031000016,,レイ,ぜろ・こぼ（れる）
800000275,震,,203000003,15,030000044,,,031000016,,シン,ふる(える)
800000276,雰,,203000003,12,030000044,,,031000017,,フン,-
800000277,雷,,203000003,13,030000044,,,031000017,,ライ,かみなり
800000278,需,,203000003,14,030000044,,,031000017,,ジュ,-
800000279,霜,,203000003,17,030000044,,,031000017,,ソウ,しも
800000280,霧,,203000003,19,030000044,,,031000017,,ム,きり
800000281,露,,203000003,21,030000044,,,031000017,,ロ、ロウ,つゆ
800000282,興,,203000003,16,030000103,031000005,000000005,031000017,,コウ・キョウ,おこ（す）
800000283,黄,,203000003,11,,031000002,000000002,031000014,032000006,コウ・オウ,き
800000284,乱,,203000003,7,030000074,031000006,000000006,031000016,,ラン,みだ（れる）
800000285,乳,,203000003,8,030000074,031000006,000000006,031000016,,ニュウ,ちち
800000286,九,,203000003,2,030000074,031000001,000000001,031000013,032000001,キュウ・ク,ここの（つ）
800000287,乾,,203000003,11,030000074,,,031000016,,カン,かわ(く)・かわ(かす)
800000288,乙,,203000003,1,030000074,,,031000017,,オツ・イツ,-
800000289,音,,203000003,9,030000124,031000001,000000001,031000014,,オン・イン,おと
800000290,韻,,203000003,19,030000124,,,031000017,,イン,-
800000291,響,,203000003,20,030000124,,,031000017,,キョウ,ひび(く)
800000292,灰,,203000003,6,030000020,031000006,000000006,031000016,,カイ,はい
800000293,熟,,203000003,15,030000020,031000006,000000006,031000017,,ジュク,う（れる）
800000294,営,,203000003,12,030000020,031000005,000000005,031000016,,エイ,いとな（む）
800000295,燃,,203000003,16,030000020,031000005,000000005,031000016,,ネン,も（える）
800000296,災,,203000003,7,030000020,031000005,000000005,031000017,,サイ,わざわい
800000297,然,,203000003,12,030000020,031000004,000000004,031000015,,ゼン・ネン,-
800000298,熱,,203000003,15,030000020,031000004,000000004,031000015,,ネツ,あつ（い）
800000299,灯,,203000003,6,030000020,031000004,000000004,031000016,,トウ,あか（り）
800000300,無,,203000003,12,030000020,031000004,000000004,031000016,,ム・ブ,な（し）・な（い）
800000301,照,,203000003,13,030000020,031000004,000000004,031000016,,ショウ,て（らす）・て（る）
800000302,焼,,203000003,12,030000020,031000004,000000004,031000016,,ショウ,や（く）・や（ける）
800000303,熊,,203000003,14,030000020,031000004,000000004,,,-,くま
800000304,炭,,203000003,9,030000020,031000003,000000003,031000016,,タン,すみ
800000305,点,,203000003,9,030000020,031000002,000000002,031000015,,テン,つ(ける)・とも(す)
800000306,火,,203000003,4,030000020,031000001,000000001,031000013,032000002,カ,ひ・ほ
800000307,煙,,203000003,13,030000020,,,031000015,,エン,けむり
800000308,燥,,203000003,16,030000020,,,031000016,,ソウ,-
800000309,爆,,203000003,19,030000020,,,031000016,,バク,-
800000310,炉,,203000003,8,030000020,,,031000017,,ロ,いろり
800000311,炊,,203000003,8,030000020,,,031000017,,スイ,た・く
800000312,炎,,203000003,8,030000020,,,031000017,,エン,ほのお
800000313,烈,,203000003,10,030000020,,,031000017,,レツ,はげ(しい)
800000314,焦,,203000003,12,030000020,,,031000017,,ショウ,こ(げる)・こ(がす)・こ(がれる)・あせ(る)
800000315,煩,,203000003,13,030000020,,,031000017,,ハン・ボン,わずら(う)・わずら(わす)
800000316,煮,,203000003,12,030000020,,,031000017,,シャ,に(る)・に(える)
800000317,為,,203000003,9,030000020,,,031000017,,イ,ため・な(る)・な(す)
800000318,私,,203000003,7,030000023,031000006,000000006,031000013,032000003,シ,わたし・わたくし
800000319,穀,,203000003,14,030000023,031000006,000000006,031000017,,コク,-
800000320,程,,203000003,12,030000023,031000005,000000005,031000015,,テイ,ほど
800000321,移,,203000003,11,030000023,031000005,000000005,031000016,,イ,うつ（す）・うつ（る）
800000322,税,,203000003,12,030000023,031000005,000000005,031000016,,ゼイ,-
800000323,種,,203000003,14,030000023,031000004,000000004,031000015,,シュ,たね
800000324,積,,203000003,16,030000023,031000004,000000004,031000015,,セキ,つ（もる）・つ（む）
800000325,秒,,203000003,9,030000023,031000003,000000003,031000016,,ビョウ,-
800000326,秋,,203000003,9,030000023,031000002,000000002,031000014,032000020,シュウ,あき
800000327,科,,203000003,9,030000023,031000002,000000002,031000015,,カ,-
800000328,秀,,203000003,7,030000023,,,031000017,,シュウ,ひで
800000329,租,,203000003,10,030000023,,,031000017,,ソ,-
800000330,秩,,203000003,10,030000023,,,031000017,,チツ,-
800000331,称,,203000003,10,030000023,,,031000017,,ショウ,たた(える)
800000332,稚,,203000003,13,030000023,,,031000017,,チ,いとけな(い)
800000333,稲,,203000003,14,030000023,,,031000017,,トウ,いね・いな
800000334,稼,,203000003,15,030000023,,,031000017,,カ,かせ(ぐ)
800000335,稿,,203000003,15,030000023,,,031000017,,コウ,-
800000336,穂,,203000003,15,030000023,,,031000017,,スイ,ほ
800000337,穏,,203000003,16,030000023,,,031000017,,オン,おだ(やか)
800000338,穫,,203000003,18,030000023,,,031000017,,カク,か(る)
800000339,貴,,203000003,12,030000013,031000006,000000006,031000017,,キ,とうと（い）・たっと（い）
800000340,賃,,203000003,13,030000013,031000006,000000006,031000017,,チン,-
800000341,貸,,203000003,12,030000013,031000005,000000005,031000014,032000009,タイ,か（す）
800000342,質,,203000003,15,030000013,031000005,000000005,031000014,,シツ・シチ,-
800000343,財,,203000003,10,030000013,031000005,000000005,031000015,,ザイ・サイ,-
800000344,貧,,203000003,11,030000013,031000005,000000005,031000015,,ヒン・ビン,まず（しい）
800000345,責,,203000003,11,030000013,031000005,000000005,031000015,,セキ,せ（める）
800000346,費,,203000003,12,030000013,031000005,000000005,031000015,,ヒ,つい（やす）
800000347,資,,203000003,13,030000013,031000005,000000005,031000015,,シ,-
800000348,賛,,203000003,15,030000013,031000005,000000005,031000015,,サン,-
800000349,貯,,203000003,12,030000013,031000005,000000005,031000016,,チョ,た（める）
800000350,貿,,203000003,12,030000013,031000005,000000005,031000016,,ボウ,-
800000351,賞,,203000003,15,030000013,031000005,000000005,031000016,,ショウ,-
800000352,賀,,203000003,12,030000013,031000004,000000004,031000017,,ガ,-
800000353,貨,,203000003,11,030000013,031000004,000000004,031000016,,カ,-
800000354,負,,203000003,9,030000013,031000003,000000003,031000015,,フ,ま（ける）
800000355,買,,203000003,12,030000013,031000002,000000002,031000013,032000009,バイ,か（う）
800000356,売,,203000003,7,030000013,031000002,000000002,031000014,032000009,バイ,う（る）・う（れる）
800000357,貝,,203000003,7,030000013,031000001,000000001,031000016,,バイ,かい
800000358,販,,203000003,11,030000013,,,031000016,,ハン,-
800000359,賢,,203000003,16,030000013,,,031000016,,ケン,かしこ(い)
800000360,贈,,203000003,18,030000013,,,031000016,,ゾウ・ソウ,おく(る)
800000361,貞,,203000003,9,030000013,,,031000017,,テイ,-
800000362,貢,,203000003,10,030000013,,,031000017,,コウ、ク,みつ(ぐ)
800000363,貫,,203000003,11,030000013,,,031000017,,カン,つらぬ(く)
800000364,賄,,203000003,13,030000013,,,031000017,,ワイ,まかな(う)
800000365,賊,,203000003,13,030000013,,,031000017,,ゾク,-
800000366,賓,,203000003,15,030000013,,,031000017,,ヒン,-
800000367,賜,,203000003,15,030000013,,,031000017,,シ,たまわ(る)
800000368,賠,,203000003,15,030000013,,,031000017,,バイ,-
800000369,賦,,203000003,15,030000013,,,031000017,,フ,-
800000370,購,,203000003,17,030000013,,,031000017,,コウ,-
800000371,解,,203000003,13,030000123,031000005,000000005,031000015,,カイ・ゲ,と（く）
800000372,角,,203000003,7,030000123,031000002,000000002,031000015,,カク,かど・つの
800000373,触,,203000003,13,030000123,,,031000016,,ショク,ふ(れる)
800000374,革,,203000003,8,030000152,031000006,000000006,031000016,,カク,かわ・あらた（まる）
800000375,靴,,203000003,13,030000152,,,031000015,,カ,くつ
800000376,瓶,,203000003,11,030000136,,,031000016,,ビン,-
800000377,干,,203000003,3,030000087,031000006,000000006,031000016,,カン,ほ（す）・ひ（る）
800000378,幹,,203000003,13,030000087,031000005,000000005,031000017,,カン,みき
800000379,平,,203000003,5,030000087,031000003,000000003,031000015,,ヘイ・ビョウ,たいら
800000380,幸,,203000003,8,030000087,031000003,000000003,031000015,,コウ,しあわ（せ）・さいわ（い）
800000381,年,,203000003,6,030000087,031000001,000000001,031000013,032000002,ネン,とし
800000382,甘,,203000003,5,030000137,,,031000016,,カン,あま(い)・あま(やかす)
800000383,甚,,203000003,9,030000137,,,031000017,,ジン,はなは(だ)
800000384,缶,,203000003,6,030000141,,,031000016,,カン,-
800000385,鬼,,203000003,10,030000108,,,031000017,,キ,おに
800000386,魂,,203000003,14,030000108,,,031000017,,コン,たましい・たま
800000387,魅,,203000003,15,030000108,,,031000017,,ミ,-
800000388,魔,,203000003,21,030000108,,,031000017,,マ,-
800000389,張,,203000003,11,030000049,031000005,000000005,031000017,,チョウ,は（る）
800000390,強,,203000003,11,030000049,031000002,000000002,031000014,032000013,キョウ・ゴウ,つよ（い）・し（いる）
800000391,弱,,203000003,10,030000049,031000002,000000002,031000014,032000013,ジャク,よわ（い）
800000392,弟,,203000003,7,030000049,031000002,000000002,031000014,032000019,ダイ,おとうと
800000393,引,,203000003,4,030000049,031000002,000000002,031000014,032000009,イン,ひ（く）
800000394,弓,,203000003,3,030000049,031000002,000000002,031000017,,キュウ,ゆみ
800000395,弔,,203000003,4,030000049,,,031000017,,チョウ,とむら(う)
800000396,弦,,203000003,8,030000049,,,031000017,,ゲン,つる
800000397,弧,,203000003,9,030000049,,,031000017,,コ,-
800000398,弾,,203000003,12,030000049,,,031000017,,ダン,ひ(く)・たま
800000399,特,,203000003,10,030000078,031000004,000000004,031000014,032000013,トク,-
800000400,牧,,203000003,8,030000078,031000004,000000004,031000017,,ボク,まき
800000401,物,,203000003,8,030000078,031000003,000000003,031000014,032000024,ブツ,もの
800000402,牛,,203000003,4,030000078,031000002,000000002,031000013,032000012,ギュウ,うし
800000403,牲,,203000003,9,030000078,,,031000017,,セイ,-
800000404,犠,,203000003,20,030000078,,,031000017,,ギ,-
800000405,魚,,203000003,11,030000125,031000002,000000002,031000014,,ギョ,さかな
800000406,鮮,,203000003,17,030000125,,,031000017,,セン,あざ(やか)
800000407,鯨,,203000003,19,030000125,,,031000017,,ゲイ,くじら
800000408,班,,203000003,10,030000037,031000006,000000006,031000017,,ハン,-
800000409,現,,203000003,11,030000037,031000005,000000005,031000015,,ゲン,あらわ（れる）
800000410,球,,203000003,11,030000037,031000003,000000003,031000015,,キュウ,たま
800000411,理,,203000003,11,030000037,031000002,000000002,031000014,,リ,ことわり
800000412,王,,203000003,4,030000037,031000001,000000001,031000014,,オウ,-
800000413,玉,,203000003,5,030000037,031000001,000000001,031000016,,ギョク,たま
800000414,珍,,203000003,10,030000037,,,031000016,,チン,めずら(しい)
800000415,珠,,203000003,10,030000037,,,031000017,,シュ,たま
800000416,琴,,203000003,12,030000037,,,031000017,,キン,こと
800000417,環,,203000003,17,030000037,,,031000017,,カン,わ
800000418,幕,,203000003,13,030000034,031000006,000000006,031000017,,マク・バク,-
800000419,師,,203000003,10,030000034,031000005,000000005,031000015,,シ,-
800000420,常,,203000003,11,030000034,031000005,000000005,031000015,,ジョウ,つね・とこ
800000421,布,,203000003,5,030000034,031000005,000000005,031000016,,フ,ぬの
800000422,席,,203000003,10,030000034,031000004,000000004,031000015,,セキ,-
800000423,希,,203000003,7,030000034,031000004,000000004,031000016,,キ,-
800000424,帯,,203000003,10,030000034,031000004,000000004,031000016,,タイ,おび
800000425,帳,,203000003,11,030000034,031000003,000000003,031000017,,チョウ,-
800000426,市,,203000003,5,030000034,031000002,000000002,031000014,032000011,シ,いち
800000427,帰,,203000003,10,030000034,031000002,000000002,031000014,032000009,キ,かえ（る）
800000428,帽,,203000003,12,030000034,,,031000016,,ボウ,-
800000429,幅,,203000003,12,030000034,,,031000016,,フク,はば
800000430,帆,,203000003,6,030000034,,,031000017,,ハン,ほ
800000431,帝,,203000003,9,030000034,,,031000017,,テイ,みかど
800000432,帥,,203000003,9,030000034,,,031000017,,スイ,-
800000433,幣,,203000003,15,030000034,,,031000017,,ヘイ,ぜに・ぬさ
800000434,断,,203000003,11,030000089,031000005,000000005,031000015,,ダン,ことわ（る）
800000435,新,,203000003,13,030000089,031000002,000000002,031000013,032000016,シン,あたら（しい）・あら（た）
800000436,斤,,203000003,4,030000089,,,031000017,,キン,-
800000437,斥,,203000003,5,030000089,,,031000017,,セキ,しりぞ(ける)
800000438,針,,203000003,10,030000017,031000006,000000006,031000016,,シン,はり
800000439,銭,,203000003,14,030000017,031000006,000000006,031000017,,セン,ぜに
800000440,鋼,,203000003,16,030000017,031000006,000000006,031000017,,コウ,はがね
800000441,鉱,,203000003,13,030000017,031000005,000000005,031000016,,コウ,-
800000442,銅,,203000003,14,030000017,031000005,000000005,031000016,,ドウ,-
800000443,録,,203000003,16,030000017,031000004,000000004,031000016,,ロク,-
800000444,鏡,,203000003,19,030000017,031000004,000000004,031000017,,キョウ,かがみ
800000445,銀,,203000003,14,030000017,031000003,000000003,031000014,,ギン,-
800000446,鉄,,203000003,13,030000017,031000003,000000003,031000016,,テツ,-
800000447,金,,203000003,8,030000017,031000001,000000001,031000013,032000002,キン・コン,かね・かな
800000448,鈍,,203000003,12,030000017,,,031000016,,ドン,にぶ(い)・にぶ(る)
800000449,鋭,,203000003,15,030000017,,,031000016,,エイ,するど(い)
800000450,釣,,203000003,11,030000017,,,031000017,,チョウ,つ(る)・つ(り)
800000451,鈴,,203000003,13,030000017,,,031000017,,レイ、リン,すず
800000452,鉛,,203000003,13,030000017,,,031000017,,エン,なまり
800000453,鉢,,203000003,13,030000017,,,031000017,,ハチ、ハツ,-
800000454,銃,,203000003,14,030000017,,,031000017,,ジュウ,-
800000455,銑,,203000003,14,030000017,,,031000017,,セン,-
800000456,銘,,203000003,14,030000017,,,031000017,,メイ,-
800000457,鋳,,203000003,15,030000017,,,031000017,,チュウ,い(る)
800000458,錘,,203000003,16,030000017,,,031000017,,スイ,つむ・おもり
800000459,錠,,203000003,16,030000017,,,031000017,,ジョウ,-
800000460,錬,,203000003,16,030000017,,,031000017,,レン,ね(り) ・ね(る)
800000461,錯,,203000003,16,030000017,,,031000017,,サク,-
800000462,鍛,,203000003,17,030000017,,,031000017,,タン,きた(える)
800000463,鎖,,203000003,18,030000017,,,031000017,,サ,くさり
800000464,鎮,,203000003,18,030000017,,,031000017,,チン,しず(める) ・しず(まる)
800000465,鐘,,203000003,20,030000017,,,031000017,,ショウ,かね
800000466,鑑,,203000003,23,030000017,,,031000017,,カン,かんが(みる)
800000467,欲,,203000003,11,030000068,031000006,000000006,031000015,,ヨク,ほ（しい）
800000468,欠,,203000003,4,030000068,031000004,000000004,031000015,,ケツ,か（ける）・か（く）
800000469,次,,203000003,6,030000068,031000003,000000003,031000015,,ジ・シ,つぎ・つ（ぐ）
800000470,歌,,203000003,14,030000068,031000002,000000002,031000014,032000009,カ,うた・うた（う）
800000471,欧,,203000003,8,030000068,,,031000016,,オウ,-
800000472,欺,,203000003,12,030000068,,,031000017,,ギ,あざむ(く)
800000473,款,,203000003,12,030000068,,,031000017,,カン,-
800000474,歓,,203000003,15,030000068,,,031000017,,カン,よろこ(ぶ)
800000475,窓,,203000003,11,030000052,031000006,000000006,031000015,,ソウ,まど
800000476,穴,,203000003,5,030000052,031000006,000000006,031000017,,ケツ,あな
800000477,究,,203000003,7,030000052,031000003,000000003,031000014,,キュウ,きわ（める）
800000478,空,,203000003,8,030000052,031000001,000000001,031000013,032000005,クウ,そら・あ（ける）・から
800000479,突,,203000003,8,030000052,,,031000015,,トツ,つ(く)
800000480,窃,,203000003,9,030000052,,,031000017,,セツ,ぬす(む)
800000481,窒,,203000003,11,030000052,,,031000017,,チツ,-
800000482,窮,,203000003,15,030000052,,,031000017,,キュウ,きわ(める)、きわ(まる)
800000483,窯,,203000003,15,030000052,,,031000017,,ヨウ,かま
800000484,衆,,203000003,12,030000146,031000006,000000006,031000017,,シュウ・シュ,-
800000485,血,,203000003,6,030000146,031000003,000000003,031000016,,ケツ,ち
800000486,朗,,203000003,10,030000062,031000006,000000006,031000017,,ロウ,-
800000487,望,,203000003,11,030000062,031000004,000000004,031000015,,ボウ,のぞ（む）
800000488,服,,203000003,8,030000062,031000003,000000003,031000014,032000023,-,ふく
800000489,有,,203000003,6,030000062,031000003,000000003,031000014,,ユウ,あ（る）
800000490,期,,203000003,12,030000062,031000003,000000003,031000015,,キ・ゴ,-
800000491,朝,,203000003,12,030000062,031000002,000000002,031000014,032000002,チョウ,あさ
800000492,月,,203000003,4,030000062,031000001,000000001,031000013,032000002,ゲツ・ガツ,つき
800000493,朕,,203000003,10,030000062,,,031000017,,チン,-
800000494,犯,,203000003,5,030000031,031000005,000000005,031000015,,ハン,おか（す）
800000495,状,,203000003,7,030000031,031000005,000000005,031000015,,ジョウ,-
800000496,独,,203000003,9,030000031,031000005,000000005,031000017,,ドク,ひと（り）
800000497,犬,,203000003,4,030000031,031000001,000000001,031000014,032000012,ケン,いぬ
800000498,猫,,203000003,11,030000031,,,031000015,,ビョウ,ねこ
800000499,狂,,203000003,7,030000031,,,031000017,,キョウ,くる(う)・くる(おしい)
800000500,狩,,203000003,9,030000031,,,031000017,,シュ,か(る)・かり
800000501,狭,,203000003,9,030000031,,,031000017,,キョウ,せま(い)・せば(める)・せば(まる)
800000502,猛,,203000003,11,030000031,,,031000017,,モウ,-
800000503,猟,,203000003,11,030000031,,,031000017,,リョウ,-
800000504,献,,203000003,13,030000031,,,031000017,,ケン、コン,-
800000505,猶,,203000003,12,030000031,,,031000017,,ユウ,なお
800000506,猿,,203000003,13,030000031,,,031000017,,エン,さる
800000507,獄,,203000003,14,030000031,,,031000017,,ゴク,-
800000508,獣,,203000003,16,030000031,,,031000017,,ジュウ,けもの
800000509,獲,,203000003,16,030000031,,,031000017,,カク,え(る)
800000510,視,,203000003,11,030000073,031000006,000000006,031000017,,シ,み(る)
800000511,覧,,203000003,17,030000073,031000006,000000006,031000017,,ラン,み(る)
800000512,規,,203000003,11,030000073,031000005,000000005,031000015,,キ,-
800000513,覚,,203000003,12,030000073,031000004,000000004,031000015,,カク,おぼ（える）・さ（める）
800000514,観,,203000003,18,030000073,031000004,000000004,031000015,,カン,-
800000515,親,,203000003,16,030000073,031000002,000000002,031000013,032000019,シン,おや・した（しい）
800000516,見,,203000003,7,030000073,031000001,000000001,031000013,032000003,ケン,み（る）・み（える）
800000517,率,,203000003,11,030000135,031000005,000000005,031000017,,ソツ・リツ,ひき（いる）
800000518,玄,,203000003,5,030000135,,,031000017,,ゲン,-
800000519,訪,,203000003,11,030000007,031000006,000000006,031000015,,ホウ,おとず（れる）・たず（ねる）
800000520,認,,203000003,14,030000007,031000006,000000006,031000015,,ニン,みとめ（る）
800000521,誤,,203000003,14,030000007,031000006,000000006,031000015,,ゴ,あやま（る）
800000522,論,,203000003,15,030000007,031000006,000000006,031000015,,ロン,-
800000523,警,,203000003,19,030000007,031000006,000000006,031000015,,ケイ,-
800000524,詞,,203000003,12,030000007,031000006,000000006,031000016,,シ,-
800000525,誌,,203000003,14,030000007,031000006,000000006,031000016,,シ,-
800000526,諸,,203000003,15,030000007,031000006,000000006,031000016,,ショ,もろ
800000527,討,,203000003,10,030000007,031000006,000000006,031000017,,トウ,う（つ）
800000528,訳,,203000003,11,030000007,031000006,000000006,031000017,,ヤク,わけ
800000529,誕,,203000003,15,030000007,031000006,000000006,031000017,,タン,-
800000530,誠,,203000003,13,030000007,031000006,000000006,031000017,,セイ,まこと
800000531,識,,203000003,19,030000007,031000005,000000005,031000015,,シキ,-
800000532,許,,203000003,11,030000007,031000005,000000005,031000015,,キョ,ゆる（す）
800000533,設,,203000003,11,030000007,031000005,000000005,031000016,,セツ,もう（ける）・しつら（える）
800000534,講,,203000003,17,030000007,031000005,000000005,031000016,,コウ,こう
800000535,証,,203000003,12,030000007,031000005,000000005,031000017,,ショウ,あかし
800000536,評,,203000003,12,030000007,031000005,000000005,031000017,,ヒョウ,-
800000537,謝,,203000003,17,030000007,031000005,000000005,031000017,,シャ,あやま（る）
800000538,護,,203000003,20,030000007,031000005,000000005,,,ゴ,-
800000539,試,,203000003,13,030000007,031000004,000000004,031000014,032000009,シ,こころ（みる）
800000540,説,,203000003,14,030000007,031000004,000000004,031000014,,セツ,と（く）
800000541,議,,203000003,20,030000007,031000004,000000004,031000015,,ギ,-
800000542,訓,,203000003,10,030000007,031000004,000000004,031000016,,クン,-
800000543,課,,203000003,15,030000007,031000004,000000004,031000016,,カ,-
800000544,調,,203000003,15,030000007,031000003,000000003,031000015,,チョウ,しら（べる）・ととの（う）
800000545,談,,203000003,15,030000007,031000003,000000003,031000015,,ダン,-
800000546,詩,,203000003,13,030000007,031000003,000000003,031000017,,シ,-
800000547,読,,203000003,14,030000007,031000002,000000002,031000013,032000003,ドク・トウ・トク,よ（む）
800000548,話,,203000003,13,030000007,031000002,000000002,031000013,032000003,ワ,はな（す）・はなし
800000549,語,,203000003,14,030000007,031000002,000000002,031000013,032000003,ゴ,かた（る）
800000550,言,,203000003,7,030000007,031000002,000000002,031000014,032000009,ゲン・ゴン,い（う）・こと
800000551,計,,203000003,9,030000007,031000002,000000002,031000014,032000009,ケイ,はか（る）
800000552,記,,203000003,10,030000007,031000002,000000002,031000015,,キ,しる（す）
800000553,詰,,203000003,13,030000007,,,031000016,,キツ,つ(める)・つ(まる)
800000554,訂,,203000003,9,030000007,,,031000017,,テイ,-
800000555,託,,203000003,10,030000007,,,031000017,,タク,かこつ(ける)
800000556,訟,,203000003,11,030000007,,,031000017,,ショウ,-
800000557,訴,,203000003,12,030000007,,,031000017,,ソ,うった(える)
800000558,診,,203000003,12,030000007,,,031000017,,シン,み(る)
800000559,詐,,203000003,12,030000007,,,031000017,,サ,いつわ(る)
800000560,詔,,203000003,12,030000007,,,031000017,,ショウ,みことのり
800000561,詠,,203000003,12,030000007,,,031000017,,エイ,よ(む)
800000562,該,,203000003,13,030000007,,,031000017,,ガイ,-
800000563,詳,,203000003,13,030000007,,,031000017,,ショウ,くわ(しい)
800000564,誇,,203000003,13,030000007,,,031000017,,コ,ほこ(る)
800000565,誉,,203000003,13,030000007,,,031000017,,ヨ,ほまれ
800000566,誓,,203000003,14,030000007,,,031000017,,セイ,ちか(う)
800000567,誘,,203000003,14,030000007,,,031000017,,ユウ,-
800000568,請,,203000003,15,030000007,,,031000017,,セイ・シン,う(ける)
800000569,諭,,203000003,16,030000007,,,031000017,,ユ,さと(す)
800000570,諮,,203000003,16,030000007,,,031000017,,シ,-
800000571,諾,,203000003,15,030000007,,,031000017,,ダク,-
800000572,謀,,203000003,16,030000007,,,031000017,,ボウ、ム,はか(る)
800000573,謁,,203000003,15,030000007,,,031000017,,エツ,-
800000574,謄,,203000003,17,030000007,,,031000017,,トウ,-
800000575,謙,,203000003,17,030000007,,,031000017,,ケン,へりくだ(る)
800000576,謡,,203000003,16,030000007,,,031000017,,ヨウ,うた・うた(う)
800000577,謹,,203000003,18,030000007,,,031000017,,キン,つつつ(しむ)
800000578,譜,,203000003,19,030000007,,,031000017,,フ,-
800000579,譲,,203000003,20,030000007,,,031000017,,ジョウ,ゆず(る)
800000580,己,,203000003,3,030000161,031000006,000000006,031000017,,コ・キ,おのれ
800000581,所,,203000003,8,030000205,031000003,000000003,031000014,032000011,ショ,ところ
800000582,戸,,203000003,4,030000205,031000002,000000002,031000016,,コ,と
800000583,戻,,203000003,7,030000205,,,031000015,,レイ,もど(る)・もど(す)
800000584,房,,203000003,8,030000205,,,031000017,,ボウ,ふさ
800000585,扇,,203000003,10,030000205,,,031000017,,セン,おうぎ・あお(ぐ)
800000586,扉,,203000003,12,030000205,,,031000017,,ヒ,とびら
800000587,鼓,,203000003,13,030000199,,,031000017,,コ,つづみ
800000588,否,,203000003,7,030000006,031000006,000000006,031000015,032000009,ヒ,いな
800000589,吸,,203000003,6,030000006,031000006,000000006,031000015,032000009,キュウ,す（う）
800000590,呼,,203000003,8,030000006,031000006,000000006,031000015,032000009,コ,よ（ぶ）
800000591,后,,203000003,6,030000006,031000006,000000006,031000017,,ゴウ・ゴ,きさき
800000592,善,,203000003,12,030000006,031000006,000000006,031000017,,ゼン,よ（い）
800000593,告,,203000003,7,030000006,031000005,000000005,031000015,032000009,コク,つ（げる）
800000594,史,,203000003,5,030000006,031000005,000000005,031000016,,シ,-
800000595,可,,203000003,5,030000006,031000005,000000005,031000015,,カ,-
800000596,喜,,203000003,12,030000006,031000005,000000005,031000015,,キ,よろこ（び）
800000597,句,,203000003,5,030000006,031000005,000000005,031000017,,ク,-
800000598,各,,203000003,6,030000006,031000004,000000004,031000016,,カク,-
800000599,周,,203000003,8,030000006,031000004,000000004,031000016,,シュウ,まわ（り）
800000600,司,,203000003,5,030000006,031000004,000000004,031000017,,シ,つかさ（どる）
800000601,唱,,203000003,11,030000006,031000004,000000004,031000017,,ショウ,とな（える）
800000602,器,,203000003,15,030000006,031000004,000000004,031000017,,キ,うつわ
800000603,員,,203000003,10,030000006,031000003,000000003,031000014,032000019,イン,-
800000604,向,,203000003,6,030000006,031000003,000000003,031000015,032000009,コウ,む（かう）・む（く）
800000605,命,,203000003,8,030000006,031000003,000000003,031000015,032000009,メイ,いのち
800000606,味,,203000003,8,030000006,031000003,000000003,031000014,,ミ,あじ
800000607,品,,203000003,9,030000006,031000003,000000003,031000014,,ヒン,しな
800000608,問,,203000003,11,030000006,031000003,000000003,031000014,,モン,と（う）
800000609,和,,203000003,8,030000006,031000003,000000003,031000015,,ワ,かず
800000610,商,,203000003,11,030000006,031000003,000000003,031000015,,ショウ,あきな（い）
800000611,号,,203000003,5,030000006,031000003,000000003,031000015,,ゴウ,-
800000612,君,,203000003,7,030000006,031000003,000000003,031000015,,クン,きみ
800000613,古,,203000003,5,030000006,031000002,000000002,031000013,032000016,コ,ふる（い）
800000614,合,,203000003,6,030000006,031000002,000000002,031000014,,ゴウ・カッ,あ（う）
800000615,台,,203000003,5,030000006,031000002,000000002,031000014,,ダイ・タイ,-
800000616,同,,203000003,6,030000006,031000002,000000002,031000014,,ドウ,おな（じ）
800000617,口,,203000003,3,030000006,031000001,000000001,031000013,032000010,コウ・ク,くち
800000618,名,,203000003,6,030000006,031000001,000000001,031000013,032000003,メイ・ミョウ,な
800000619,右,,203000003,5,030000006,031000001,000000001,031000013,032000025,ウ・ユウ,みぎ
800000620,吹,,203000003,7,030000006,,,031000015,032000009,スイ,ふ(く)
800000621,叫,,203000003,6,030000006,,,031000015,,キョウ,さけ(ぶ)
800000622,召,,203000003,5,030000006,,,031000015,,ショウ,め(す)
800000623,含,,203000003,7,030000006,,,031000015,,ガン,ふく(む)・ふく(める)
800000624,咲,,203000003,9,030000006,,,031000015,,-,さく
800000625,喫,,203000003,12,030000006,,,031000015,,キツ,-
800000626,吉,,203000003,6,030000006,,,031000017,,キチ・キツ,よし
800000627,吏,,203000003,6,030000006,,,031000017,,リ,-
800000628,吐,,203000003,6,030000006,,,031000017,,ト,は(く)
800000629,吟,,203000003,7,030000006,,,031000017,,ギン,-
800000630,呈,,203000003,7,030000006,,,031000017,,テイ,-
800000631,呉,,203000003,7,030000006,,,031000017,,ゴ,くれ
800000632,哀,,203000003,9,030000006,,,031000017,,アイ,あわ(れ)・あわ(れむ)
800000633,哲,,203000003,10,030000006,,,031000017,,テツ,-
800000634,唆,,203000003,10,030000006,,,031000017,,サ,そそのか(す)
800000635,唇,,203000003,10,030000006,,,031000017,,シン,くちびる
800000636,唯,,203000003,11,030000006,,,031000017,,ユイ・イ,ただ
800000637,啓,,203000003,11,030000006,,,031000017,,ケイ,-
800000638,喚,,203000003,12,030000006,,,031000017,,カン,わめ(く)
800000639,喝,,203000003,11,030000006,,,031000017,,カツ,-
800000640,喪,,203000003,12,030000006,,,031000017,,ソウ,も
800000641,嗣,,203000003,13,030000006,,,031000017,,シ,つぐ
800000642,嘆,,203000003,13,030000006,,,031000017,,タン,なげ(かわしい)・なげ(く)
800000643,嘱,,203000003,15,030000006,,,031000017,,ショク,-
800000644,噴,,203000003,15,030000006,,,031000017,,フン,ふ(く)
800000645,嚇,,203000003,17,030000006,,,031000017,,カク,おど(す)
800000646,差,,203000003,10,030000086,031000004,000000004,031000015,,サ,さ（す）
800000647,工,,203000003,3,030000086,031000002,000000002,031000014,,コウ・ク,-
800000648,左,,203000003,5,030000086,031000001,000000001,031000013,032000025,サ,ひだり
800000649,巨,,203000003,5,030000086,,,031000016,,キョ,-
800000650,巧,,203000003,5,030000086,,,031000017,,コウ,たく(み)
800000651,術,,203000003,11,030000080,031000005,000000005,031000015,,ジュツ,-
800000652,衛,,203000003,16,030000080,031000005,000000005,031000017,,エ・エイ,まもる
800000653,街,,203000003,12,030000080,031000004,000000004,031000017,,ガイ,まち
800000654,行,,203000003,6,030000080,031000002,000000002,031000013,032000009,コウ・ギョウ,い（く）・ゆ（く）・おこな（う）
800000655,衝,,203000003,15,030000080,,,031000017,,ショウ,つ(く)
800000656,衡,,203000003,16,030000080,,,031000017,,コウ,-
800000657,香,,203000003,9,030000191,031000004,000000004,031000016,,コウ・キョウ,かお（り）・か
800000658,高,,203000003,10,030000192,031000002,000000002,031000013,032000014,コウ,たか（い）
800000659,黙,,203000003,15,030000206,,,031000017,,モク,だ(まる)
800000660,黒,,203000003,11,030000206,031000002,000000002,031000014,032000006,コク,くろ
800000661,骨,,203000003,10,030000107,031000006,000000006,031000016,,コツ,ほね
800000662,髄,,203000003,19,030000107,,,031000017,,ズイ,-
800000663,良,,203000003,7,030000179,031000004,000000004,031000015,,リョウ,よ（い）
800000664,盛,,203000003,11,030000059,031000006,000000006,031000017,,セイ・ジョウ,も（る）・も（れる）さか(ん)
800000665,盟,,203000003,13,030000059,031000006,000000006,031000017,,メイ,-
800000666,益,,203000003,10,030000059,031000005,000000005,031000017,,エキ・ヤク,ま(す)
800000667,皿,,203000003,5,030000059,031000003,000000003,031000016,,-,さら
800000668,盗,,203000003,11,030000059,,,031000015,,トウ,ぬす(む)
800000669,盆,,203000003,9,030000059,,,031000017,,ボン,-
800000670,監,,203000003,14,030000059,,,031000017,,カン,-
800000671,盤,,203000003,15,030000059,,,031000017,,バン,-
800000672,岐,,203000003,7,030000033,031000004,000000004,031000017,,キ・ギ,-
800000673,崎,,203000003,11,030000033,031000004,000000004,031000017,,-,さき
800000674,岡,,203000003,8,030000033,031000004,000000004,,,-,おか
800000675,岸,,203000003,8,030000033,031000003,000000003,031000016,,ガン,きし
800000676,島,,203000003,10,030000033,031000003,000000003,031000016,,トウ,しま
800000677,岩,,203000003,8,030000033,031000002,000000002,031000016,,ガン,いわ
800000678,山,,203000003,3,030000033,031000001,000000001,031000013,032000005,サン,やま
800000679,岬,,203000003,8,030000033,,,031000017,,コウ,みさき
800000680,岳,,203000003,8,030000033,,,031000017,,ガク,たけ
800000681,峠,,203000003,9,030000033,,,031000017,,-,とうげ
800000682,峡,,203000003,9,030000033,,,031000017,,キョウ,はざま
800000683,峰,,203000003,10,030000033,,,031000017,,ホウ,みね
800000684,崇,,203000003,11,030000033,,,031000017,,スウ,あが(める)
800000685,崩,,203000003,11,030000033,,,031000017,,ホウ,くず(れる)・くず(す)
800000686,士,,203000003,3,030000098,031000005,000000005,031000017,,シ,-
800000687,声,,203000003,7,030000098,031000002,000000002,031000014,032000010,セイ,こえ
800000688,壮,,203000003,6,030000098,,,031000017,,ソウ,-
800000689,壱,,203000003,7,030000098,,,031000017,,イチ,-
800000690,存,,203000003,6,030000058,031000006,000000006,031000015,,ソン・ゾン,-
800000691,孝,,203000003,7,030000058,031000006,000000006,031000017,,コウ,-
800000692,季,,203000003,8,030000058,031000004,000000004,031000016,,キ,-
800000693,孫,,203000003,10,030000058,031000004,000000004,031000016,,ソン,まご
800000694,子,,203000003,3,030000058,031000001,000000001,031000013,032000003,シ・ス,こ
800000695,学,,203000003,8,030000058,031000001,000000001,031000013,032000003,ガク,まな（ぶ）
800000696,字,,203000003,6,030000058,031000001,000000001,031000014,,ジ,あざ
800000697,孔,,203000003,4,030000058,,,031000017,,コウ,はなはだ
800000698,孤,,203000003,8,030000058,,,031000017,,コ,みなしご
800000699,支,,203000003,4,030000164,031000005,000000005,031000015,,シ,ささ（える）
800000700,武,,203000003,8,030000069,031000005,000000005,031000016,,ブ・ム,-
800000701,歴,,203000003,14,030000069,031000005,000000005,031000016,,レキ,へ（る）
800000702,歩,,203000003,8,030000069,031000002,000000002,031000014,032000009,ホ・フ・ブ,ある（く）・あゆ（む）
800000703,止,,203000003,4,030000069,031000002,000000002,031000014,032000009,シ,と（まる）
800000704,正,,203000003,5,030000069,031000001,000000001,031000014,,セイ・ショウ,ただ（しい）・まさ
800000705,歳,,203000003,13,030000069,,,031000015,,サイ・セイ,-
800000706,民,,203000003,5,030000133,031000004,000000004,031000015,,ミン,-
800000707,氏,,203000003,4,030000133,031000004,000000004,031000017,,シ,-
800000708,紅,,203000003,9,030000008,031000006,000000006,031000016,,コウ・ク,べに・あか（い）・くれない
800000709,純,,203000003,10,030000008,031000006,000000006,031000016,,ジュン,-
800000710,系,,203000003,7,030000008,031000006,000000006,031000017,,ケイ,-
800000711,納,,203000003,10,030000008,031000006,000000006,031000017,,ノウ・ナッ・ナン・トウ,おさ（める）
800000712,絹,,203000003,13,030000008,031000006,000000006,031000017,,ケン,きぬ
800000713,縦,,203000003,16,030000008,031000006,000000006,031000017,,ジュウ,たて
800000714,縮,,203000003,17,030000008,031000006,000000006,031000017,,シュク,ちぢ（む）・ちぢ（める）
800000715,経,,203000003,11,030000008,031000005,000000005,031000015,,ケイ・キョウ,へ（る）
800000716,絶,,203000003,12,030000008,031000005,000000005,031000015,,ゼツ,た（つ）・た（える）
800000717,綿,,203000003,14,030000008,031000005,000000005,031000016,,メン,わた
800000718,総,,203000003,14,030000008,031000005,000000005,031000016,,ソウ,す（べる）・ふさ
800000719,編,,203000003,15,030000008,031000005,000000005,031000016,,ヘン,あ（む）
800000720,績,,203000003,17,030000008,031000005,000000005,031000016,,セキ,-
800000721,紀,,203000003,9,030000008,031000005,000000005,031000017,,キ,のり・しる（す)
800000722,素,,203000003,10,030000008,031000005,000000005,031000017,,ソ・ス,もと
800000723,統,,203000003,12,030000008,031000005,000000005,031000017,,トウ,す（べる）
800000724,織,,203000003,18,030000008,031000005,000000005,031000017,,ショク・シキ,お（る）
800000725,約,,203000003,9,030000008,031000004,000000004,031000015,,ヤク,-
800000726,給,,203000003,12,030000008,031000004,000000004,031000015,,キュウ,-
800000727,続,,203000003,13,030000008,031000004,000000004,031000015,,ゾク,つづ（く）・つづ（ける）
800000728,結,,203000003,12,030000008,031000004,000000004,031000017,,ケツ,むす（ぶ）
800000729,縄,,203000003,15,030000008,031000004,000000004,031000017,,ジョウ,なわ
800000730,終,,203000003,11,030000008,031000003,000000003,031000014,032000009,シュウ,お（わり）
800000731,緑,,203000003,14,030000008,031000003,000000003,031000016,,リョク,みどり
800000732,練,,203000003,14,030000008,031000003,000000003,031000016,,レン,-
800000733,級,,203000003,9,030000008,031000003,000000003,031000017,,キュウ,-
800000734,組,,203000003,11,030000008,031000002,000000002,031000014,032000009,ソ,くみ・く（む）
800000735,紙,,203000003,10,030000008,031000002,000000002,031000014,,シ,かみ
800000736,絵,,203000003,12,030000008,031000002,000000002,031000014,,カイ,え
800000737,細,,203000003,11,030000008,031000002,000000002,031000015,,サイ,ほそ(い)・こま(かい)
800000738,線,,203000003,15,030000008,031000002,000000002,031000016,,セン,-
800000739,糸,,203000003,6,030000008,031000001,000000001,031000016,,シ,いと
800000740,緒,,203000003,14,030000008,,,031000015,,ショ・チョ,お
800000741,紹,,203000003,11,030000008,,,031000016,,ショウ,-
800000742,絡,,203000003,12,030000008,,,031000016,,ラク,から(む)・から(まる)
800000743,糾,,203000003,9,030000008,,,031000017,,キュウ,ただ(す)
800000744,紋,,203000003,10,030000008,,,031000017,,モン,-
800000745,紛,,203000003,10,030000008,,,031000017,,フン,まぎ(れる)・まぎ(らす)・まぎ(らわしい)・まぎ(らわす)
800000746,紡,,203000003,10,030000008,,,031000017,,ボウ,つむ(ぐ)
800000747,索,,203000003,10,030000008,,,031000017,,サク,-
800000748,紫,,203000003,12,030000008,,,031000017,,シ,むらさき
800000749,累,,203000003,11,030000008,,,031000017,,ルイ,-
800000750,紳,,203000003,11,030000008,,,031000017,,シン,-
800000751,紺,,203000003,11,030000008,,,031000017,,コン,-
800000752,絞,,203000003,12,030000008,,,031000017,,コウ,しぼ(る)、し(める)、し(まる)
800000753,継,,203000003,13,030000008,,,031000017,,ケイ,つ(ぐ)
800000754,維,,203000003,14,030000008,,,031000017,,イ,-
800000755,綱,,203000003,14,030000008,,,031000017,,コウ,つな
800000756,網,,203000003,14,030000008,,,031000017,,モウ,あみ
800000757,緊,,203000003,15,030000008,,,031000017,,キン,-
800000758,締,,203000003,15,030000008,,,031000017,,テイ,し(まる)・し(める)
800000759,緩,,203000003,15,030000008,,,031000017,,カン,ゆる(い)・ゆる(む)・ゆる(める)・ゆる(やか)
800000760,緯,,203000003,16,030000008,,,031000017,,イ,よこいと
800000761,縁,,203000003,15,030000008,,,031000017,,エン,ふち
800000762,縛,,203000003,16,030000008,,,031000017,,バク,しば(る)
800000763,縫,,203000003,16,030000008,,,031000017,,ホウ,ぬ(う)
800000764,繁,,203000003,16,030000008,,,031000017,,ハン,-
800000765,繊,,203000003,17,030000008,,,031000017,,セン,-
800000766,繕,,203000003,18,030000008,,,031000017,,ゼン,つくろ(う)
800000767,繭,,203000003,18,030000008,,,031000017,,ケン,まゆ
800000768,繰,,203000003,19,030000008,,,031000017,,ソウ,く(る)
800000769,至,,203000003,6,030000121,031000006,000000006,031000017,,シ,いた（る）・いたり
800000770,致,,203000003,10,030000121,,,031000017,,チ,いた(す)
800000771,齢,,203000003,17,030000207,,,031000016,,レイ,-
800000772,歯,,203000003,12,030000207,031000003,000000003,031000015,,シ,は
800000773,秘,,203000003,10,030000036,031000006,000000006,031000017,,ヒ,ひ（める）
800000774,示,,203000003,5,030000036,031000005,000000005,031000015,,シ・ジ,しめ（す）
800000775,祖,,203000003,9,030000036,031000005,000000005,031000015,,ソ,-
800000776,禁,,203000003,13,030000036,031000005,000000005,031000016,,キン,-
800000777,票,,203000003,11,030000036,031000004,000000004,031000017,,ヒョウ,-
800000778,祝,,203000003,9,030000036,031000004,000000004,031000016,,シュク,いわ（う）
800000779,礼,,203000003,5,030000036,031000003,000000003,031000015,,レイ,-
800000780,神,,203000003,9,030000036,031000003,000000003,031000015,,シン・ジン,かみ・こう・かん
800000781,福,,203000003,13,030000036,031000003,000000003,031000015,,フク,-
800000782,祭,,203000003,11,030000036,031000003,000000003,031000016,,サイ,まつ（り）
800000783,社,,203000003,7,030000036,031000002,000000002,031000014,,シャ,やしろ
800000784,祈,,203000003,8,030000036,,,031000016,,キ,いの(る)
800000785,祉,,203000003,8,030000036,,,031000017,,シ,-
800000786,祥,,203000003,10,030000036,,,031000017,,ショウ,さいわい
800000787,禅,,203000003,13,030000036,,,031000017,,ゼン,-
800000788,禍,,203000003,13,030000036,,,031000017,,カ,わざわい
800000789,耐,,203000003,9,030000176,,,031000017,,タイ,た(える)
800000790,聖,,203000003,13,030000079,031000006,000000006,031000017,,セイ・ショウ,ひじり
800000791,職,,203000003,18,030000079,031000005,000000005,031000015,,ショク,-
800000792,聞,,203000003,14,030000079,031000002,000000002,031000013,032000003,ブン・モン,き（く）
800000793,耳,,203000003,6,030000079,031000001,000000001,031000013,032000010,ジ,みみ
800000794,聴,,203000003,17,030000079,,,031000017,,チョウ,き(く)
800000795,自,,203000003,6,030000144,031000002,000000002,031000014,,ジ・シ,みずか（ら）
800000796,臭,,203000003,10,030000144,,,031000017,,シュウ,くさ(い)・にお(い)
800000797,鹿,,203000003,11,030000126,031000004,000000004,,,-,しか
800000798,麗,,203000003,19,030000126,,,031000017,,レイ,うるわ(しい)
800000799,輸,,203000003,16,030000039,031000005,000000005,,,ユ,-
800000800,軍,,203000003,9,030000039,031000004,000000004,031000016,,グン,-
800000801,輪,,203000003,15,030000039,031000004,000000004,031000016,,リン,わ
800000802,軽,,203000003,12,030000039,031000003,000000003,031000014,032000013,ケイ,かる（い）・かろ（やか）
800000803,転,,203000003,11,030000039,031000003,000000003,031000014,032000009,テン,ころ（ぶ）・ころ（がる）
800000804,車,,203000003,7,030000039,031000001,000000001,031000013,032000004,シャ,くるま
800000805,軒,,203000003,10,030000039,,,031000016,,ケン,のき
800000806,軟,,203000003,11,030000039,,,031000016,,ナン,やわ(らかい)
800000807,軌,,203000003,9,030000039,,,031000017,,キ,-
800000808,軸,,203000003,12,030000039,,,031000017,,ジク,-
800000809,較,,203000003,13,030000039,,,031000017,,カク,-
800000810,載,,203000003,13,030000039,,,031000017,,サイ,の(せる)・の(る)
800000811,輝,,203000003,15,030000039,,,031000017,,キ,かがや(く)
800000812,輩,,203000003,15,030000039,,,031000017,,ハイ,-
800000813,轄,,203000003,17,030000039,,,031000017,,カツ,-
800000814,拝,,203000003,8,030000003,031000006,000000006,031000016,,ハイ,おが（む）
800000815,探,,203000003,11,030000003,031000006,000000006,031000015,,タン,さが（す）・さぐ（る）
800000816,承,,203000003,8,030000003,031000006,000000006,031000016,,ショウ,うけたまわ（る）
800000817,担,,203000003,8,030000003,031000006,000000006,031000016,,タン,かつ（ぐ）・にな（う）
800000818,捨,,203000003,11,030000003,031000006,000000006,031000016,,シャ,す（てる）
800000819,批,,203000003,7,030000003,031000006,000000006,031000017,,ヒ,-
800000820,拡,,203000003,8,030000003,031000006,000000006,031000017,,カク,ひろ（がる）
800000821,推,,203000003,11,030000003,031000006,000000006,031000017,,スイ,お（す）
800000822,揮,,203000003,12,030000003,031000006,000000006,031000017,,キ,ふる（う）
800000823,操,,203000003,16,030000003,031000006,000000006,031000017,,ソウ,あやつ（る）
800000824,招,,203000003,8,030000003,031000005,000000005,031000015,,ショウ,まね（く）
800000825,技,,203000003,7,030000003,031000005,000000005,031000016,,ギ,わざ
800000826,採,,203000003,11,030000003,031000005,000000005,031000016,,サイ,と（る）
800000827,接,,203000003,11,030000003,031000005,000000005,031000016,,セツ,つ（ぐ）
800000828,損,,203000003,13,030000003,031000005,000000005,031000016,,ソン,そこ（なう）
800000829,授,,203000003,11,030000003,031000005,000000005,031000017,,ジュ,さず（かる）
800000830,提,,203000003,12,030000003,031000005,000000005,031000017,,テイ,さ（げる）
800000831,折,,203000003,7,030000003,031000004,000000004,031000015,,セツ,お（れる）・おり
800000832,挙,,203000003,10,030000003,031000004,000000004,031000017,,キョ,あ（げる）
800000833,持,,203000003,9,030000003,031000003,000000003,031000014,032000009,ジ,も（つ）
800000834,打,,203000003,5,030000003,031000003,000000003,031000015,,ダ,う（つ）
800000835,投,,203000003,7,030000003,031000003,000000003,031000015,,トウ,な（げる）
800000836,指,,203000003,9,030000003,031000003,000000003,031000015,,シ,ゆび
800000837,拾,,203000003,9,030000003,031000003,000000003,031000016,,シュウ・ジュウ,ひろ（う）
800000838,才,,203000003,3,030000003,031000002,000000002,031000014,,サイ,-
800000839,手,,203000003,4,030000003,031000001,000000001,031000013,032000010,シュ,て・た
800000840,払,,203000003,5,030000003,,,031000015,,フツ,はら（う）
800000841,抜,,203000003,8,030000003,,,031000015,,バツ,ぬ(く)・ぬ(ける)
800000842,抱,,203000003,8,030000003,,,031000015,,ホウ,だ(く)・いだ(く)・かか(える)
800000843,押,,203000003,8,030000003,,,031000015,,オウ,お（す）・お（さえる）
800000844,捕,,203000003,10,030000003,,,031000015,,ホ,とら(える)・つか(まえる)
800000845,掛,,203000003,11,030000003,,,031000015,,カイ・ケ,か（ける）・か（かる）
800000846,挟,,203000003,9,030000003,,,031000016,,キョウ,はさ(む)・はさ(まる)
800000847,捜,,203000003,10,030000003,,,031000016,,ソウ,さが(す)
800000848,掃,,203000003,11,030000003,,,031000016,,ソウ,は(く)
800000849,掘,,203000003,11,030000003,,,031000016,,クツ,ほ(る)
800000850,換,,203000003,12,030000003,,,031000016,,カン,か(える)・か(わる)
800000851,扱,,203000003,6,030000003,,,031000017,,ソウ,あつか(う)
800000852,扶,,203000003,7,030000003,,,031000017,,フ,たす(ける)
800000853,抄,,203000003,7,030000003,,,031000017,,ショウ,-
800000854,把,,203000003,7,030000003,,,031000017,,ハ,-
800000855,抑,,203000003,7,030000003,,,031000017,,ヨク,おさ(える)
800000856,抗,,203000003,8,030000003,,,031000017,,コウ,あらが(う)
800000857,択,,203000003,7,030000003,,,031000017,,タク,えら(ぶ)
800000858,披,,203000003,8,030000003,,,031000017,,ヒ,-
800000859,抵,,203000003,8,030000003,,,031000017,,テイ,-
800000860,抹,,203000003,8,030000003,,,031000017,,マツ,-
800000861,抽,,203000003,8,030000003,,,031000017,,チュウ,-
800000862,拍,,203000003,8,030000003,,,031000017,,ハク、ヒョウ,-
800000863,拐,,203000003,8,030000003,,,031000017,,カイ,-
800000864,拒,,203000003,8,030000003,,,031000017,,キョ,こば(む)
800000865,拓,,203000003,8,030000003,,,031000017,,タク,ひら(く)
800000866,拘,,203000003,8,030000003,,,031000017,,コウ,かか(わる)
800000867,拙,,203000003,8,030000003,,,031000017,,セツ,つたな(い)
800000868,拠,,203000003,8,030000003,,,031000017,,キョ,よ(る)
800000869,括,,203000003,9,030000003,,,031000017,,カツ,くく(る)
800000870,拷,,203000003,9,030000003,,,031000017,,ゴウ,-
800000871,挑,,203000003,9,030000003,,,031000017,,チョウ,いど(む)
800000872,振,,203000003,10,030000003,,,031000017,,シン,ふ(る)・ふ(れる)
800000873,挿,,203000003,10,030000003,,,031000017,,ソウ,さ(す)
800000874,据,,203000003,11,030000003,,,031000017,,キョ,す(える)・す(わる)
800000875,掌,,203000003,12,030000003,,,031000017,,ショウ,たなごころ
800000876,排,,203000003,11,030000003,,,031000017,,ハイ,-
800000877,控,,203000003,11,030000003,,,031000017,,コウ,ひか(える)
800000878,措,,203000003,11,030000003,,,031000017,,ソ,-
800000879,掲,,203000003,11,030000003,,,031000017,,ケイ,かか(げる)
800000880,描,,203000003,11,030000003,,,031000017,,ビョウ,えが(く)・か(く)
800000881,揚,,203000003,12,030000003,,,031000017,,ヨウ,あ(げる)・あ(がる)
800000882,握,,203000003,12,030000003,,,031000017,,アク,にぎ(る)
800000883,援,,203000003,12,030000003,,,031000017,,エン,-
800000884,揺,,203000003,12,030000003,,,031000017,,ヨウ,ゆ(れる)・ゆ(らぐ)・ゆ(さぶる)
800000885,搬,,203000003,13,030000003,,,031000017,,ハン,-
800000886,搭,,203000003,12,030000003,,,031000017,,トウ,-
800000887,携,,203000003,13,030000003,,,031000017,,ケイ,たずさ(わる)・たずさ(える)
800000888,搾,,203000003,13,030000003,,,031000017,,サク,しぼ(る)
800000889,摂,,203000003,13,030000003,,,031000017,,セツ,-
800000890,摘,,203000003,14,030000003,,,031000017,,テキ,つ(む)
800000891,摩,,203000003,15,030000003,,,031000017,,マ,す(る)
800000892,撃,,203000003,15,030000003,,,031000017,,ゲキ,う(つ)
800000893,撤,,203000003,15,030000003,,,031000017,,テツ,-
800000894,撮,,203000003,15,030000003,,,031000017,,サツ,と(る)
800000895,撲,,203000003,15,030000003,,,031000017,,ボク,-
800000896,擁,,203000003,16,030000003,,,031000017,,ヨウ,-
800000897,擦,,203000003,17,030000003,,,031000017,,サツ,す(る)・す(れる)
800000898,擬,,203000003,17,030000003,,,031000017,,ギ,ぎ(する)
800000899,首,,203000003,9,030000190,031000002,000000002,031000013,032000010,シュ,くび
800000900,航,,203000003,10,030000063,031000005,000000005,031000016,,コウ,-
800000901,船,,203000003,11,030000063,031000002,000000002,031000014,,セン,ふね・ふな
800000902,舟,,203000003,6,030000063,,,031000016,,シュウ,ふね・ふな
800000903,般,,203000003,10,030000063,,,031000016,,ハン,-
800000904,舶,,203000003,11,030000063,,,031000017,,ハク,-
800000905,艇,,203000003,13,030000063,,,031000017,,テイ,-
800000906,艦,,203000003,21,030000063,,,031000017,,カン,-
800000907,卒,,203000003,8,030000047,031000004,000000004,031000016,,ソツ,-
800000908,協,,203000003,8,030000047,031000004,000000004,031000016,,キョウ,-
800000909,博,,203000003,12,030000047,031000004,000000004,031000017,,ハク,-
800000910,半,,203000003,5,030000047,031000002,000000002,031000013,032000002,ハン,なか（ば）
800000911,午,,203000003,4,030000047,031000002,000000002,031000013,032000002,ゴ,うま
800000912,南,,203000003,9,030000047,031000002,000000002,031000013,032000025,ナン,みなみ
800000913,十,,203000003,2,030000047,031000001,000000001,031000013,032000001,ジュウ・ジッ,とお・と
800000914,千,,203000003,3,030000047,031000001,000000001,031000013,032000001,セン,チ
800000915,升,,203000003,4,030000047,,,031000017,,ショウ,ます
800000916,卑,,203000003,9,030000047,,,031000017,,ヒ,いや(しい)
800000917,卓,,203000003,8,030000047,,,031000017,,タク,-
800000918,姿,,203000003,9,030000016,031000006,000000006,031000017,,シ,すがた
800000919,妻,,203000003,8,030000016,031000005,000000005,031000015,,サイ,つま
800000920,婦,,203000003,11,030000016,031000005,000000005,031000015,,フ,-
800000921,好,,203000003,6,030000016,031000004,000000004,031000015,,コウ,この（み）・す（き）
800000922,媛,,203000003,12,030000016,031000004,000000004,,,ヒン,ひめ
800000923,始,,203000003,8,030000016,031000003,000000003,031000014,032000009,シ,はじ（める）・はじ（まる）
800000924,委,,203000003,8,030000016,031000003,000000003,031000016,,イ,ゆだ（ねる）
800000925,妹,,203000003,8,030000016,031000002,000000002,031000014,032000019,マイ,いもうと
800000926,姉,,203000003,8,030000016,031000002,000000002,031000014,032000019,シ,あね・ねえ
800000927,女,,203000003,3,030000016,031000001,000000001,031000013,032000003,ジョ・ニョ・ニョウ,おんな・め
800000928,娘,,203000003,10,030000016,,,031000015,,-,むすめ
800000929,婚,,203000003,11,030000016,,,031000015,,コン,-
800000930,姓,,203000003,8,030000016,,,031000016,,セイ・ショウ,-
800000931,奴,,203000003,5,030000016,,,031000017,,ド,やつ
800000932,如,,203000003,6,030000016,,,031000017,,ジョ・ニ,ごと(く)
800000933,妃,,203000003,6,030000016,,,031000017,,ヒ,きさき
800000934,妄,,203000003,6,030000016,,,031000017,,モウ・ボウ,妄(りに)
800000935,妊,,203000003,7,030000016,,,031000017,,ニン,-
800000936,妙,,203000003,7,030000016,,,031000017,,ミョウ,たえ
800000937,妥,,203000003,7,030000016,,,031000017,,タ,おだやか
800000938,妨,,203000003,7,030000016,,,031000017,,ボウ,さまた(げる)
800000939,姫,,203000003,10,030000016,,,031000017,,キ,ひめ
800000940,姻,,203000003,9,030000016,,,031000017,,イン,-
800000941,威,,203000003,9,030000016,,,031000017,,イ,おど(す)・おど(かす)
800000942,娠,,203000003,10,030000016,,,031000017,,シン,-
800000943,娯,,203000003,10,030000016,,,031000017,,ゴ,たの(しむ)
800000944,婆,,203000003,11,030000016,,,031000017,,バ,ばば
800000945,婿,,203000003,12,030000016,,,031000017,,セイ,むこ
800000946,媒,,203000003,12,030000016,,,031000017,,バイ,なかだち
800000947,嫁,,203000003,13,030000016,,,031000017,,カ,よめ・とつ(ぐ)
800000948,嫌,,203000003,13,030000016,,,031000017,,ケン・ゲン,きら(う)・いや
800000949,嫡,,203000003,14,030000016,,,031000017,,チャク・テキ,-
800000950,嬢,,203000003,16,030000016,,,031000017,,ジョウ,むすめ
800000951,少,,203000003,4,030000116,031000002,000000002,031000013,032000017,ショウ,すく（ない）・すこ（し）
800000952,当,,203000003,6,030000116,031000002,000000002,031000014,032000009,トウ,あ（たる）
800000953,小,,203000003,3,030000116,031000001,000000001,031000013,032000007,ショウ,ちい（さい）・こ・お
800000954,尚,,203000003,8,030000116,,,031000017,,ショウ,なお・とうとぶ・たっとぶ
800000955,色,,203000003,6,030000145,031000002,000000002,031000014,032000006,シキ・ショク,いろ
800000956,飼,,203000003,13,030000045,031000005,000000005,031000017,,シ,か（う）
800000957,飯,,203000003,12,030000045,031000004,000000004,031000014,,ハン,めし
800000958,養,,203000003,15,030000045,031000004,000000004,031000017,,ヨウ,やしな（う）
800000959,館,,203000003,16,030000045,031000003,000000003,031000014,032000011,カン,やかた
800000960,飲,,203000003,12,030000045,031000003,000000003,031000013,032000009,イン,の（む）
800000961,食,,203000003,9,030000045,031000002,000000002,031000013,032000009,ショク,た（べる）・く（う）
800000962,飢,,203000003,10,030000045,,,031000017,,キ,う(える)
800000963,飽,,203000003,13,030000045,,,031000017,,ホウ,あ(きる)・あ(かす)
800000964,飾,,203000003,13,030000045,,,031000017,,ショク,かざ(る)
800000965,餓,,203000003,15,030000045,,,031000017,,ガ,-
800000966,忘,,203000003,7,030000005,031000006,000000006,031000015,,ボウ,わす（れる）
800000967,忠,,203000003,8,030000005,031000006,000000006,031000017,,チュウ,-
800000968,恩,,203000003,10,030000005,031000006,000000006,031000017,,オン,-
800000969,憲,,203000003,16,030000005,031000006,000000006,031000017,,ケン,-
800000970,性,,203000003,8,030000005,031000005,000000005,031000015,,セイ・ショウ,-
800000971,情,,203000003,11,030000005,031000005,000000005,031000015,,ジョウ・セイ,なさけ
800000972,慣,,203000003,14,030000005,031000005,000000005,031000015,,カン,な（れる）
800000973,快,,203000003,7,030000005,031000005,000000005,031000016,,カイ,こころよ（い）
800000974,志,,203000003,7,030000005,031000005,000000005,031000017,,シ,こころざし
800000975,応,,203000003,7,030000005,031000005,000000005,031000017,,オウ,こた（える）
800000976,態,,203000003,14,030000005,031000005,000000005,031000017,,タイ,-
800000977,必,,203000003,5,030000005,031000004,000000004,031000015,,ヒツ,かなら（ず）
800000978,念,,203000003,8,030000005,031000004,000000004,031000015,,ネン,-
800000979,愛,,203000003,13,030000005,031000004,000000004,031000015,,アイ,-
800000980,悪,,203000003,11,030000005,031000003,000000003,031000014,032000013,アク・オ,わる（い）
800000981,急,,203000003,9,030000005,031000003,000000003,031000014,032000013,キュウ,いそ（ぐ）
800000982,意,,203000003,13,030000005,031000003,000000003,031000014,,イ,-
800000983,息,,203000003,10,030000005,031000003,000000003,031000015,,ソク,いき
800000984,悲,,203000003,12,030000005,031000003,000000003,031000015,,ヒ,かな（しい）
800000985,想,,203000003,13,030000005,031000003,000000003,031000015,,ソウ・ソ,-
800000986,感,,203000003,13,030000005,031000003,000000003,031000015,,カン,-
800000987,心,,203000003,4,030000005,031000002,000000002,031000014,032000010,シン,こころ
800000988,思,,203000003,9,030000005,031000002,000000002,031000014,032000009,シ,おも（う）
800000989,忙,,203000003,6,030000005,,,031000015,,ボウ,いそが(しい)
800000990,怒,,203000003,9,030000005,,,031000015,,ド,いか(る)・おこ(る)
800000991,怖,,203000003,8,030000005,,,031000015,,フ,こわ(い)
800000992,恐,,203000003,10,030000005,,,031000015,,キョウ,おそ(れる)・おそ(ろしい)
800000993,恥,,203000003,10,030000005,,,031000015,,チ,はじ・は(ずかしい)
800000994,恋,,203000003,10,030000005,,,031000016,,レン,こい・こい(しい)
800000995,患,,203000003,11,030000005,,,031000016,,カン,わずら(う)
800000996,悩,,203000003,10,030000005,,,031000016,,ノウ,なや(む)・なや(ます)
800000997,憎,,203000003,14,030000005,,,031000016,,ゾウ,にく(む)・にく(らしい)
800000998,忌,,203000003,7,030000005,,,031000017,,キ,い(む)・い(まわしい)
800000999,忍,,203000003,7,030000005,,,031000017,,ニン,しのぶ
800001000,怠,,203000003,9,030000005,,,031000017,,タイ,おこた(る)・なま(ける)
800001001,怪,,203000003,8,030000005,,,031000017,,カイ・ケ,あや(しい)
800001002,恒,,203000003,9,030000005,,,031000017,,コウ,つね
800001003,恨,,203000003,10,030000005,,,031000017,,コン,うら(む)
800001004,恭,,203000003,10,030000005,,,031000017,,キョウ,うやうや(しい)
800001005,恵,,203000003,10,030000005,,,031000017,,ケイ・エ,めぐむ
800001006,悔,,203000003,10,030000005,,,031000017,,カイ,く(やむ)・くや(しい)
800001007,悟,,203000003,10,030000005,,,031000017,,ゴ,さとる
800001008,悠,,203000003,11,030000005,,,031000017,,ユウ,-
800001009,悦,,203000003,10,030000005,,,031000017,,エツ,よろこ(ぶ)
800001010,悼,,203000003,11,030000005,,,031000017,,トウ,いた(む)
800001011,惑,,203000003,12,030000005,,,031000017,,ワク,まど(う)
800001012,惜,,203000003,12,030000005,,,031000017,,セキ,お(しい)
800001013,惨,,203000003,11,030000005,,,031000017,,サン・ザン,みじ(め)
800001014,惰,,203000003,12,030000005,,,031000017,,ダ,-
800001015,愁,,203000003,13,030000005,,,031000017,,シュウ,うれ(える)
800001016,愉,,203000003,12,030000005,,,031000017,,ユ,たの(しむ)
800001017,愚,,203000003,13,030000005,,,031000017,,グ,おろ(か)
800001018,慈,,203000003,13,030000005,,,031000017,,ジ,いつく(しむ)
800001019,慎,,203000003,13,030000005,,,031000017,,シン,つつし(む)
800001020,慕,,203000003,14,030000005,,,031000017,,ボ,した(う)
800001021,慢,,203000003,14,030000005,,,031000017,,マン,-
800001022,慨,,203000003,14,030000005,,,031000017,,ガイ,おおむ(ね)
800001023,慮,,203000003,15,030000005,,,031000017,,リョ,おもんばか(る)
800001024,慰,,203000003,15,030000005,,,031000017,,イ,なぐさ(める) ・なぐさ　（む）
800001025,慶,,203000003,15,030000005,,,031000017,,ケイ,よろこ(び)
800001026,憂,,203000003,15,030000005,,,031000017,,ユウ,うれ(える)・うれ(い)
800001027,憤,,203000003,15,030000005,,,031000017,,フン,いきどお(る)
800001028,憩,,203000003,16,030000005,,,031000017,,ケイ,いこ(い)・いこ(う)
800001029,憶,,203000003,16,030000005,,,031000017,,オク,-
800001030,憾,,203000003,16,030000005,,,031000017,,カン,うら(む)
800001031,懇,,203000003,17,030000005,,,031000017,,コン,-
800001032,懐,,203000003,16,030000005,,,031000017,,カイ,ふところ・なつ(かしい)・なつ(く)
800001033,懲,,203000003,18,030000005,,,031000017,,チョウ,こ(りる)・こ(らす)・こ(らしめる)
800001034,懸,,203000003,20,030000005,,,031000017,,ケン,か(ける)・か(かる)
800001035,臨,,203000003,18,030000143,031000006,000000006,031000017,,リン,のぞ（む）
800001036,臣,,203000003,7,030000143,031000004,000000004,031000016,,ジン・シン,-
800001037,身,,203000003,7,030000182,031000003,000000003,031000015,,シン,み
800001038,辞,,203000003,13,030000093,031000004,000000004,031000015,,ジ,-
800001039,辛,,203000003,7,030000093,,,031000016,,シン,から(い)・つら(い)
800001040,優,,203000003,17,030000002,031000006,000000006,031000015,032000009,ユウ,やさ（しい）・すぐ（れる）
800001041,供,,203000003,8,030000002,031000006,000000006,031000015,,キョウ・ク,とも・そな（える）
800001042,値,,203000003,10,030000002,031000006,000000006,031000015,,チ,ね・あたい
800001043,仁,,203000003,4,030000002,031000006,000000006,031000017,,ジン・二,-
800001044,俳,,203000003,10,030000002,031000006,000000006,031000017,,ハイ,-
800001045,俵,,203000003,10,030000002,031000006,000000006,031000017,,ヒョウ,たわら
800001046,傷,,203000003,13,030000002,031000006,000000006,031000017,,ショウ,きず・いた（む）
800001047,任,,203000003,6,030000002,031000005,000000005,031000015,032000009,ニン,まか（す）
800001048,余,,203000003,7,030000002,031000005,000000005,031000015,032000009,ヨ,あま（る）
800001049,備,,203000003,12,030000002,031000005,000000005,031000015,032000009,ビ,そな（える）
800001050,件,,203000003,6,030000002,031000005,000000005,031000015,,ケン,-
800001051,似,,203000003,7,030000002,031000005,000000005,031000015,,ジ,に（る）
800001052,仏,,203000003,4,030000002,031000005,000000005,031000016,,ブツ,ほとけ
800001053,個,,203000003,10,030000002,031000005,000000005,031000016,,コ,-
800001054,停,,203000003,11,030000002,031000005,000000005,031000016,,テイ,-
800001055,像,,203000003,14,030000002,031000005,000000005,031000016,,ゾウ,-
800001056,仮,,203000003,6,030000002,031000005,000000005,031000017,,カ・ケ,かり
800001057,価,,203000003,8,030000002,031000005,000000005,031000017,,カ,あたい
800001058,保,,203000003,9,030000002,031000005,000000005,031000017,,ホ,たも（つ）
800001059,修,,203000003,10,030000002,031000005,000000005,031000017,,シュ・シユウ,おさめ（る）
800001060,低,,203000003,7,030000002,031000004,000000004,031000014,032000013,テイ,ひく（い）・ひく（まる）
800001061,働,,203000003,13,030000002,031000004,000000004,031000014,032000009,ドウ,はたら（く）
800001062,借,,203000003,10,030000002,031000004,000000004,031000014,032000009,シャク,か（りる）
800001063,信,,203000003,9,030000002,031000004,000000004,031000015,032000009,シン,-
800001064,付,,203000003,5,030000002,031000004,000000004,031000015,032000009,フ,つ（ける）・つ（く）
800001065,伝,,203000003,6,030000002,031000004,000000004,031000015,032000009,デン,つた（える）・つた（わる）
800001066,便,,203000003,9,030000002,031000004,000000004,031000014,,ベン・ビン,たよ（り）
800001067,以,,203000003,5,030000002,031000004,000000004,031000014,,イ,-
800001068,例,,203000003,8,030000002,031000004,000000004,031000015,,レイ,たと（える）
800001069,位,,203000003,7,030000002,031000004,000000004,031000015,,イ,くらい
800001070,候,,203000003,10,030000002,031000004,000000004,031000015,,コウ,-
800001071,側,,203000003,11,030000002,031000004,000000004,031000015,,ソク,がわ
800001072,令,,203000003,5,030000002,031000004,000000004,031000016,,レイ,-
800001073,仲,,203000003,6,030000002,031000004,000000004,031000016,,ちゅう,なか
800001074,億,,203000003,15,030000002,031000004,000000004,031000016,,オク,-
800001075,佐,,203000003,7,030000002,031000004,000000004,031000017,,サ,-
800001076,倉,,203000003,10,030000002,031000004,000000004,031000017,,ソウ,くら
800001077,健,,203000003,11,030000002,031000004,000000004,031000017,,ケン,すこ（やか）
800001078,使,,203000003,8,030000002,031000003,000000003,031000014,032000009,シ,つか（う）
800001079,住,,203000003,7,030000002,031000003,000000003,031000014,032000009,ジュウ,す（む）・す（まう）
800001080,仕,,203000003,5,030000002,031000003,000000003,031000014,,シ・ジ,つか（える）
800001081,代,,203000003,5,030000002,031000003,000000003,031000014,,ダイ・タイ,か（わる）・よ・しろ
800001082,他,,203000003,5,030000002,031000003,000000003,031000015,,タ,ほか
800001083,係,,203000003,9,030000002,031000003,000000003,031000015,,ケイ,かかり・かか（る）
800001084,倍,,203000003,10,030000002,031000003,000000003,031000016,,バイ,-
800001085,体,,203000003,7,030000002,031000002,000000002,031000014,032000010,タイ・テイ,からだ
800001086,何,,203000003,7,030000002,031000002,000000002,031000013,032000002,カ,なに・なん
800001087,今,,203000003,4,030000002,031000002,000000002,031000013,032000002,コン・キン,いま
800001088,来,,203000003,7,030000002,031000002,000000002,031000013,032000009,ライ,く（る）・き（たす）・きた（る）
800001089,作,,203000003,7,030000002,031000002,000000002,031000014,032000009,サク・サ,つく（る）
800001090,会,,203000003,6,030000002,031000002,000000002,031000014,,カイ・エ,あ（う）
800001091,休,,203000003,6,030000002,031000001,000000001,031000013,032000003,キュウ,やす（む）・やす（まる）・やす（める）
800001092,人,,203000003,2,030000002,031000001,000000001,031000013,032000003,ジン・ニン,ひと
800001093,倒,,203000003,10,030000002,,,031000015,032000009,トウ,たお(れる)・たお(す)
800001094,偉,,203000003,11,030000002,,,031000015,,イ,えら(い)
800001095,偶,,203000003,11,030000002,,,031000015,,グウ,たま（に）
800001096,依,,203000003,8,030000002,,,031000015,,イ・エ,よ(る)
800001097,傾,,203000003,13,030000002,,,031000015,,ケイ,かたむ(く) ・ かたむ(ける)
800001098,介,,203000003,4,030000002,,,031000016,,カイ,-
800001099,伸,,203000003,7,030000002,,,031000016,,シン,の(びる)・の(ばす)
800001100,伺,,203000003,7,030000002,,,031000016,,シ,うかが(う)
800001101,仙,,203000003,5,030000002,,,031000017,,セン,-
800001102,仰,,203000003,6,030000002,,,031000017,,ギョウ・コウ,あお(ぐ)・おお(せ)
800001103,企,,203000003,6,030000002,,,031000017,,キ,くわだ(てる)
800001104,伏,,203000003,6,030000002,,,031000017,,フク,ふ(せる)・ふ(す)
800001105,伐,,203000003,6,030000002,,,031000017,,バツ,-
800001106,伯,,203000003,7,030000002,,,031000017,,ハク,-
800001107,伴,,203000003,7,030000002,,,031000017,,ハン・バン,ともな(う)
800001108,但,,203000003,7,030000002,,,031000017,,タン,ただ(し)
800001109,佳,,203000003,8,030000002,,,031000017,,カ,-
800001110,併,,203000003,8,030000002,,,031000017,,ヘイ,あわ(せる)
800001111,侍,,203000003,8,030000002,,,031000017,,ジ,さむらい
800001112,侮,,203000003,8,030000002,,,031000017,,ブ,あなど(る)
800001113,侯,,203000003,9,030000002,,,031000017,,コウ,そうろう
800001114,侵,,203000003,9,030000002,,,031000017,,シン,おかす
800001115,促,,203000003,9,030000002,,,031000017,,ソク,うなが（す）
800001116,俊,,203000003,9,030000002,,,031000017,,シュン,-
800001117,俗,,203000003,9,030000002,,,031000017,,ゾク,-
800001118,俸,,203000003,10,030000002,,,031000017,,ホウ,-
800001119,倣,,203000003,10,030000002,,,031000017,,ホウ,なら(う)
800001120,倫,,203000003,10,030000002,,,031000017,,リン,-
800001121,倹,,203000003,10,030000002,,,031000017,,ケン,-
800001122,偏,,203000003,11,030000002,,,031000017,,ヘン,かたよ(る)
800001123,偵,,203000003,11,030000002,,,031000017,,テイ,-
800001124,偽,,203000003,11,030000002,,,031000017,,ギ,いつわ(る)・にせ
800001125,傍,,203000003,12,030000002,,,031000017,,ボウ,かたわら
800001126,傑,,203000003,12,030000002,,,031000017,,ケツ,-
800001127,傘,,203000003,12,030000002,,,031000017,,サン,かさ
800001128,催,,203000003,13,030000002,,,031000017,,サイ,もよお(す)
800001129,債,,203000003,13,030000002,,,031000017,,サイ,-
800001130,僕,,203000003,14,030000002,,,031000017,,ボク,しもべ
800001131,僚,,203000003,14,030000002,,,031000017,,リョウ,-
800001132,僧,,203000003,14,030000002,,,031000017,,ソウ,-
800001133,儀,,203000003,15,030000002,,,031000017,,ギ,-
800001134,儒,,203000003,16,030000002,,,031000017,,ジュ,-
800001135,償,,203000003,17,030000002,,,031000017,,ショウ,つぐな(う)
800001136,洗,,203000003,9,030000001,031000006,000000006,031000014,032000009,セン,あら（う）
800001137,済,,203000003,11,030000001,031000006,000000006,031000015,,サイ,す（む）
800001138,泉,,203000003,9,030000001,031000006,000000006,031000016,,セン,いずみ
800001139,沿,,203000003,8,030000001,031000006,000000006,031000017,,エン,そ（う）
800001140,派,,203000003,9,030000001,031000006,000000006,031000017,,ハ,-
800001141,源,,203000003,13,030000001,031000006,000000006,031000017,,ゲン,みなもと
800001142,潮,,203000003,15,030000001,031000006,000000006,031000017,,チョウ,しお・うしお
800001143,激,,203000003,16,030000001,031000006,000000006,031000017,,ゲキ,はげ（しい）
800001144,演,,203000003,14,030000001,031000005,000000005,031000015,,エン,-
800001145,永,,203000003,5,030000001,031000005,000000005,031000016,,エイ,なが（い）
800001146,河,,203000003,8,030000001,031000005,000000005,031000016,,カ,かわ
800001147,液,,203000003,11,030000001,031000005,000000005,031000016,,エキ,-
800001148,混,,203000003,11,030000001,031000005,000000005,031000016,,コン,ま（ざる）
800001149,減,,203000003,12,030000001,031000005,000000005,031000016,,ゲン,へ（る）
800001150,測,,203000003,12,030000001,031000005,000000005,031000016,,ソク,はか（る）
800001151,準,,203000003,13,030000001,031000005,000000005,031000016,,ジュン,-
800001152,潔,,203000003,15,030000001,031000005,000000005,031000017,,ケツ,いさぎよ（い）
800001153,治,,203000003,8,030000001,031000004,000000004,031000015,,ジ,なお（す）・おさ（める）
800001154,求,,203000003,7,030000001,031000004,000000004,031000015,,キュウ,もと（める）
800001155,法,,203000003,8,030000001,031000004,000000004,031000015,,ホウ,-
800001156,満,,203000003,12,030000001,031000004,000000004,031000015,,マン,み（たす）・み（ちる）
800001157,浅,,203000003,9,030000001,031000004,000000004,031000016,,-,あさ（い）
800001158,浴,,203000003,10,030000001,031000004,000000004,031000016,,ヨク,あ（びる）・あ（びせる）
800001159,清,,203000003,11,030000001,031000004,000000004,031000016,,セイ,きよ（める）・しず（まる）
800001160,漁,,203000003,14,030000001,031000004,000000004,031000016,,ギョ・リョウ,-
800001161,沖,,203000003,7,030000001,031000004,000000004,031000017,,チュウ,おき
800001162,泣,,203000003,8,030000001,031000004,000000004,031000017,,キュウ,な（く）
800001163,滋,,203000003,12,030000001,031000004,000000004,031000017,,シ・ジ,しげる・ます
800001164,潟,,203000003,15,030000001,031000004,000000004,031000017,,セキ,かた
800001165,注,,203000003,8,030000001,031000003,000000003,031000014,032000009,チュウ,そそ（ぐ）
800001166,漢,,203000003,13,030000001,031000003,000000003,031000014,,カン,-
800001167,洋,,203000003,9,030000001,031000003,000000003,031000014,,ヨウ,-
800001168,決,,203000003,7,030000001,031000003,000000003,031000015,,ケツ,き（まる）・き（める）
800001169,泳,,203000003,8,030000001,031000003,000000003,031000015,,エイ,およ（ぐ）
800001170,流,,203000003,10,030000001,031000003,000000003,031000015,,リュウ,なが（れる）
800001171,消,,203000003,10,030000001,031000003,000000003,031000015,,ショウ,け（す）・き（える）
800001172,港,,203000003,12,030000001,031000003,000000003,031000015,,コウ,みなと
800001173,氷,,203000003,5,030000001,031000003,000000003,031000016,,ヒョウ,こおり
800001174,油,,203000003,8,030000001,031000003,000000003,031000016,,ユ,あぶら
800001175,波,,203000003,8,030000001,031000003,000000003,031000016,,ハ,なみ
800001176,温,,203000003,12,030000001,031000003,000000003,031000016,,オン,-
800001177,湖,,203000003,12,030000001,031000003,000000003,031000016,,コ,みずうみ
800001178,湯,,203000003,12,030000001,031000003,000000003,031000016,,トウ,ゆ
800001179,深,,203000003,11,030000001,031000003,000000003,031000015,,シン,ふか（い）
800001180,海,,203000003,9,030000001,031000002,000000002,031000014,032000011,カイ,うみ
800001181,池,,203000003,6,030000001,031000002,000000002,031000014,032000011,チ,いけ
800001182,活,,203000003,9,030000001,031000002,000000002,031000014,,カツ,い（きる）
800001183,汽,,203000003,7,030000001,031000002,000000002,031000017,,キ,-
800001184,水,,203000003,4,030000001,031000001,000000001,031000013,032000002,スイ,みず
800001185,浮,,203000003,10,030000001,,,031000015,,フ,う(く)・う(かぶ)
800001186,渡,,203000003,12,030000001,,,031000015,,ト,わた(る)・わた(す)
800001187,汗,,203000003,6,030000001,,,031000016,,カン,あせ
800001188,汚,,203000003,6,030000001,,,031000016,,オ,よご(す)・きたな(い)
800001189,沈,,203000003,7,030000001,,,031000016,,チン,しず(む)・しず(める)
800001190,沸,,203000003,8,030000001,,,031000016,,フツ,わ（く）・わ（かす）
800001191,況,,203000003,8,030000001,,,031000016,,キョウ,-
800001192,泊,,203000003,8,030000001,,,031000016,,ハク,と(まる)・と(める)
800001193,泥,,203000003,8,030000001,,,031000016,,デイ,どろ
800001194,涙,,203000003,11,030000001,,,031000016,,ルイ,なみだ
800001195,涼,,203000003,11,030000001,,,031000016,,リョウ,すず(しい)
800001196,湾,,203000003,12,030000001,,,031000016,,ワン,-
800001197,湿,,203000003,12,030000001,,,031000016,,シツ,しめ(る)
800001198,溶,,203000003,13,030000001,,,031000016,,ヨウ,と(ける)・と(かす)
800001199,滴,,203000003,14,030000001,,,031000016,,テキ,しずく・したた(る)
800001200,濃,,203000003,13,030000001,,,031000016,,ノウ,こ(い)
800001201,濯,,203000003,17,030000001,,,031000016,,タク,-
800001202,汁,,203000003,5,030000001,,,031000017,,ジュウ,しる
800001203,江,,203000003,6,030000001,,,031000017,,コウ,え
800001204,没,,203000003,7,030000001,,,031000017,,ボツ,-
800001205,沢,,203000003,7,030000001,,,031000017,,タク,さわ
800001206,沼,,203000003,8,030000001,,,031000017,,ショウ,ぬま
800001207,泌,,203000003,8,030000001,,,031000017,,ヒ、ヒツ,-
800001208,泡,,203000003,8,030000001,,,031000017,,ホウ,あわ
800001209,泰,,203000003,10,030000001,,,031000017,,タイ,-
800001210,洞,,203000003,9,030000001,,,031000017,,ドウ,ほら
800001211,津,,203000003,9,030000001,,,031000017,,シン,つ
800001212,洪,,203000003,9,030000001,,,031000017,,コウ,-
800001213,浄,,203000003,9,030000001,,,031000017,,ジョウ,きよ(める)・きよ(まる)
800001214,浜,,203000003,10,030000001,,,031000017,,ヒン,はま
800001215,浦,,203000003,10,030000001,,,031000017,,ホ,うら
800001216,浪,,203000003,10,030000001,,,031000017,,ロウ,-
800001217,浸,,203000003,10,030000001,,,031000017,,シン,ひた(す)・ひた(る)
800001218,涯,,203000003,11,030000001,,,031000017,,ガイ,-
800001219,淑,,203000003,11,030000001,,,031000017,,シュク,しと(やか)
800001220,淡,,203000003,11,030000001,,,031000017,,タン,あわ(い)
800001221,添,,203000003,11,030000001,,,031000017,,テン,そ(える) ・そ(う)
800001222,渇,,203000003,11,030000001,,,031000017,,カツ,かわ(く)
800001223,渉,,203000003,11,030000001,,,031000017,,ショウ,-
800001224,渋,,203000003,11,030000001,,,031000017,,ジュウ,しぶ・しぶ(い)・しぶ(る)
800001225,渓,,203000003,11,030000001,,,031000017,,ケイ,-
800001226,渦,,203000003,12,030000001,,,031000017,,カ,うず
800001227,溝,,203000003,13,030000001,,,031000017,,コウ,みぞ
800001228,滅,,203000003,13,030000001,,,031000017,,メツ,ほろ(びる)・ほろ(ぼす)
800001229,滑,,203000003,12,030000001,,,031000017,,カツ・コツ,すべ(る)・なめ(らか)
800001230,滝,,203000003,13,030000001,,,031000017,,ロウ,たき
800001231,滞,,203000003,13,030000001,,,031000017,,タイ,とどこお(る)
800001232,漂,,203000003,14,030000001,,,031000017,,ヒョウ,たよ(よう)
800001233,漆,,203000003,14,030000001,,,031000017,,シツ,うるし
800001234,漏,,203000003,14,030000001,,,031000017,,ロウ,も(れる)・も(らす)
800001235,漠,,203000003,13,030000001,,,031000017,,バク,-
800001236,漫,,203000003,14,030000001,,,031000017,,マン,-
800001237,漬,,203000003,14,030000001,,,031000017,,シ,つ(ける)・つ(かる)
800001238,漸,,203000003,14,030000001,,,031000017,,ゼン,やや
800001239,潜,,203000003,15,030000001,,,031000017,,セン,ひそ(む)・もぐ(る)
800001240,潤,,203000003,15,030000001,,,031000017,,ジュン,うるお(う)・うるお(す)・うる(む)
800001241,澄,,203000003,15,030000001,,,031000017,,チョウ,す(む)・す(ます)
800001242,濁,,203000003,16,030000001,,,031000017,,ダク,にご(る)・にご(す)
800001243,濫,,203000003,18,030000001,,,031000017,,ラン,みだ(りに)
800001244,瀬,,203000003,19,030000001,,,031000017,,-,せ
800001245,専,,203000003,9,030000048,031000006,000000006,031000016,,セン,もっぱ（ら）
800001246,将,,203000003,10,030000048,031000006,000000006,031000016,,ショウ,-
800001247,尊,,203000003,12,030000048,031000006,000000006,031000016,,ソン,とうと（い）・たっと（い）
800001248,寸,,203000003,3,030000048,031000006,000000006,031000017,,スン,-
800001249,射,,203000003,10,030000048,031000006,000000006,031000017,,シャ,さ（す）・い（る）
800001250,導,,203000003,15,030000048,031000005,000000005,031000016,,ドウ,みちびき・みちび（く）
800001251,対,,203000003,7,030000048,031000003,000000003,031000015,,タイ・ツイ,-
800001252,寺,,203000003,6,030000048,031000002,000000002,031000014,,ジ,てら
800001253,封,,203000003,9,030000048,,,031000016,,フウ・ホウ,-
800001254,尉,,203000003,11,030000048,,,031000017,,イ,じょう
800001255,尋,,203000003,12,030000048,,,031000017,,ジン,たず(ねる)
800001256,産,,203000003,11,030000138,031000004,000000004,031000014,032000009,サン,う（まれる）・う（む）
800001257,生,,203000003,5,030000138,031000001,000000001,031000013,032000003,セイ・ショウ,い（きる）・う（まれる）・お（う）・は（える）・き・なま
800001258,静,,203000003,14,030000208,031000004,000000004,031000015,,セイ,しず（か）・しず（まる）
800001259,青,,203000003,8,030000208,031000001,000000001,031000014,032000006,セイ・ショウ,あお
800001260,砂,,203000003,9,030000035,031000006,000000006,031000016,,サ・シャ,すな
800001261,磁,,203000003,14,030000035,031000006,000000006,031000017,,ジ,-
800001262,破,,203000003,10,030000035,031000005,000000005,031000015,,ハ,やぶ（れる）
800001263,確,,203000003,15,030000035,031000005,000000005,031000015,,カク,たし（かめる）
800001264,研,,203000003,9,030000035,031000003,000000003,031000014,,ケン,と（ぐ）
800001265,石,,203000003,5,030000035,031000001,000000001,031000014,,セキ・シャク・コク,いし
800001266,硬,,203000003,12,030000035,,,031000016,,コウ,かた(い)
800001267,磨,,203000003,16,030000035,,,031000016,,マ,みが(く)
800001268,砕,,203000003,9,030000035,,,031000017,,サイ,くだ(く)・くだ(ける)
800001269,砲,,203000003,10,030000035,,,031000017,,ホウ,-
800001270,硝,,203000003,12,030000035,,,031000017,,ショウ,-
800001271,硫,,203000003,12,030000035,,,031000017,,リュウ,-
800001272,碁,,203000003,13,030000035,,,031000017,,ゴ,-
800001273,碑,,203000003,13,030000035,,,031000017,,ヒ,いしぶみ
800001274,礁,,203000003,17,030000035,,,031000017,,ショウ,-
800001275,礎,,203000003,18,030000035,,,031000017,,ソ,いしずえ
800001276,赤,,203000003,7,030000148,031000001,000000001,031000014,032000006,セキ・シャク,あか・あか（らめる）
800001277,赦,,203000003,11,030000148,,,031000017,,シャ,-
800001278,舌,,203000003,6,030000122,031000006,000000006,031000017,,ゼツ,した
800001279,舎,,203000003,8,030000122,031000005,000000005,031000017,,シャ,-
800001280,舗,,203000003,15,030000122,,,031000017,,ホ,-
800001281,舞,,203000003,15,030000178,,,031000015,,ブ,まい・ま(う)
800001282,起,,203000003,10,030000081,031000003,000000003,031000014,032000009,キ,お（きる）・お（こす）・お（こる）
800001283,走,,203000003,7,030000081,031000002,000000002,031000014,032000009,ソウ,はし（る）
800001284,越,,203000003,12,030000081,,,031000015,,エツ,こ(す)・こ(える)
800001285,超,,203000003,12,030000081,,,031000016,,チョウ,こ(える)・こ(す)
800001286,赴,,203000003,9,030000081,,,031000017,,フ,おもむ(く)
800001287,趣,,203000003,15,030000081,,,031000017,,シュ,おもむき・おもむ(く)
800001288,路,,203000003,13,030000050,031000003,000000003,031000015,,ロ,みち
800001289,足,,203000003,7,030000050,031000001,000000001,031000013,032000010,ソク,た（りる）・た（す）・あし
800001290,跡,,203000003,13,030000050,,,031000016,,セキ,あと
800001291,踊,,203000003,14,030000050,,,031000016,,ヨウ,おど(る)
800001292,距,,203000003,12,030000050,,,031000017,,キョ,-
800001293,跳,,203000003,13,030000050,,,031000017,,チョウ,と(ぶ)
800001294,践,,203000003,13,030000050,,,031000017,,セン,-
800001295,踏,,203000003,15,030000050,,,031000017,,トウ,ふ(む)・ふ(まえる)
800001296,躍,,203000003,21,030000050,,,031000017,,ヤク,おど(る)
800001297,奏,,203000003,9,030000032,031000006,000000006,031000017,,ソウ,かな（でる）
800001298,奮,,203000003,16,030000032,031000006,000000006,031000017,,フン,ふる（う）
800001299,夫,,203000003,4,030000032,031000004,000000004,031000015,,フ,おっと
800001300,失,,203000003,5,030000032,031000004,000000004,031000015,,シツ,うしな（う）
800001301,奈,,203000003,8,030000032,031000004,000000004,,,ナ,-
800001302,央,,203000003,5,030000032,031000003,000000003,031000016,,オウ,-
800001303,太,,203000003,4,030000032,031000002,000000002,031000013,032000018,タイ・タ,ふと（い）
800001304,大,,203000003,3,030000032,031000001,000000001,031000013,032000007,タイ・ダイ,おお（きい）・おお（いに）
800001305,天,,203000003,4,030000032,031000001,000000001,031000013,032000005,テン,あま・あめ
800001306,奥,,203000003,12,030000032,,,031000015,,オウ,おく
800001307,奇,,203000003,8,030000032,,,031000017,,キ,あや(しい)
800001308,奉,,203000003,8,030000032,,,031000017,,ホウ・ブ,たてまつる
800001309,契,,203000003,9,030000032,,,031000017,,ケイ,ちぎ(る)
800001310,奔,,203000003,8,030000032,,,031000017,,ホン,はし(る)
800001311,奨,,203000003,13,030000032,,,031000017,,ショウ,すす(める)
800001312,奪,,203000003,14,030000032,,,031000017,,ダツ,うば(う)
800001313,農,,203000003,13,030000149,031000003,000000003,031000016,,ノウ,-
800001314,辱,,203000003,10,030000149,,,031000017,,ジョク,はずかし(める)
800001315,谷,,203000003,7,030000180,031000002,000000002,031000016,,コク,たに
800001316,簡,,203000003,18,030000021,031000006,000000006,031000016,,カン,-
800001317,筋,,203000003,12,030000021,031000006,000000006,031000017,,キン,すじ
800001318,策,,203000003,12,030000021,031000006,000000006,031000017,,サク,-
800001319,築,,203000003,16,030000021,031000005,000000005,031000016,,チク,きず（く）
800001320,笑,,203000003,10,030000021,031000004,000000004,031000015,,-,わら（う）
800001321,管,,203000003,14,030000021,031000004,000000004,031000016,,カン,くだ
800001322,節,,203000003,13,030000021,031000004,000000004,031000017,,セツ・セチ,ふし
800001323,等,,203000003,12,030000021,031000003,000000003,031000015,,トウ,ひと（しい）
800001324,箱,,203000003,15,030000021,031000003,000000003,031000015,,-,はこ
800001325,筆,,203000003,12,030000021,031000003,000000003,031000016,,ヒツ,ふで
800001326,笛,,203000003,11,030000021,031000003,000000003,031000017,,テキ,ふえ
800001327,第,,203000003,11,030000021,031000003,000000003,031000017,,ダイ,-
800001328,答,,203000003,12,030000021,031000002,000000002,031000014,032000009,トウ,こた（える）
800001329,算,,203000003,14,030000021,031000002,000000002,031000016,,サン,-
800001330,竹,,203000003,6,030000021,031000001,000000001,031000016,,チク,たけ
800001331,符,,203000003,11,030000021,,,031000016,,フ,-
800001332,筒,,203000003,12,030000021,,,031000016,,トウ,つつ
800001333,籍,,203000003,20,030000021,,,031000016,,セキ,-
800001334,箇,,203000003,14,030000021,,,031000017,,カ,-
800001335,範,,203000003,15,030000021,,,031000017,,ハン,-
800001336,篤,,203000003,16,030000021,,,031000017,,トク,あつ(い)
800001337,簿,,203000003,19,030000021,,,031000017,,ボ,-
800001338,蚕,,203000003,10,030000054,031000006,000000006,031000017,,サン,かいこ
800001339,虫,,203000003,6,030000054,031000001,000000001,031000015,,チュウ,むし
800001340,蚊,,203000003,10,030000054,,,031000017,,ブン,か
800001341,蛇,,203000003,11,030000054,,,031000017,,ジャ・ダ,へび
800001342,蛍,,203000003,11,030000054,,,031000017,,ケイ,ほたる
800001343,蛮,,203000003,12,030000054,,,031000017,,バン,-
800001344,融,,203000003,16,030000054,,,031000017,,ユウ,と(ける)・と(かす)
800001345,長,,203000003,8,030000183,031000002,000000002,031000013,032000026,チョウ,なが（い）
800001346,鳥,,203000003,11,030000109,031000002,000000002,031000014,032000012,チョウ,とり
800001347,鳴,,203000003,14,030000109,031000002,000000002,031000014,032000009,メイ,な（く）
800001348,鶏,,203000003,18,030000109,,,031000017,,ケイ,にわとり
800001349,爵,,203000003,17,030000101,,,031000017,,シャク,-
800001350,異,,203000003,11,030000026,031000006,000000006,031000017,,イ,こと（なる）
800001351,留,,203000003,10,030000026,031000005,000000005,031000015,,リュウ・ル,と（める）
800001352,略,,203000003,11,030000026,031000005,000000005,031000016,,リャク,-
800001353,界,,203000003,9,030000026,031000003,000000003,031000014,032000011,カイ,-
800001354,由,,203000003,5,030000026,031000003,000000003,031000015,,ユウ,ゆえ
800001355,申,,203000003,5,030000026,031000003,000000003,031000015,,シン,もう（す）
800001356,畑,,203000003,9,030000026,031000003,000000003,,,ハタ,はたけ
800001357,画,,203000003,8,030000026,031000002,000000002,031000014,032000009,ガ・ガク,えが（く）・かく
800001358,番,,203000003,12,030000026,031000002,000000002,031000014,,バン,-
800001359,男,,203000003,7,030000026,031000001,000000001,031000013,032000003,ダン・ナン,おとこ
800001360,町,,203000003,7,030000026,031000001,000000001,031000014,032000011,チョウ,まち
800001361,田,,203000003,5,030000026,031000001,000000001,031000014,032000011,デン,た
800001362,畜,,203000003,10,030000026,,,031000016,,チク,-
800001363,畳,,203000003,12,030000026,,,031000016,,ジョウ,たたみ・たた(む)
800001364,甲,,203000003,5,030000026,,,031000017,,コウ・カン,-
800001365,畔,,203000003,10,030000026,,,031000017,,ハン,あぜ
800001366,畝,,203000003,10,030000026,,,031000017,,ボウ・ホ,うね
800001367,料,,203000003,10,030000118,031000004,000000004,031000014,,リョウ,-
800001368,斗,,203000003,4,030000118,,,031000017,,ト,-
800001369,斜,,203000003,11,030000118,,,031000017,,シャ,なな(め)
800001370,域,,203000003,11,030000010,031000006,000000006,031000016,,イキ,-
800001371,垂,,203000003,8,030000010,031000006,000000006,031000017,,スイ,た（れる）
800001372,堂,,203000003,11,030000010,031000005,000000005,031000014,032000011,ドウ,-
800001373,在,,203000003,6,030000010,031000005,000000005,031000015,,ザイ,あ（る）
800001374,報,,203000003,12,030000010,031000005,000000005,031000015,,ホウ,むく（いる）
800001375,増,,203000003,14,030000010,031000005,000000005,031000015,,ゾウ,ふ（える）・ま（す）
800001376,圧,,203000003,5,030000010,031000005,000000005,031000016,,アツ,-
800001377,均,,203000003,7,030000010,031000005,000000005,031000016,,キン,-
800001378,型,,203000003,9,030000010,031000005,000000005,031000016,,ケイ,かた
800001379,境,,203000003,14,030000010,031000005,000000005,031000016,,キョウ・ケイ,さかい
800001380,基,,203000003,11,030000010,031000005,000000005,031000017,,キ,もと・もとい
800001381,墓,,203000003,13,030000010,031000005,000000005,031000017,,ボ,はか
800001382,城,,203000003,9,030000010,031000004,000000004,031000016,,ジョウ,しろ
800001383,埼,,203000003,11,030000010,031000004,000000004,,,-,さい
800001384,坂,,203000003,7,030000010,031000003,000000003,031000016,,-,さか
800001385,場,,203000003,12,030000010,031000002,000000002,031000014,032000011,ジョウ,ば
800001386,地,,203000003,6,030000010,031000002,000000002,031000014,032000011,チ・ジ,-
800001387,土,,203000003,3,030000010,031000001,000000001,031000013,032000002,ド・ト,つち
800001388,埋,,203000003,10,030000010,,,031000015,,マイ,う(める)・う(まる)
800001389,塗,,203000003,13,030000010,,,031000016,,ト,ぬ(る)
800001390,塔,,203000003,12,030000010,,,031000016,,トウ,-
800001391,坑,,203000003,7,030000010,,,031000017,,コウ,-
800001392,坪,,203000003,8,030000010,,,031000017,,ヘイ,つぼ
800001393,垣,,203000003,9,030000010,,,031000017,,エン,かき
800001394,執,,203000003,11,030000010,,,031000017,,シツ・シュ,と(る)
800001395,培,,203000003,11,030000010,,,031000017,,バイ,つちか(う)
800001396,堀,,203000003,11,030000010,,,031000017,,クツ・コツ,ほり
800001397,堅,,203000003,12,030000010,,,031000017,,ケン,かた(い)
800001398,堕,,203000003,12,030000010,,,031000017,,ダ,お(ちる)
800001399,堤,,203000003,12,030000010,,,031000017,,テイ,つつみ
800001400,堪,,203000003,12,030000010,,,031000017,,カン,た(える)
800001401,塀,,203000003,12,030000010,,,031000017,,ヘイ,-
800001402,塁,,203000003,12,030000010,,,031000017,,ルイ,-
800001403,塊,,203000003,13,030000010,,,031000017,,カイ,かたまり
800001404,塑,,203000003,13,030000010,,,031000017,,ソ,-
800001405,塚,,203000003,12,030000010,,,031000017,,-,つか
800001406,塾,,203000003,14,030000010,,,031000017,,ジュク,-
800001407,墜,,203000003,15,030000010,,,031000017,,ツイ,お(ちる)
800001408,墨,,203000003,14,030000010,,,031000017,,ボク,すみ
800001409,墳,,203000003,15,030000010,,,031000017,,フン,-
800001410,墾,,203000003,16,030000010,,,031000017,,コン,ひらく・は(る)
800001411,壁,,203000003,16,030000010,,,031000017,,ヘキ,かべ
800001412,壇,,203000003,16,030000010,,,031000017,,ダン・タン,-
800001413,壊,,203000003,16,030000010,,,031000017,,カイ,こわ(す)・こわ(れる)
800001414,壌,,203000003,16,030000010,,,031000017,,ジョウ,-
800001415,塩,,203000003,13,030000010,031000004,000000004,031000016,,エン,しお
800001416,割,,203000003,12,030000018,031000006,000000006,031000015,032000009,カツ,わ（る）・わり・さ（く）
800001417,刻,,203000003,8,030000018,031000006,000000006,031000015,,コク,きざ（む）
800001418,券,,203000003,8,030000018,031000006,000000006,031000016,,ケン,-
800001419,劇,,203000003,15,030000018,031000006,000000006,031000016,,ゲキ,-
800001420,創,,203000003,12,030000018,031000006,000000006,031000017,,ソウ,つく（る）
800001421,判,,203000003,7,030000018,031000005,000000005,031000015,032000009,ハン・バン,-
800001422,制,,203000003,8,030000018,031000005,000000005,031000015,032000009,セイ,-
800001423,刊,,203000003,5,030000018,031000005,000000005,031000016,,カン,-
800001424,則,,203000003,9,030000018,031000005,000000005,031000016,,ソク,-
800001425,別,,203000003,7,030000018,031000004,000000004,031000014,032000013,ベツ,わか（れ）
800001426,初,,203000003,7,030000018,031000004,000000004,031000015,,ショ,はつ・はじ（め）
800001427,利,,203000003,7,030000018,031000004,000000004,031000015,,リ,-
800001428,刷,,203000003,8,030000018,031000004,000000004,031000016,,サツ,す（る）
800001429,副,,203000003,11,030000018,031000004,000000004,031000016,,フク,-
800001430,列,,203000003,6,030000018,031000003,000000003,031000015,,レツ,-
800001431,分,,203000003,4,030000018,031000002,000000002,031000013,032000002,ブン・ブ・フン,わ（ける）
800001432,前,,203000003,9,030000018,031000002,000000002,031000013,032000025,ゼン,まえ
800001433,切,,203000003,4,030000018,031000002,000000002,031000014,032000009,セツ,き（る）
800001434,刀,,203000003,2,030000018,031000002,000000002,031000017,,トウ,かたな
800001435,到,,203000003,8,030000018,,,031000015,032000009,トウ,いたる
800001436,刺,,203000003,8,030000018,,,031000015,,シ,さ(す)・さ(さる)
800001437,刃,,203000003,3,030000018,,,031000017,,ジン,は
800001438,刈,,203000003,4,030000018,,,031000017,,ガイ,か(る)
800001439,刑,,203000003,6,030000018,,,031000017,,ケイ,-
800001440,削,,203000003,9,030000018,,,031000017,,サク,けず(る)
800001441,剖,,203000003,10,030000018,,,031000017,,ボウ,-
800001442,剛,,203000003,10,030000018,,,031000017,,ゴウ,-
800001443,剣,,203000003,10,030000018,,,031000017,,ケン,つるぎ
800001444,剤,,203000003,10,030000018,,,031000017,,ザイ,-
800001445,剰,,203000003,11,030000018,,,031000017,,ジョウ,-
800001446,豊,,203000003,13,030000147,031000005,000000005,031000016,,ホウ,ゆたか
800001447,豆,,203000003,7,030000147,031000003,000000003,031000017,,トウ・ズ,まめ
800001448,酸,,203000003,14,030000040,031000005,000000005,031000017,,サン,す（い）
800001449,配,,203000003,10,030000040,031000003,000000003,031000015,,ハイ,くば（る）
800001450,酒,,203000003,10,030000040,031000003,000000003,031000015,,シュ,さけ・さか
800001451,酌,,203000003,10,030000040,,,031000017,,シャク,く(む)
800001452,酔,,203000003,11,030000040,,,031000017,,スイ,よ(う)
800001453,酢,,203000003,12,030000040,,,031000017,,サク,す
800001454,酪,,203000003,13,030000040,,,031000017,,ラク,-
800001455,酬,,203000003,13,030000040,,,031000017,,シュウ,むく(いる)
800001456,酵,,203000003,14,030000040,,,031000017,,コウ,-
800001457,酷,,203000003,14,030000040,,,031000017,,コク,むご(い)・ひど(い)
800001458,醜,,203000003,17,030000040,,,031000017,,シュウ,みみにく(い)
800001459,醸,,203000003,20,030000040,,,031000017,,ジョウ,かも(す)
800001460,井,,203000003,4,030000083,031000004,000000004,031000017,,-,い
800001461,二,,203000003,2,030000083,031000001,000000001,031000013,032000001,二,ふた（つ）
800001462,五,,203000003,4,030000083,031000001,000000001,031000013,032000001,ゴ,いつ（つ）
800001463,弐,,203000003,6,030000083,,,031000017,,ニ,ふた・ふたつ
800001464,互,,203000003,4,030000083,,,031000015,,ゴ,たが(いに)
800001465,亜,,203000003,7,030000083,,,031000017,,ア,-
800001466,背,,203000003,9,030000012,031000006,000000006,031000015,,ハイ,せ・そむ（く）
800001467,腹,,203000003,13,030000012,031000006,000000006,031000015,,フク,はら
800001468,胃,,203000003,9,030000012,031000006,000000006,031000016,,イ,-
800001469,胸,,203000003,10,030000012,031000006,000000006,031000016,,キョウ,むね
800001470,脳,,203000003,11,030000012,031000006,000000006,031000016,,ノウ,のう（みそ）
800001471,臓,,203000003,19,030000012,031000006,000000006,031000016,,ゾウ,-
800001472,肺,,203000003,9,030000012,031000006,000000006,031000017,,ハイ,はい
800001473,腸,,203000003,13,030000012,031000006,000000006,031000017,,チョウ,-
800001474,能,,203000003,10,030000012,031000005,000000005,031000015,,ノウ,-
800001475,肥,,203000003,8,030000012,031000005,000000005,031000017,,ヒ,こ（やし）・こ（える）
800001476,脈,,203000003,10,030000012,031000005,000000005,031000017,,ミャク,-
800001477,育,,203000003,8,030000012,031000003,000000003,031000015,,イク,そだ（てる）・はぐ（くむ）
800001478,肉,,203000003,6,030000012,031000002,000000002,031000014,032000021,ニク,-
800001479,肌,,203000003,6,030000012,,,031000016,,キ,はだ
800001480,肩,,203000003,8,030000012,,,031000016,,ケン,かた
800001481,肯,,203000003,8,030000012,,,031000016,,コウ,-
800001482,脂,,203000003,10,030000012,,,031000016,,シ,あぶら
800001483,腕,,203000003,12,030000012,,,031000016,,ワン,うで
800001484,腰,,203000003,13,030000012,,,031000016,,ヨウ,こし
800001485,膚,,203000003,15,030000012,,,031000016,,フ,はだ
800001486,肖,,203000003,7,030000012,,,031000017,,ショウ,あやか(る)
800001487,肝,,203000003,7,030000012,,,031000017,,カン,きも
800001488,肢,,203000003,8,030000012,,,031000017,,シ,-
800001489,肪,,203000003,8,030000012,,,031000017,,ボウ,-
800001490,胆,,203000003,9,030000012,,,031000017,,タン,きも
800001491,胎,,203000003,9,030000012,,,031000017,,タイ,-
800001492,胞,,203000003,9,030000012,,,031000017,,ホウ,-
800001493,胴,,203000003,10,030000012,,,031000017,,ドウ,-
800001494,脅,,203000003,10,030000012,,,031000017,,キョウ,おびや(かす)・おど(かす)・おど(す)
800001495,脚,,203000003,11,030000012,,,031000017,,キャク・キャ,あし
800001496,脱,,203000003,11,030000012,,,031000017,,ダツ,ぬ(ぐ)・ぬ(げる)
800001497,脹,,203000003,12,030000012,,,031000017,,チョウ,ふく(らむ)・ふく(れる)
800001498,腐,,203000003,14,030000012,,,031000017,,フ,くさ(る)・くさ(らす)
800001499,膜,,203000003,14,030000012,,,031000017,,マク,-
800001500,膨,,203000003,16,030000012,,,031000017,,ボウ,ふく(らむ)・ふく(れる)
800001501,映,,203000003,9,030000015,031000006,000000006,031000014,,エイ,うつ（す）・は（える）
800001502,晩,,203000003,12,030000015,031000006,000000006,031000015,,バン,-
800001503,暮,,203000003,14,030000015,031000006,000000006,031000015,,ボ,く（らす）
800001504,暖,,203000003,13,030000015,031000006,000000006,031000017,,ダン・ノン,あたた（かい）・あたた（まる）
800001505,易,,203000003,8,030000015,031000005,000000005,031000015,,イ・エキ,やさ（しい）
800001506,旧,,203000003,5,030000015,031000005,000000005,031000016,,キュウ,-
800001507,暴,,203000003,15,030000015,031000005,000000005,031000016,,ボウ,あば（れる）・あば（く）
800001508,昨,,203000003,9,030000015,031000004,000000004,031000015,,サク,-
800001509,景,,203000003,12,030000015,031000004,000000004,031000015,,ケイ,-
800001510,暗,,203000003,13,030000015,031000003,000000003,031000014,032000013,アン,くら（い）
800001511,暑,,203000003,12,030000015,031000003,000000003,031000014,032000013,ショ,あつ（い）
800001512,昔,,203000003,8,030000015,031000003,000000003,031000015,,セキ・ジャク,むかし
800001513,昭,,203000003,9,030000015,031000003,000000003,031000017,,ショウ,-
800001514,明,,203000003,8,030000015,031000002,000000002,031000014,032000013,メイ・ミョウ,あか（るい）・あか（り）・あき（らか）・あ（かす）・あ（く）
800001515,時,,203000003,10,030000015,031000002,000000002,031000013,032000002,ジ,とき
800001516,昼,,203000003,9,030000015,031000002,000000002,031000014,032000002,チュウ,ひる
800001517,曜,,203000003,18,030000015,031000002,000000002,031000014,032000002,ヨウ,-
800001518,晴,,203000003,12,030000015,031000002,000000002,031000014,032000005,セイ,は（れる）
800001519,春,,203000003,9,030000015,031000002,000000002,031000014,032000020,シュン,はる
800001520,星,,203000003,9,030000015,031000002,000000002,031000016,,セイ・ショウ,ほし
800001521,早,,203000003,6,030000015,031000001,000000001,031000014,032000013,ソウ・サッ,はや（い）・はや（まる）
800001522,日,,203000003,4,030000015,031000001,000000001,031000013,032000002,ニチ・ジツ,ひ・か
800001523,昇,,203000003,8,030000015,,,031000016,,ショウ,のぼ(る)
800001524,普,,203000003,12,030000015,,,031000016,,フ,-
800001525,曇,,203000003,16,030000015,,,031000016,,ドン,くも(る)・くも(り)
800001526,旨,,203000003,6,030000015,,,031000017,,シ,むね・うま(い)
800001527,旬,,203000003,6,030000015,,,031000017,,ジュン・シュン,-
800001528,昆,,203000003,8,030000015,,,031000017,,コン,-
800001529,是,,203000003,9,030000015,,,031000017,,ゼ,これ
800001530,晶,,203000003,12,030000015,,,031000017,,ショウ,-
800001531,暁,,203000003,12,030000015,,,031000017,,ギョウ,あかつき
800001532,暇,,203000003,13,030000015,,,031000017,,カ,ひま
800001533,暦,,203000003,14,030000015,,,031000017,,レキ,こよみ
800001534,暫,,203000003,15,030000015,,,031000017,,ザン,しばら(く)
800001535,全,,203000003,6,030000095,031000003,000000003,031000015,,ゼン,まった（く）・すべ（て）
800001536,内,,203000003,4,030000095,031000002,000000002,031000013,032000015,ダイ・ナイ,うち
800001537,入,,203000003,2,030000095,031000001,000000001,031000013,032000009,ニュウ,はい（る）・い（れる）
800001538,験,,203000003,18,030000051,031000004,000000004,031000014,032000009,ケン,-
800001539,駅,,203000003,14,030000051,031000003,000000003,031000013,032000004,エキ,-
800001540,馬,,203000003,10,030000051,031000002,000000002,031000014,,バ,うま・ま
800001541,駐,,203000003,15,030000051,,,031000016,,チュウ,-
800001542,駄,,203000003,14,030000051,,,031000017,,ダ・タ,-
800001543,駆,,203000003,14,030000051,,,031000017,,ク,か(ける)・か(る)
800001544,騎,,203000003,18,030000051,,,031000017,,キ,-
800001545,騒,,203000003,18,030000051,,,031000017,,ソウ,さわ(ぐ)
800001546,騰,,203000003,20,030000051,,,031000017,,トウ,-
800001547,驚,,203000003,22,030000051,,,031000017,,キョウ,おどろ(く)・おどろ(かす)
800001548,皇,,203000003,9,030000091,031000006,000000006,031000017,,コウ・オウ,-
800001549,的,,203000003,8,030000091,031000004,000000004,031000014,,テキ,まと
800001550,白,,203000003,5,030000091,031000001,000000001,031000013,032000006,ハク・ビャク,しろ（い）・しろ・しら
800001551,百,,203000003,6,030000091,031000001,000000001,031000013,032000001,ヒャク,-
800001552,皆,,203000003,9,030000091,,,031000015,,カイ,みな
800001553,麦,,203000003,7,,031000002,000000002,031000014,,バク,むぎ
800001554,共,,203000003,6,030000060,031000004,000000004,031000015,,キョウ,とも
800001555,兵,,203000003,7,030000060,031000004,000000004,031000016,,ヘイ・ヒョウ,-
800001556,典,,203000003,8,030000060,031000004,000000004,031000017,,テン,-
800001557,具,,203000003,8,030000060,031000003,000000003,031000015,,グ,-
800001558,公,,203000003,4,030000060,031000002,000000002,031000014,,コウ・ク,おおやけ
800001559,六,,203000003,4,030000060,031000001,000000001,031000013,032000001,ロク,むっ（つ）・む・むい
800001560,八,,203000003,2,030000060,031000001,000000001,031000013,032000001,ハチ,やっ（つ）・や
800001561,兼,,203000003,10,030000060,,,031000017,,ケン,か(ねる)
800001562,釈,,203000003,11,030000150,,,031000017,,シャク,-
800001563,比,,203000003,5,030000166,031000005,000000005,031000016,,ヒ,くら（べる）
800001564,皮,,203000003,5,030000174,031000003,000000003,031000016,,ヒ・ピ,かわ
800001565,非,,203000003,8,030000185,031000005,000000005,031000015,,ヒ,-
800001566,飛,,203000003,9,030000189,031000004,000000004,,,ヒ,と（ぶ）・と（ばす）
800001567,鼻,,203000003,14,030000200,031000003,000000003,031000016,,ビ,はな
800001568,疑,,203000003,14,030000139,031000006,000000006,031000015,,ギ,うたが（う）
800001569,疎,,203000003,12,030000139,,,031000017,,ソ,うと・い、うと・む、まば・ら
800001570,父,,203000003,4,030000169,031000002,000000002,031000013,032000003,フ,ちち
800001571,降,,203000003,10,030000019,031000006,000000006,031000015,,コウ,お（りる）・ふ（る）
800001572,除,,203000003,10,030000019,031000006,000000006,031000015,,ジョ・ジ,のぞ（く）
800001573,陛,,203000003,10,030000019,031000006,000000006,031000017,,ヘイ,-
800001574,障,,203000003,14,030000019,031000006,000000006,031000017,,ショウ,さわ（る）
800001575,限,,203000003,9,030000019,031000005,000000005,031000015,,ゲン,かぎ（る）
800001576,険,,203000003,11,030000019,031000005,000000005,031000015,,ケン,けわ（しい）
800001577,際,,203000003,14,030000019,031000005,000000005,031000015,,サイ,きわ・ぎわ
800001578,防,,203000003,7,030000019,031000005,000000005,031000016,,ボウ,ふせ（ぐ）
800001579,阪,,203000003,7,030000019,031000004,000000004,031000015,,ハン,さか
800001580,陸,,203000003,11,030000019,031000004,000000004,031000016,,リク,-
800001581,隊,,203000003,12,030000019,031000004,000000004,031000017,,タイ,-
800001582,阜,,203000003,8,030000019,031000004,000000004,,,フ,-
800001583,院,,203000003,10,030000019,031000003,000000003,031000014,032000011,イン,-
800001584,陽,,203000003,12,030000019,031000003,000000003,031000015,,ヨウ,-
800001585,階,,203000003,12,030000019,031000003,000000003,031000016,,カイ,-
800001586,隅,,203000003,12,030000019,,,031000016,,グウ,すみ
800001587,阻,,203000003,8,030000019,,,031000017,,ソ,はば(む)
800001588,附,,203000003,8,030000019,,,031000017,,フ,つ(ける)・つ(く)
800001589,陣,,203000003,10,030000019,,,031000017,,ジン,-
800001590,陥,,203000003,10,030000019,,,031000017,,カン,おちい(る)・おとしい(れる)
800001591,陪,,203000003,11,030000019,,,031000017,,バイ,-
800001592,陰,,203000003,11,030000019,,,031000017,,イン,かげ・かげ(る)
800001593,陳,,203000003,11,030000019,,,031000017,,チン,-
800001594,陵,,203000003,11,030000019,,,031000017,,リョウ,みささぎ
800001595,陶,,203000003,11,030000019,,,031000017,,トウ,-
800001596,隆,,203000003,11,030000019,,,031000017,,リュウ,-
800001597,随,,203000003,12,030000019,,,031000017,,スイ,まにま(に)
800001598,隔,,203000003,13,030000019,,,031000017,,カク,へだ(てる)・へだ(たる)
800001599,隠,,203000003,14,030000019,,,031000017,,イン,かく(れる)・かく(す)
800001600,隣,,203000003,16,030000019,,,031000017,,リン,となり・とな(る)
800001601,風,,203000003,9,030000188,031000002,000000002,031000014,032000005,フウ,かぜ・かざ
800001602,文,,203000003,4,030000132,031000001,000000001,031000014,,ブン・モン,ふみ
800001603,糖,,203000003,16,030000053,031000006,000000006,031000017,,トウ,-
800001604,精,,203000003,14,030000053,031000005,000000005,031000015,,セイ・ショウ,-
800001605,粉,,203000003,10,030000053,031000005,000000005,031000016,,フン,こな・こ
800001606,米,,203000003,6,030000053,031000002,000000002,031000014,,ベイ,こめ
800001607,粒,,203000003,11,030000053,,,031000016,,リュウ,つぶ
800001608,粋,,203000003,10,030000053,,,031000017,,スイ,いき
800001609,粗,,203000003,11,030000053,,,031000017,,ソ,あら(い)
800001610,粘,,203000003,11,030000053,,,031000017,,ネン,ねば(る)
800001611,糧,,203000003,18,030000053,,,031000017,,リョウ、ロウ,かて
800001612,頂,,203000003,11,030000025,031000006,000000006,031000015,,チョウ,いただ（く）・いただき
800001613,預,,203000003,13,030000025,031000006,000000006,031000016,,ヨ,あず（ける）・あず（かる）
800001614,領,,203000003,14,030000025,031000005,000000005,031000016,,リョウ,-
800001615,額,,203000003,18,030000025,031000005,000000005,031000016,,ガク,ひたい
800001616,願,,203000003,19,030000025,031000004,000000004,031000015,,ガン,ねが（い）
800001617,類,,203000003,18,030000025,031000004,000000004,031000015,,ルイ,たぐ（い）
800001618,順,,203000003,12,030000025,031000004,000000004,031000016,,ジュン,-
800001619,題,,203000003,18,030000025,031000003,000000003,031000014,,ダイ,-
800001620,顔,,203000003,18,030000025,031000002,000000002,031000014,032000010,ガン,かお
800001621,頭,,203000003,16,030000025,031000002,000000002,031000014,032000010,トウ・ズ,あたま・かしら
800001622,頼,,203000003,16,030000025,,,031000015,,ライ,たの(む)・たよ(る)
800001623,項,,203000003,12,030000025,,,031000017,,コウ,うなじ
800001624,頑,,203000003,13,030000025,,,031000017,,ガン,かたくな
800001625,頒,,203000003,13,030000025,,,031000017,,ハン,-
800001626,頻,,203000003,16,030000025,,,031000017,,ヒン,しき(りに)
800001627,顕,,203000003,18,030000025,,,031000017,,ケン,あらわ(れる)・あらわ(す)
800001628,顧,,203000003,21,030000025,,,031000017,,コ,かえり(みる)
800001629,片,,203000003,4,030000134,031000006,000000006,031000016,,ヘン,かた
800001630,版,,203000003,8,030000134,031000005,000000005,031000016,,ハン,-
800001631,旗,,203000003,14,030000076,031000004,000000004,031000017,,キ,はた
800001632,族,,203000003,11,030000076,031000003,000000003,031000014,032000019,ゾク,-
800001633,旅,,203000003,10,030000076,031000003,000000003,031000014,,リョ,たび
800001634,方,,203000003,4,030000076,031000002,000000002,031000014,,ホウ,かた
800001635,施,,203000003,9,030000076,,,031000017,,シ・セ,ほどこ(す)
800001636,旋,,203000003,11,030000076,,,031000017,,セン,-
800001637,占,,203000003,5,030000158,,,031000015,,セン,し(める)・うらな(う)
800001638,麻,,203000003,11,030000197,,,031000017,,マ,あさ
800001639,反,,203000003,4,030000066,031000003,000000003,031000015,032000009,ハン,-
800001640,取,,203000003,8,030000066,031000003,000000003,031000015,032000009,シュ,と（る）
800001641,受,,203000003,8,030000066,031000003,000000003,031000015,032000009,ジュ,う（ける）・う（かる）
800001642,友,,203000003,4,030000066,031000002,000000002,031000013,032000003,ユウ,とも
800001643,双,,203000003,4,030000066,,,031000016,,ソウ,ふた
800001644,又,,203000003,2,030000066,,,031000017,,-,また
800001645,及,,203000003,3,030000066,,,031000017,,キュウ,およ(ぶ)・およ(ぼす)
800001646,叔,,203000003,8,030000066,,,031000017,,シュク,-
800001647,叙,,203000003,9,030000066,,,031000017,,ジョ,-
800001648,矛,,203000003,5,030000175,,,031000017,,ム,ほこ
800001649,面,,203000003,9,030000186,031000003,000000003,031000015,,メン,-
800001650,毛,,203000003,4,030000167,031000002,000000002,031000015,,モウ,け
800001651,権,,203000003,15,030000004,031000006,000000006,031000015,,ケン・ゴン,-
800001652,机,,203000003,6,030000004,031000006,000000006,031000016,,キ,つくえ
800001653,枚,,203000003,8,030000004,031000006,000000006,031000016,,マイ・バイ,ひら
800001654,棒,,203000003,12,030000004,031000006,000000006,031000016,,ボウ,-
800001655,染,,203000003,9,030000004,031000006,000000006,031000017,,セン,そ（める）・し（みる）
800001656,株,,203000003,10,030000004,031000006,000000006,031000017,,シュ,かぶ
800001657,模,,203000003,14,030000004,031000006,000000006,031000017,,モ・ボ,-
800001658,樹,,203000003,16,030000004,031000006,000000006,031000017,,ジュ,き
800001659,格,,203000003,10,030000004,031000005,000000005,031000015,,カク・コウ,-
800001660,構,,203000003,14,030000004,031000005,000000005,031000015,,コウ,かま（う）
800001661,枝,,203000003,8,030000004,031000005,000000005,031000016,,シ,えだ
800001662,査,,203000003,9,030000004,031000005,000000005,031000016,,サ,-
800001663,条,,203000003,7,030000004,031000005,000000005,031000017,,ジョウ,-
800001664,桜,,203000003,10,030000004,031000005,000000005,031000017,,オウ,さくら
800001665,検,,203000003,12,030000004,031000005,000000005,031000017,,ケン,-
800001666,末,,203000003,5,030000004,031000004,000000004,031000015,,マツ,すえ
800001667,未,,203000003,5,030000004,031000004,000000004,031000015,,ミ,-
800001668,束,,203000003,7,030000004,031000004,000000004,031000015,,ソク,たば
800001669,果,,203000003,8,030000004,031000004,000000004,031000015,,カ,は（てる）・は（たす）
800001670,機,,203000003,16,030000004,031000004,000000004,031000015,,キ,-
800001671,札,,203000003,5,030000004,031000004,000000004,031000016,,サツ,ふだ
800001672,材,,203000003,7,030000004,031000004,000000004,031000016,,ザイ,-
800001673,栄,,203000003,9,030000004,031000004,000000004,031000016,,エイ,さか（える）
800001674,械,,203000003,11,030000004,031000004,000000004,031000016,,カイ,-
800001675,極,,203000003,12,030000004,031000004,000000004,031000016,,キョク,きわ（める）
800001676,松,,203000003,8,030000004,031000004,000000004,031000017,,ショウ,まつ
800001677,案,,203000003,10,030000004,031000004,000000004,031000017,,アン,-
800001678,梅,,203000003,10,030000004,031000004,000000004,031000017,,バイ,うめ
800001679,標,,203000003,15,030000004,031000004,000000004,031000017,,ヒョウ,-
800001680,栃,,203000003,9,030000004,031000004,000000004,,,-,とち
800001681,梨,,203000003,11,030000004,031000004,000000004,,,-,なし
800001682,業,,203000003,13,030000004,031000003,000000003,031000014,,ギョウ・ゴウ,わざ
800001683,様,,203000003,14,030000004,031000003,000000003,031000015,,ヨウ,さま
800001684,横,,203000003,15,030000004,031000003,000000003,031000015,,オウ,よこ
800001685,板,,203000003,8,030000004,031000003,000000003,031000016,,バン・パン,いた
800001686,柱,,203000003,9,030000004,031000003,000000003,031000016,,チュウ,はしら
800001687,根,,203000003,10,030000004,031000003,000000003,031000016,,コン,ね
800001688,植,,203000003,12,030000004,031000003,000000003,031000016,,ショク,う（える）
800001689,橋,,203000003,16,030000004,031000003,000000003,031000016,,キョウ,はし
800001690,東,,203000003,8,030000004,031000002,000000002,031000013,032000025,トウ,ひがし
800001691,楽,,203000003,13,030000004,031000002,000000002,031000014,,ラク・ガク,たの（しい）
800001692,木,,203000003,4,030000004,031000001,000000001,031000013,032000002,ボク・モク,き・こ
800001693,校,,203000003,10,030000004,031000001,000000001,031000013,032000003,コウ,-
800001694,本,,203000003,5,030000004,031000001,000000001,031000013,032000003,ホン,もと
800001695,村,,203000003,7,030000004,031000001,000000001,031000014,032000011,ソン,むら
800001696,森,,203000003,12,030000004,031000001,000000001,031000014,032000011,シン,もり
800001697,林,,203000003,8,030000004,031000001,000000001,031000014,032000011,リン,はやし
800001698,杯,,203000003,8,030000004,,,031000015,,ハイ,さかずき
800001699,枯,,203000003,9,030000004,,,031000016,,コ,か(れる)・か(らす)
800001700,柔,,203000003,9,030000004,,,031000016,,ジュウ・ニュウ,やわ(らかい)
800001701,朱,,203000003,6,030000004,,,031000017,,シュ,あか
800001702,朴,,203000003,6,030000004,,,031000017,,ボク,-
800001703,朽,,203000003,6,030000004,,,031000017,,キュウ,く(ちる)
800001704,杉,,203000003,7,030000004,,,031000017,,サン,すぎ
800001705,析,,203000003,8,030000004,,,031000017,,セキ,-
800001706,枠,,203000003,8,030000004,,,031000017,,-,わく
800001707,枢,,203000003,8,030000004,,,031000017,,スウ,とぼそ
800001708,架,,203000003,9,030000004,,,031000017,,カ,か(ける)・か(かる)
800001709,柄,,203000003,9,030000004,,,031000017,,ヘイ,え・がら
800001710,某,,203000003,9,030000004,,,031000017,,ボウ,それがし
800001711,柳,,203000003,9,030000004,,,031000017,,リュウ,やなぎ
800001712,栓,,203000003,10,030000004,,,031000017,,セン,-
800001713,核,,203000003,10,030000004,,,031000017,,カク,-
800001714,栽,,203000003,12,030000004,,,031000017,,サイ,た(つ)・さば(く)
800001715,桃,,203000003,10,030000004,,,031000017,,トウ,もも
800001716,桑,,203000003,10,030000004,,,031000017,,ソウ,くわ
800001717,桟,,203000003,10,030000004,,,031000017,,サン,-
800001718,棄,,203000003,13,030000004,,,031000017,,キ,す(てる)
800001719,棋,,203000003,12,030000004,,,031000017,,キ,-
800001720,棚,,203000003,12,030000004,,,031000017,,ホウ,たな
800001721,棟,,203000003,12,030000004,,,031000017,,トウ,むね
800001722,棺,,203000003,12,030000004,,,031000017,,カン,-
800001723,楼,,203000003,13,030000004,,,031000017,,ロウ,-
800001724,概,,203000003,14,030000004,,,031000017,,ガイ,おおむ(ね)
800001725,槽,,203000003,15,030000004,,,031000017,,ソウ,-
800001726,欄,,203000003,20,030000004,,,031000017,,ラン,-
800001727,看,,203000003,9,030000029,031000006,000000006,031000017,,カン,み（る）
800001728,眼,,203000003,11,030000029,031000005,000000005,031000017,,ガン,まなこ
800001729,省,,203000003,9,030000029,031000004,000000004,031000016,,ショウ・セイ,はぶ（く）
800001730,真,,203000003,10,030000029,031000003,000000003,031000014,032000013,シン,ま
800001731,県,,203000003,9,030000029,031000003,000000003,031000014,032000011,ケン,-
800001732,相,,203000003,9,030000029,031000003,000000003,031000015,,ソウ・ショウ,あい
800001733,直,,203000003,8,030000029,031000002,000000002,031000014,032000009,チョク・ジキ,なお（す）・じき
800001734,目,,203000003,5,030000029,031000001,000000001,031000013,032000010,モク・ボク,め
800001735,眠,,203000003,10,030000029,,,031000015,,ミン,ねむ(る)・ねむ(い)
800001736,盲,,203000003,8,030000029,,,031000017,,モウ,めくら
800001737,盾,,203000003,9,030000029,,,031000017,,ジュン,たて
800001738,眺,,203000003,11,030000029,,,031000017,,チョウ,なが(める)
800001739,睡,,203000003,13,030000029,,,031000017,,スイ,-
800001740,督,,203000003,13,030000029,,,031000017,,トク,-
800001741,瞬,,203000003,18,030000029,,,031000017,,シュン,またた(く)
800001742,閉,,203000003,11,030000055,031000006,000000006,031000015,,ヘイ,し（める）・と（じる）
800001743,閣,,203000003,14,030000055,031000006,000000006,031000017,,カク,-
800001744,関,,203000003,14,030000055,031000004,000000004,031000015,,カン,せき・かか（わる）・せき
800001745,開,,203000003,12,030000055,031000003,000000003,031000014,032000009,カイ,ひら（く）・あ（ける）
800001746,間,,203000003,12,030000055,031000002,000000002,031000013,032000002,カン・ケン,あいだ・ま
800001747,門,,203000003,8,030000055,031000002,000000002,031000014,032000011,モン,かど・と
800001748,閑,,203000003,12,030000055,,,031000017,,カン,-
800001749,閥,,203000003,14,030000055,,,031000017,,バツ,-
800001750,閲,,203000003,15,030000055,,,031000017,,エツ,-
800001751,闘,,203000003,18,030000055,,,031000017,,トウ,たたか(う)
800001752,短,,203000003,12,030000102,031000003,000000003,031000014,032000013,タン,みじか（い）
800001753,知,,203000003,8,030000102,031000002,000000002,031000014,032000009,チ,し（る）
800001754,矢,,203000003,5,030000102,031000002,000000002,031000017,,シ,や
800001755,矯,,203000003,17,030000102,,,031000017,,キョウ,た(める)
800001756,郵,,203000003,11,030000046,031000006,000000006,031000016,,ユウ,-
800001757,郷,,203000003,11,030000046,031000006,000000006,031000017,,キョウ・ゴウ,さと
800001758,郡,,203000003,10,030000046,031000004,000000004,031000017,,グン,こおり
800001759,都,,203000003,11,030000046,031000003,000000003,031000014,032000011,ト・ツ,みやこ
800001760,部,,203000003,11,030000046,031000003,000000003,031000015,,ブ,-
800001761,郊,,203000003,8,030000046,,,031000016,,コウ,-
800001762,邦,,203000003,7,030000046,,,031000017,,ホウ,くに
800001763,邪,,203000003,8,030000046,,,031000017,,ジャ,よこしま
800001764,邸,,203000003,8,030000046,,,031000017,,テイ,やしき
800001765,郎,,203000003,9,030000046,,,031000017,,ロウ,-
800001766,郭,,203000003,11,030000046,,,031000017,,カク,くるわ
800001767,夢,,203000003,13,030000085,031000005,000000005,031000015,,ム,ゆめ
800001768,多,,203000003,6,030000085,031000002,000000002,031000013,032000017,タ,おお（い）
800001769,外,,203000003,5,030000085,031000002,000000002,031000013,032000015,ガイ・ゲ,そと・ほか・はず（す）
800001770,夜,,203000003,8,030000085,031000002,000000002,031000014,032000002,ヤ,よる・よ
800001771,夕,,203000003,3,030000085,031000001,000000001,031000014,032000002,セキ,ゆう
800001772,用,,203000003,5,030000173,031000002,000000002,031000014,,ヨウ,もち（いる）
800001773,義,,203000003,13,030000071,031000005,000000005,031000017,,ギ,-
800001774,群,,203000003,13,030000071,031000004,000000004,031000016,,グン,む（れる）・むら（がる）
800001775,着,,203000003,12,030000071,031000003,000000003,031000014,032000009,チャク,つ（く）・き（る）
800001776,美,,203000003,9,030000071,031000003,000000003,031000015,,ビ,うつく（しい）
800001777,羊,,203000003,6,030000071,031000003,000000003,031000017,,ヨウ,ひつじ
800001778,量,,203000003,12,030000106,031000004,000000004,031000016,,リョウ,はか（る）
800001779,重,,203000003,9,030000106,031000003,000000003,031000014,032000013,ジュウ・チョウ,おも（い）・かさ（ねる）
800001780,野,,203000003,11,030000106,031000002,000000002,031000014,032000011,ヤ,の
800001781,里,,203000003,7,030000106,031000002,000000002,031000014,,リ,さと
800001782,競,,203000003,20,030000092,031000004,000000004,031000016,,キョウ・ギョ,-
800001783,章,,203000003,11,030000092,031000003,000000003,031000016,,ショウ,-
800001784,童,,203000003,12,030000092,031000003,000000003,031000016,,ドウ,わらべ
800001785,立,,203000003,5,030000092,031000001,000000001,031000013,032000009,リツ・リュウ,た（つ）・た（てる）
800001786,端,,203000003,14,030000092,,,031000017,,タン,はし・は・はた
800001787,竜,,203000003,10,030000201,,,031000017,,リュウ,たつ
800001788,勤,,203000003,12,030000022,031000006,000000006,031000015,032000009,キン・ゴン,つと（める）
800001789,務,,203000003,11,030000022,031000005,000000005,031000015,032000009,ム,つと（める）
800001790,効,,203000003,8,030000022,031000005,000000005,031000016,,コウ,き（く）
800001791,勢,,203000003,13,030000022,031000005,000000005,031000016,,セイ,いきお（い）
800001792,加,,203000003,5,030000022,031000004,000000004,031000015,032000009,カ,くわ（える）・くわ（わる）
800001793,努,,203000003,7,030000022,031000004,000000004,031000015,032000009,ド,つと（める）
800001794,労,,203000003,7,030000022,031000004,000000004,031000015,032000009,ロウ,-
800001795,勇,,203000003,9,030000022,031000004,000000004,031000016,,ユウ,いさ（む）
800001796,功,,203000003,5,030000022,031000004,000000004,031000017,,コウ,-
800001797,動,,203000003,11,030000022,031000003,000000003,031000014,032000009,ドウ,うご（く）
800001798,助,,203000003,7,030000022,031000003,000000003,031000015,032000009,ジョ,たす（ける）・たす（かる）
800001799,勝,,203000003,12,030000022,031000003,000000003,031000015,032000009,ショウ,か（つ）・まさ（る）
800001800,勉,,203000003,10,030000022,031000003,000000003,031000014,,ベン,つと（める）
800001801,力,,203000003,2,030000022,031000001,000000001,031000014,,リョク・リキ,ちから
800001802,募,,203000003,12,030000022,,,031000015,,ボ,つの(る)
800001803,劣,,203000003,6,030000022,,,031000017,,レツ,おと(る)
800001804,励,,203000003,7,030000022,,,031000017,,レイ,はげ(む)・はげ(ます)
800001805,劾,,203000003,8,030000022,,,031000017,,ガイ,-
800001806,勅,,203000003,9,030000022,,,031000017,,チョク,-
800001807,勘,,203000003,11,030000022,,,031000017,,カン,-
800001808,勧,,203000003,13,030000022,,,031000017,,カン,すす(める)
800001809,勲,,203000003,15,030000022,,,031000017,,クン,-
800001810,老,,203000003,6,030000120,031000004,000000004,031000015,,ロウ,お（いる）
800001811,者,,203000003,8,030000120,031000003,000000003,031000014,032000019,シャ,もの
800001812,考,,203000003,6,030000120,031000002,000000002,031000014,032000009,コウ,かんが（える）
800001813,主,,203000003,5,030000094,031000003,000000003,031000014,032000019,シュ,おも・ぬし
800001814,丸,,203000003,3,030000094,031000002,000000002,031000016,,ガン,まる
800001815,丹,,203000003,4,030000094,,,031000017,,タン,-
800001816,久,,203000003,3,030000111,031000005,000000005,031000016,,キュウ・ク,ひさし（く）
800001817,乗,,203000003,9,030000111,031000003,000000003,031000014,032000009,ジョウ,の（る）
800001818,乏,,203000003,4,030000111,,,031000017,,ボウ,とぼ(しい)
800001819,争,,203000003,6,030000128,031000004,000000004,031000015,032000009,ソウ,あらそ（う）
800001820,事,,203000003,8,030000128,031000003,000000003,031000014,,ジ,こと
800001821,了,,203000003,2,030000128,,,031000016,,リョウ,-
800001822,予,,203000003,4,030000128,031000003,000000003,031000015,,ヨ,-
800001823,亡,,203000003,3,030000084,031000006,000000006,031000015,032000009,ボウ・モウ,な（くす）
800001824,交,,203000003,6,030000084,031000002,000000002,031000014,,コウ,まじ（わる）
800001825,京,,203000003,8,030000084,031000002,000000002,,,キョウ・ケイ,-
800001826,享,,203000003,8,030000084,,,031000017,,キョウ・コウ,う(ける)
800001827,亭,,203000003,9,030000084,,,031000017,,テイ,-
800001828,党,,203000003,10,030000057,031000006,000000006,031000016,,トウ,-
800001829,兆,,203000003,6,030000057,031000004,000000004,031000016,,チョウ,-
800001830,児,,203000003,7,030000057,031000004,000000004,031000016,,ジ,-
800001831,光,,203000003,6,030000057,031000002,000000002,031000014,032000005,コウ,ひか（る）
800001832,兄,,203000003,5,030000057,031000002,000000002,031000014,032000019,ケイ・キョウ,あに
800001833,元,,203000003,4,030000057,031000002,000000002,031000013,,ゲン・ガン,もと
800001834,先,,203000003,6,030000057,031000001,000000001,031000013,032000003,セン,さき
800001835,充,,203000003,6,030000057,,,031000017,,ジュウ,あ(てる)
800001836,克,,203000003,7,030000057,,,031000017,,コク,かつ
800001837,免,,203000003,8,030000057,,,031000017,,メン,まぬが（れる）
800001838,冊,,203000003,5,030000112,031000006,000000006,031000016,,サク・サツ,-
800001839,再,,203000003,6,030000112,031000005,000000005,031000016,,サ・サイ,ふたた（び）
800001840,円,,203000003,4,030000112,031000001,000000001,031000013,032000008,エン,まる（い）
800001841,写,,203000003,5,030000113,031000003,000000003,031000014,032000009,シャ,うつ（る）
800001842,冗,,203000003,4,030000113,,,031000017,,ジョウ,-
800001843,冠,,203000003,9,030000113,,,031000017,,カン,かんむり
800001844,冷,,203000003,7,030000064,031000004,000000004,031000015,,レイ,つめ（たい）・ひ（やす）・ひ（える）・さ（める）・さ（ます）
800001845,冬,,203000003,5,030000064,031000002,000000002,031000014,032000020,トウ,ふゆ
800001846,凍,,203000003,10,030000064,,,031000015,,トウ,こお（る）
800001847,准,,203000003,10,030000064,,,031000017,,ジュン,-
800001848,凝,,203000003,16,030000064,,,031000017,,ギョウ,こ(る)・こ(らす)
800001849,処,,203000003,5,030000156,031000006,000000006,031000015,032000009,ショ,ところ
800001850,凡,,203000003,3,030000156,,,031000017,,ボン・ハン,およ(そ)
800001851,出,,203000003,5,030000096,031000001,000000001,031000013,032000009,シュツ・スイ,で（る）・だ（す）
800001852,凶,,203000003,4,030000096,,,031000017,,キョウ,-
800001853,凸,,203000003,5,030000096,,,031000017,,トツ,-
800001854,凹,,203000003,5,030000096,,,031000017,,オウ,-
800001855,包,,203000003,5,030000114,031000004,000000004,031000015,,ホウ,つつ（む）
800001856,勺,,203000003,3,030000114,,,031000017,,シャク,-
800001857,匁,,203000003,4,030000114,,,031000017,,-,もんめ
800001858,化,,203000003,4,030000129,031000003,000000003,031000015,,カ,ば（ける）
800001859,北,,203000003,5,030000129,031000002,000000002,031000013,032000025,ホク,きた
800001860,匠,,203000003,6,030000157,,,031000017,,ショウ,たくみ
800001861,区,,203000003,4,030000115,031000003,000000003,031000014,032000011,ク,-
800001862,医,,203000003,7,030000115,031000003,000000003,031000014,,イ,-
800001863,匹,,203000003,4,030000115,,,031000015,,ヒツ,ひき
800001864,匿,,203000003,10,030000115,,,031000017,,トク,-
800001865,危,,203000003,6,030000065,031000006,000000006,031000015,,キ,あぶ（ない）・あや（うい）
800001866,卵,,203000003,7,030000065,031000006,000000006,031000016,,ラン,たまご
800001867,巻,,203000003,9,030000065,031000006,000000006,031000016,,カン・ケン,ま（く）
800001868,印,,203000003,6,030000065,031000004,000000004,031000016,,イン,しるし
800001869,即,,203000003,7,030000065,,,031000017,,ソク,そく(する)
800001870,却,,203000003,7,030000065,,,031000017,,キャク,-
800001871,卸,,203000003,9,030000065,,,031000017,,シャ,おろし・おろ(す)
800001872,厚,,203000003,9,030000097,031000005,000000005,031000016,,コウ,あつ（い）
800001873,原,,203000003,10,030000097,031000002,000000002,031000015,,ゲン,はら
800001874,厄,,203000003,4,030000097,,,031000017,,ヤク,-
800001875,厘,,203000003,9,030000097,,,031000017,,リン,-
800001876,参,,203000003,8,030000130,031000004,000000004,031000015,032000009,サン,まい（る）
800001877,去,,203000003,5,030000130,031000003,000000003,031000013,032000009,キョ・コ,さ（る）
800001878,困,,203000003,7,030000043,031000006,000000006,,,コン,こま（る）
800001879,因,,203000003,6,030000043,031000005,000000005,031000015,,イン,ちな（む）・よ（って）
800001880,団,,203000003,6,030000043,031000005,000000005,031000016,,ダン・トン,-
800001881,囲,,203000003,7,030000043,031000005,000000005,031000016,,イ,かこ（む）
800001882,固,,203000003,8,030000043,031000004,000000004,031000016,,コ,かた（い）・かた（める）
800001883,国,,203000003,8,030000043,031000002,000000002,031000013,032000003,コク,くに
800001884,図,,203000003,7,030000043,031000002,000000002,031000014,032000009,ズ・ト,はか（る）
800001885,回,,203000003,6,030000043,031000002,000000002,031000014,032000009,カイ・エ,まわ（る）
800001886,園,,203000003,13,030000043,031000002,000000002,031000014,,エン,その
800001887,四,,203000003,5,030000043,031000001,000000001,031000013,032000001,シ,よっ（つ）・よん
800001888,囚,,203000003,5,030000043,,,031000017,,シュウ,-
800001889,圏,,203000003,11,030000043,,,031000017,,ケン,-
800001890,変,,203000003,9,030000159,031000004,000000004,031000015,,ヘン,か（わる）・か（える）
800001891,夏,,203000003,10,030000159,031000002,000000002,031000014,032000020,カ・ゲ,なつ
800001892,宅,,203000003,6,030000014,031000006,000000006,031000015,,タク,-
800001893,宇,,203000003,6,030000014,031000006,000000006,031000016,,ウ,-
800001894,宝,,203000003,8,030000014,031000006,000000006,031000016,,ホウ,たから
800001895,宗,,203000003,8,030000014,031000006,000000006,031000017,,シュウ・ソウ,-
800001896,宙,,203000003,8,030000014,031000006,000000006,031000017,,チュウ,-
800001897,宣,,203000003,9,030000014,031000006,000000006,031000017,,セン,-
800001898,密,,203000003,11,030000014,031000006,000000006,031000017,,ミツ,ひそ（か）
800001899,容,,203000003,10,030000014,031000005,000000005,031000015,,ヨウ,-
800001900,寄,,203000003,11,030000014,031000005,000000005,031000015,,キ,よ（せる）
800001901,官,,203000003,8,030000014,031000004,000000004,031000015,,カン,-
800001902,察,,203000003,14,030000014,031000004,000000004,031000015,,サツ,-
800001903,完,,203000003,7,030000014,031000004,000000004,031000015,,カン,-
800001904,害,,203000003,10,030000014,031000004,000000004,031000015,,ガイ,-
800001905,富,,203000003,12,030000014,031000004,000000004,031000015,,フ,とみ・と（む）
800001906,寒,,203000003,12,030000014,031000003,000000003,031000014,032000013,カン,さむ（い）
800001907,安,,203000003,6,030000014,031000003,000000003,031000013,032000022,アン,やす（い）
800001908,守,,203000003,6,030000014,031000003,000000003,031000015,,シュ・ス,まも（る）
800001909,定,,203000003,8,030000014,031000003,000000003,031000015,,テイ・ジョウ,さだ（める）・さだ（か）
800001910,実,,203000003,8,030000014,031000003,000000003,031000015,,ジツ,みの（る）・み
800001911,客,,203000003,9,030000014,031000003,000000003,031000015,,キャク・カク,-
800001912,宿,,203000003,11,030000014,031000003,000000003,031000015,,シュク,やど
800001913,宮,,203000003,10,030000014,031000003,000000003,031000017,,キュウ・グウ・ク,みや
800001914,室,,203000003,9,030000014,031000002,000000002,031000014,032000011,シツ,むろ
800001915,家,,203000003,10,030000014,031000002,000000002,031000014,032000011,カ・ケ,いえ・や
800001916,寝,,203000003,13,030000014,,,031000015,,シン,ね(る)・ね(かす)
800001917,宜,,203000003,8,030000014,,,031000017,,ギ,よろ(しい)
800001918,宰,,203000003,10,030000014,,,031000017,,サイ,-
800001919,宴,,203000003,10,030000014,,,031000017,,エン,うたげ
800001920,宵,,203000003,10,030000014,,,031000017,,ショウ,よい
800001921,寂,,203000003,11,030000014,,,031000017,,ジャク・セキ,さび(しい)・さび
800001922,寛,,203000003,12,030000014,,,031000017,,カン,くつろ(ぐ)
800001923,寡,,203000003,14,030000014,,,031000017,,カ,やもめ・すく(ない)
800001924,寧,,203000003,14,030000014,,,031000017,,ネイ,むし(ろ)
800001925,審,,203000003,15,030000014,,,031000017,,シン,つまび(らか)
800001926,寮,,203000003,14,030000014,,,031000017,,リョウ,-
800001927,就,,203000003,12,030000160,031000006,000000006,031000017,,シュウ・ジュ,つ（く）
800001928,届,,203000003,8,030000041,031000006,000000006,031000016,,カイ,とど（ける）・とど（く）
800001929,層,,203000003,14,030000041,031000006,000000006,031000016,,ソウ,-
800001930,尺,,203000003,4,030000041,031000006,000000006,031000017,,シャク,-
800001931,展,,203000003,10,030000041,031000006,000000006,031000017,,テン,-
800001932,居,,203000003,8,030000041,031000005,000000005,031000015,,キョ,い（る）
800001933,属,,203000003,12,030000041,031000005,000000005,031000017,,ゾク,-
800001934,屋,,203000003,9,030000041,031000003,000000003,031000014,032000011,オク,や
800001935,局,,203000003,7,030000041,031000003,000000003,031000015,,キョク,-
800001936,尽,,203000003,6,030000041,,,031000017,,ジン,つ(くす)・つ(きる)
800001937,尼,,203000003,5,030000041,,,031000017,,ニ,あま
800001938,尾,,203000003,7,030000041,,,031000017,,ビ,お
800001939,尿,,203000003,7,030000041,,,031000017,,ニョウ,-
800001940,屈,,203000003,8,030000041,,,031000017,,クツ,かが(む)
800001941,履,,203000003,15,030000041,,,031000017,,リ,は(く)
800001942,屯,,203000003,4,030000203,,,031000017,,トン,たむろ
800001943,州,,203000003,6,030000099,031000003,000000003,031000016,,シュウ,す
800001944,川,,203000003,3,030000099,031000001,000000001,031000013,032000005,セン,かわ
800001945,巡,,203000003,6,030000099,,,031000017,,ジュン,めぐ(る)
800001946,幼,,203000003,5,030000100,031000006,000000006,031000016,,ヨウ,おさな（い）
800001947,幾,,203000003,12,030000100,,,031000015,,キ,いく
800001948,幻,,203000003,4,030000100,,,031000017,,ゲン,まぼろし
800001949,幽,,203000003,9,030000100,,,031000017,,ユウ,かす(か)
800001950,座,,203000003,10,030000030,031000006,000000006,031000015,,ザ,すわ（る）
800001951,庁,,203000003,5,030000030,031000006,000000006,031000016,,チョウ,-
800001952,序,,203000003,7,030000030,031000005,000000005,031000017,,ジョ,-
800001953,底,,203000003,8,030000030,031000004,000000004,031000016,,テイ,そこ
800001954,府,,203000003,8,030000030,031000004,000000004,031000016,,フ,-
800001955,康,,203000003,11,030000030,031000004,000000004,031000017,,コウ,-
800001956,度,,203000003,9,030000030,031000003,000000003,031000014,,ド,-
800001957,庭,,203000003,10,030000030,031000003,000000003,031000015,,テイ,にわ
800001958,庫,,203000003,10,030000030,031000003,000000003,031000016,,コ,-
800001959,広,,203000003,5,030000030,031000002,000000002,031000014,032000013,コウ,ひろ（い）
800001960,店,,203000003,8,030000030,031000002,000000002,031000013,032000011,テン,みせ
800001961,床,,203000003,7,030000030,,,031000016,,ショウ,とこ・ゆか
800001962,庶,,203000003,11,030000030,,,031000017,,ショ,もろもろ
800001963,庸,,203000003,11,030000030,,,031000017,,ヨウ,つね・もち(いる)
800001964,廃,,203000003,12,030000030,,,031000017,,ハイ,すた(れる)・すた(る)
800001965,廉,,203000003,13,030000030,,,031000017,,レン,かど
800001966,廊,,203000003,12,030000030,,,031000017,,ロウ,-
800001967,延,,203000003,8,030000117,031000006,000000006,031000016,,エン,の（ばす）
800001968,建,,203000003,9,030000117,031000004,000000004,031000014,032000009,ケン,た（てる）・た（つ）
800001969,廷,,203000003,7,030000117,,,031000017,,テイ,-
800001970,弁,,203000003,5,030000131,031000005,000000005,031000017,,ベン,-
800001971,弊,,203000003,15,030000131,,,031000017,,ヘイ,-
800001972,式,,203000003,6,030000162,031000003,000000003,031000015,,シキ,-
800001973,形,,203000003,7,030000088,031000002,000000002,031000014,,ケイ・ギョウ,かたち・かた
800001974,彩,,203000003,11,030000088,,,031000017,,サイ,いろど(る)
800001975,彫,,203000003,11,030000088,,,031000017,,チョウ,ほ(る)
800001976,彰,,203000003,14,030000088,,,031000017,,ショウ,-
800001977,影,,203000003,15,030000088,,,031000017,,エイ,かげ
800001978,律,,203000003,9,030000027,031000006,000000006,031000016,,リツ・リチ,-
800001979,従,,203000003,10,030000027,031000006,000000006,031000017,,ジュウ・ショウ・ジュ,したが（う）
800001980,得,,203000003,11,030000027,031000005,000000005,031000015,,トク,え（る）・う（る）
800001981,復,,203000003,12,030000027,031000005,000000005,031000016,,フク,-
800001982,往,,203000003,8,030000027,031000005,000000005,031000017,,オウ,い（く）・ゆ（く）
800001983,徒,,203000003,10,030000027,031000004,000000004,031000015,,ト,-
800001984,径,,203000003,8,030000027,031000004,000000004,031000017,,ケイ,-
800001985,徳,,203000003,14,030000027,031000004,000000004,031000017,,トク,-
800001986,待,,203000003,9,030000027,031000003,000000003,031000014,032000009,タイ,ま（つ）
800001987,役,,203000003,7,030000027,031000003,000000003,031000015,,ヤク,-
800001988,後,,203000003,9,030000027,031000002,000000002,031000013,032000025,ゴ・ゴウ,うし（ろ）・あと・のち
800001989,彼,,203000003,8,030000027,,,031000015,,ヒ,かれ・かの
800001990,御,,203000003,12,030000027,,,031000015,,ギョ・ゴ,おん・み
800001991,征,,203000003,8,030000027,,,031000017,,セイ,-
800001992,徐,,203000003,10,030000027,,,031000017,,ジョ,おもむろ(に)
800001993,循,,203000003,12,030000027,,,031000017,,ジュン,-
800001994,微,,203000003,13,030000027,,,031000017,,ビ,かす(か)
800001995,徴,,203000003,14,030000027,,,031000017,,チョウ,しるし
800001996,徹,,203000003,15,030000027,,,031000017,,テツ,とお(す)
800001997,我,,203000003,7,030000067,031000006,000000006,031000017,,ガ,われ・わ
800001998,成,,203000003,6,030000067,031000004,000000004,031000015,,セイ,な（る）・な（す）
800001999,戦,,203000003,13,030000067,031000004,000000004,031000015,,セン,たたか（う）
800002000,戒,,203000003,7,030000067,,,031000017,,カイ,いまし(める)
800002001,戯,,203000003,15,030000067,,,031000017,,ギ・ゲ,たわむ(れる)
800002002,収,,203000003,4,030000028,031000006,000000006,031000015,032000009,シュウ,おさ（める）
800002003,敬,,203000003,12,030000028,031000006,000000006,031000016,,ケイ,うやま（う）
800002004,敵,,203000003,15,030000028,031000006,000000006,031000017,,テキ,かたき
800002005,政,,203000003,9,030000028,031000005,000000005,031000015,,セイ・ショウ,まつりごと
800002006,故,,203000003,9,030000028,031000005,000000005,031000017,,コ,ゆえ
800002007,敗,,203000003,11,030000028,031000004,000000004,031000015,,ハイ,やぶ（れる）
800002008,散,,203000003,12,030000028,031000004,000000004,031000015,,サン,ち（る）・ち（らかす）・ち（らす）
800002009,改,,203000003,7,030000028,031000004,000000004,031000016,,カイ,あらた（める）・あらた（まる）
800002010,救,,203000003,11,030000028,031000004,000000004,031000017,,キュウ,すく（う）たす(ける)
800002011,放,,203000003,8,030000028,031000003,000000003,031000015,,ホウ,はな（つ）
800002012,整,,203000003,16,030000028,031000003,000000003,031000017,,セイ,ととの（う）
800002013,数,,203000003,13,030000028,031000002,000000002,031000014,032000009,スウ,かず・かぞ（える）
800002014,教,,203000003,11,030000028,031000002,000000002,031000014,032000009,キョウ,おし（える）・おそ（わる）
800002015,攻,,203000003,7,030000028,,,031000017,,コウ,せ(める)
800002016,敏,,203000003,10,030000028,,,031000017,,ビン,さと(い)
800002017,敢,,203000003,12,030000028,,,031000017,,カン,あ(えて)
800002018,敷,,203000003,15,030000028,,,031000017,,フ,し(く)
800002019,既,,203000003,10,030000165,,,031000017,,キ,すで(に)
800002020,最,,203000003,12,030000061,031000004,000000004,031000015,,サイ,もっと（も）
800002021,曲,,203000003,6,030000061,031000003,000000003,031000015,,キョク,ま（がる）
800002022,書,,203000003,10,030000061,031000002,000000002,031000013,032000003,ショ,か（く）
800002023,冒,,203000003,9,030000061,,,031000017,,ボウ,おか(す)
800002024,更,,203000003,7,030000061,,,031000015,,コウ,さら・ふ（ける）
800002025,替,,203000003,12,030000061,,,031000016,,タイ,か(える)・か(わる)
800002026,曹,,203000003,11,030000061,,,031000017,,ソウ,-
800002027,残,,203000003,10,030000090,031000004,000000004,031000015,,ザン,のこ（る）
800002028,死,,203000003,6,030000090,031000003,000000003,031000014,,シ,し
800002029,殉,,203000003,10,030000090,,,031000017,,ジュン,-
800002030,殊,,203000003,10,030000090,,,031000017,,シュ,こと
800002031,殖,,203000003,12,030000090,,,031000017,,ショク,ふ(える)・ふ(やす)
800002032,段,,203000003,9,030000077,031000006,000000006,031000015,,ダン,-
800002033,殺,,203000003,10,030000077,031000005,000000005,031000015,,サツ・サイ・セツ,ころ（す）
800002034,殿,,203000003,13,030000077,,,031000016,,デン・テン,との・どの
800002035,殴,,203000003,8,030000077,,,031000017,,オウ,なぐ(る)
800002036,殻,,203000003,12,030000077,,,031000017,,カク,から
800002037,毒,,203000003,8,030000119,031000005,000000005,031000016,,ドク,-
800002038,毎,,203000003,6,030000119,031000002,000000002,031000013,032000002,マイ,ごと
800002039,母,,203000003,5,030000119,031000002,000000002,031000013,032000003,ボ,はは
800002040,気,,203000003,6,030000168,031000001,000000001,031000013,032000005,キ・ケ,-
800002041,発,,203000003,9,030000140,031000003,000000003,031000014,032000009,ハツ・ハッ,-
800002042,登,,203000003,12,030000140,031000003,000000003,031000015,,トウ・ト,のぼ（る）
800002043,署,,203000003,13,030000070,031000006,000000006,031000016,,ショ,-
800002044,罪,,203000003,13,030000070,031000005,000000005,031000015,,ザイ,つみ
800002045,置,,203000003,13,030000070,031000004,000000004,031000015,,チ,お（く）
800002046,罰,,203000003,14,030000070,,,031000017,,バツ、バチ,-
800002047,罷,,203000003,15,030000070,,,031000017,,ヒ,-
800002048,羅,,203000003,19,030000070,,,031000017,,ラ,-
800002049,耕,,203000003,10,030000142,031000005,000000005,031000016,,コウ,たがや（す）
800002050,耗,,203000003,10,030000142,,,031000017,,コウ・モウ,-
800002051,粛,,203000003,11,030000177,,,031000017,,シュク,つつつ(しむ)
800002052,蔵,,203000003,15,030000011,031000006,000000006,031000016,,ゾウ,くら
800002053,若,,203000003,8,030000011,031000006,000000006,031000015,,ジャク・ニャク,わか（い）・も（しくは）
800002054,著,,203000003,11,030000011,031000006,000000006,031000016,,チョ・チャク,あらわ（す）
800002055,蒸,,203000003,13,030000011,031000006,000000006,031000016,,ジョウ,む（らす）
800002056,英,,203000003,8,030000011,031000004,000000004,031000014,,エイ,-
800002057,芸,,203000003,7,030000011,031000004,000000004,031000016,,ゲイ,-
800002058,菜,,203000003,11,030000011,031000004,000000004,031000016,,サイ,な
800002059,芽,,203000003,8,030000011,031000004,000000004,031000017,,ガ,め
800002060,茨,,203000003,9,030000011,031000004,000000004,,,-,いばら
800002061,薬,,203000003,16,030000011,031000003,000000003,031000014,,ヤク,くすり
800002062,苦,,203000003,8,030000011,031000003,000000003,031000015,,ク,にが（い）・くる（しい）
800002063,落,,203000003,12,030000011,031000003,000000003,031000015,,ラク,お（ちる）
800002064,荷,,203000003,10,030000011,031000003,000000003,031000016,,カ,に
800002065,葉,,203000003,12,030000011,031000003,000000003,031000015,,ヨウ,は
800002066,茶,,203000003,9,030000011,031000002,000000002,031000014,032000006,チャ・サ,-
800002067,花,,203000003,7,030000011,031000001,000000001,031000013,032000005,カ,はな
800002068,草,,203000003,9,030000011,031000001,000000001,031000014,,ソウ,くさ
800002069,苗,,203000003,8,030000011,,,031000017,,ビョウ・ミョウ,なえ
800002070,荒,,203000003,9,030000011,,,031000016,,コウ,あ(れる)・あ(らす)・あ(らい)
800002071,菓,,203000003,11,030000011,,,031000016,,カ,-
800002072,薄,,203000003,16,030000011,,,031000016,,ハク,うす(い)・うす(める)
800002073,芋,,203000003,6,030000011,,,031000017,,ウ,いも
800002074,芝,,203000003,6,030000011,,,031000017,,シ,しば
800002075,芳,,203000003,7,030000011,,,031000017,,ホウ,かんば(しい)
800002076,茂,,203000003,8,030000011,,,031000017,,モ,しげ(る)
800002077,茎,,203000003,8,030000011,,,031000017,,ケイ,くき
800002078,荘,,203000003,9,030000011,,,031000017,,ソウ,-
800002079,菊,,203000003,11,030000011,,,031000017,,キク,-
800002080,菌,,203000003,11,030000011,,,031000017,,キン,-
800002081,華,,203000003,10,030000011,,,031000017,,カ、ケ,はな
800002082,葬,,203000003,12,030000011,,,031000017,,ソウ,ほうむ(る)
800002083,蓄,,203000003,13,030000011,,,031000017,,チク,たくわ(える)
800002084,薦,,203000003,16,030000011,,,031000017,,セン,すす(める)
800002085,薪,,203000003,16,030000011,,,031000017,,シン,たきぎ・まき
800002086,薫,,203000003,16,030000011,,,031000017,,クン,かお(る)
800002087,藩,,203000003,18,030000011,,,031000017,,ハン,-
800002088,藻,,203000003,19,030000011,,,031000017,,ソウ,も
800002089,虚,,203000003,11,030000072,,,031000017,,キョ、コ,むな(しい)
800002090,虐,,203000003,9,030000072,,,031000017,,ギャク,しい(たげる)
800002091,虜,,203000003,13,030000072,,,031000017,,リョ,とりこ
800002092,虞,,203000003,13,030000072,,,031000017,,グ,おそれ
800002093,要,,203000003,9,030000104,031000004,000000004,031000015,,ヨウ,かなめ
800002094,西,,203000003,6,030000104,031000002,000000002,031000013,032000025,セイ・サイ,にし
800002095,覆,,203000003,18,030000104,,,031000017,,フク,おお(う)・くつがえ(る)・くつがえ(す)
800002096,覇,,203000003,19,030000104,,,031000017,,ハ,-
800002097,象,,203000003,12,030000105,031000004,000000004,031000016,,ショウ・ゾウ,かたど（る）
800002098,豚,,203000003,11,030000105,,,031000017,,トン,ぶた
800002099,豪,,203000003,14,030000105,,,031000017,,ゴウ,-
800002100,隷,,203000003,16,030000184,,,031000017,,レイ,-
800002101,難,,203000003,18,030000056,031000006,000000006,031000015,,ナン,むずか（しい）・かた（い）
800002102,雑,,203000003,14,030000056,031000005,000000005,031000015,,ザツ・ゾウ,-
800002103,集,,203000003,12,030000056,031000003,000000003,031000014,032000009,シュウ,あつ（まる）
800002104,隻,,203000003,10,030000056,,,031000016,,セキ,-
800002105,雇,,203000003,12,030000056,,,031000016,,コ,やと(う)
800002106,雄,,203000003,12,030000056,,,031000017,,ユウ,おす・お
800002107,雅,,203000003,13,030000056,,,031000017,,ガ,みやび
800002108,雌,,203000003,14,030000056,,,031000017,,シ,めす・め
800002109,離,,203000003,19,030000056,,,031000017,,リ,はな(れる) ・はな(す)
800002110,髪,,203000003,14,030000193,,,031000015,,ハツ,かみ
800002111,斉,,203000003,8,030000154,,,031000017,,セイ,-
800002112,斎,,203000003,11,030000154,,,031000017,,サイ,とき
800002113,中,,203000003,4,030000127,031000001,000000001,031000013,032000025,チュウ・ジュウ,なか
800002114,痛,,203000003,12,030000038,031000006,000000006,031000015,,ツウ,いた（い）
800002115,病,,203000003,10,030000038,031000003,000000003,031000014,,ビョウ,やまい
800002116,疲,,203000003,10,030000038,,,031000015,,ヒ,つか（れる）
800002117,療,,203000003,17,030000038,,,031000016,,リョウ,-
800002118,疫,,203000003,9,030000038,,,031000017,,エキ・ヤク,-
800002119,疾,,203000003,10,030000038,,,031000017,,シツ,-
800002120,症,,203000003,10,030000038,,,031000017,,ショウ,-
800002121,痘,,203000003,12,030000038,,,031000017,,トウ,-
800002122,痢,,203000003,12,030000038,,,031000017,,リ,-
800002123,痴,,203000003,13,030000038,,,031000017,,チ,-
800002124,癒,,203000003,18,030000038,,,031000017,,ユ,い(える)・い(やす)
800002125,癖,,203000003,18,030000038,,,031000017,,ヘキ,くせ
800002126,退,,203000003,9,030000009,031000006,000000006,031000015,,タイ,しりぞ（く）
800002127,遺,,203000003,15,030000009,031000006,000000006,031000017,,イ・ユイ,-
800002128,迷,,203000003,9,030000009,031000005,000000005,031000015,,メイ,まよ（う）
800002129,過,,203000003,12,030000009,031000005,000000005,031000015,,カ,す（ぎる）・あやま（ち）
800002130,適,,203000003,14,030000009,031000005,000000005,031000015,,テキ,かな（わない）
800002131,述,,203000003,8,030000009,031000005,000000005,031000016,,ジュツ,の（べる）
800002132,逆,,203000003,9,030000009,031000005,000000005,031000016,,ギャク,さか・さか（らう）
800002133,造,,203000003,10,030000009,031000005,000000005,031000016,,ゾウ,つく（る）
800002134,連,,203000003,10,030000009,031000004,000000004,031000015,,レン,つ（れる）・つら（なる）
800002135,達,,203000003,12,030000009,031000004,000000004,031000015,,タツ,（だち）
800002136,選,,203000003,15,030000009,031000004,000000004,031000015,,セン,えら（ぶ）
800002137,辺,,203000003,5,030000009,031000004,000000004,031000016,,ヘン,あた（り）
800002138,進,,203000003,11,030000009,031000003,000000003,031000014,032000009,シン,すす（む）
800002139,送,,203000003,9,030000009,031000003,000000003,031000014,032000009,ソウ,おく（る）
800002140,運,,203000003,12,030000009,031000003,000000003,031000014,032000009,ウン,はこ（ぶ）
800002141,返,,203000003,7,030000009,031000003,000000003,031000015,,ヘン,かえ（す）
800002142,追,,203000003,9,030000009,031000003,000000003,031000015,,ツイ,お（う）
800002143,速,,203000003,10,030000009,031000003,000000003,031000015,,ソク,はや（い）・すみ（やか）
800002144,遊,,203000003,12,030000009,031000003,000000003,031000015,,ユウ,あそ（び）
800002145,近,,203000003,7,030000009,031000002,000000002,031000014,032000013,キン,ちか（い）
800002146,遠,,203000003,13,030000009,031000002,000000002,031000014,032000013,エン・オン,とお（い）
800002147,週,,203000003,11,030000009,031000002,000000002,031000013,032000002,シュウ,-
800002148,道,,203000003,12,030000009,031000002,000000002,031000013,032000004,ドウ,みち
800002149,通,,203000003,10,030000009,031000002,000000002,031000014,032000009,ツウ,とお（る）・かよ（う）・とおり
800002150,込,,203000003,6,030000009,,,031000015,,-,こ（める）
800002151,迎,,203000003,8,030000009,,,031000015,,ゲイ,むか(える)
800002152,逃,,203000003,9,030000009,,,031000015,,トウ,に(げる)・のが(す)
800002153,途,,203000003,10,030000009,,,031000015,,ト,-
800002154,遅,,203000003,12,030000009,,,031000015,,チ,おく(れる)・おそ(い)
800002155,違,,203000003,13,030000009,,,031000015,,イ,ちが(う)
800002156,迅,,203000003,6,030000009,,,031000017,,ジン,-
800002157,迫,,203000003,8,030000009,,,031000017,,ハク,せま(る)
800002158,迭,,203000003,8,030000009,,,031000017,,テツ,-
800002159,透,,203000003,10,030000009,,,031000017,,トウ,す(く)・す(かす)・す(ける)
800002160,逐,,203000003,10,030000009,,,031000017,,チク,-
800002161,逓,,203000003,10,030000009,,,031000017,,テイ,-
800002162,逝,,203000003,10,030000009,,,031000017,,セイ,ゆ(く)・い(く)
800002163,逮,,203000003,11,030000009,,,031000017,,タイ,-
800002164,逸,,203000003,11,030000009,,,031000017,,イツ,そ(れる)・そ(らす)
800002165,遂,,203000003,12,030000009,,,031000017,,スイ,と(げる)
800002166,遇,,203000003,12,030000009,,,031000017,,グウ,-
800002167,遍,,203000003,12,030000009,,,031000017,,ヘン,あまね(く)
800002168,遣,,203000003,13,030000009,,,031000017,,ケン,つか(う)・つか(わす)
800002169,遭,,203000003,14,030000009,,,031000017,,ソウ,あ(う)
800002170,遮,,203000003,14,030000009,,,031000017,,シャ,さえぎ(る)
800002171,遵,,203000003,15,030000009,,,031000017,,ジュン,-
800002172,遷,,203000003,15,030000009,,,031000017,,セン,うつ(る)、うつ(す)
800002173,避,,203000003,16,030000009,,,031000017,,ヒ,さ(ける)
800002174,還,,203000003,16,030000009,,,031000017,,カン,-